/*
Navicat MySQL Data Transfer

Source Server         : 本地
Source Server Version : 50525
Source Host           : localhost:3306
Source Database       : jeetc

Target Server Type    : MYSQL
Target Server Version : 50525
File Encoding         : 65001

Date: 2017-03-21 08:50:32
*/

SET FOREIGN_KEY_CHECKS=0;

-- ----------------------------
-- Table structure for act_evt_log
-- ----------------------------
DROP TABLE IF EXISTS `act_evt_log`;
CREATE TABLE `act_evt_log` (
  `LOG_NR_` bigint(20) NOT NULL AUTO_INCREMENT,
  `TYPE_` varchar(64) COLLATE utf8_bin DEFAULT NULL,
  `PROC_DEF_ID_` varchar(64) COLLATE utf8_bin DEFAULT NULL,
  `PROC_INST_ID_` varchar(64) COLLATE utf8_bin DEFAULT NULL,
  `EXECUTION_ID_` varchar(64) COLLATE utf8_bin DEFAULT NULL,
  `TASK_ID_` varchar(64) COLLATE utf8_bin DEFAULT NULL,
  `TIME_STAMP_` timestamp NOT NULL DEFAULT CURRENT_TIMESTAMP ON UPDATE CURRENT_TIMESTAMP,
  `USER_ID_` varchar(255) COLLATE utf8_bin DEFAULT NULL,
  `DATA_` longblob,
  `LOCK_OWNER_` varchar(255) COLLATE utf8_bin DEFAULT NULL,
  `LOCK_TIME_` timestamp NULL DEFAULT NULL,
  `IS_PROCESSED_` tinyint(4) DEFAULT '0',
  PRIMARY KEY (`LOG_NR_`)
) ENGINE=InnoDB DEFAULT CHARSET=utf8 COLLATE=utf8_bin;

-- ----------------------------
-- Records of act_evt_log
-- ----------------------------

-- ----------------------------
-- Table structure for act_ge_bytearray
-- ----------------------------
DROP TABLE IF EXISTS `act_ge_bytearray`;
CREATE TABLE `act_ge_bytearray` (
  `ID_` varchar(64) COLLATE utf8_bin NOT NULL DEFAULT '',
  `REV_` int(11) DEFAULT NULL,
  `NAME_` varchar(255) COLLATE utf8_bin DEFAULT NULL,
  `DEPLOYMENT_ID_` varchar(64) COLLATE utf8_bin DEFAULT NULL,
  `BYTES_` longblob,
  `GENERATED_` tinyint(4) DEFAULT NULL,
  PRIMARY KEY (`ID_`),
  KEY `ACT_FK_BYTEARR_DEPL` (`DEPLOYMENT_ID_`),
  CONSTRAINT `ACT_FK_BYTEARR_DEPL` FOREIGN KEY (`DEPLOYMENT_ID_`) REFERENCES `act_re_deployment` (`ID_`)
) ENGINE=InnoDB DEFAULT CHARSET=utf8 COLLATE=utf8_bin;

-- ----------------------------
-- Records of act_ge_bytearray
-- ----------------------------
INSERT INTO `act_ge_bytearray` VALUES ('4274b11ed81044c7a98a8aa382f1ebbc', '1', 'leave.bpmn20.xml', 'e08dd2faf5a5449f92324c839e84a29b', 0x3C3F786D6C2076657273696F6E3D22312E302220656E636F64696E673D225554462D38223F3E0A3C646566696E6974696F6E7320786D6C6E733D22687474703A2F2F7777772E6F6D672E6F72672F737065632F42504D4E2F32303130303532342F4D4F44454C2220786D6C6E733A7873693D22687474703A2F2F7777772E77332E6F72672F323030312F584D4C536368656D612D696E7374616E63652220786D6C6E733A7873643D22687474703A2F2F7777772E77332E6F72672F323030312F584D4C536368656D612220786D6C6E733A61637469766974693D22687474703A2F2F61637469766974692E6F72672F62706D6E2220786D6C6E733A62706D6E64693D22687474703A2F2F7777772E6F6D672E6F72672F737065632F42504D4E2F32303130303532342F44492220786D6C6E733A6F6D6764633D22687474703A2F2F7777772E6F6D672E6F72672F737065632F44442F32303130303532342F44432220786D6C6E733A6F6D6764693D22687474703A2F2F7777772E6F6D672E6F72672F737065632F44442F32303130303532342F44492220747970654C616E67756167653D22687474703A2F2F7777772E77332E6F72672F323030312F584D4C536368656D61222065787072657373696F6E4C616E67756167653D22687474703A2F2F7777772E77332E6F72672F313939392F585061746822207461726765744E616D6573706163653D22636F6D2E7468696E6B67656D2E6A6565736974652E6D6F64756C65732E6F612E6C65617665223E0A20203C70726F636573732069643D226C6561766522206E616D653D22E8AFB7E58187E6B581E7A88B2220697345786563757461626C653D2274727565223E0A202020203C646F63756D656E746174696F6E3EE8AFB7E58187E6B581E7A88BE6BC94E7A4BA3C2F646F63756D656E746174696F6E3E0A202020203C73746172744576656E742069643D2273746172746576656E743122206E616D653D225374617274222061637469766974693A696E69746961746F723D226170706C79557365724964223E3C2F73746172744576656E743E0A202020203C757365725461736B2069643D22646570744C6561646572417564697422206E616D653D22E983A8E997A8E9A286E5AFBCE5AEA1E689B9222061637469766974693A63616E64696461746547726F7570733D2264657074223E3C2F757365725461736B3E0A202020203C6578636C7573697665476174657761792069643D226578636C7573697665676174657761793522206E616D653D224578636C75736976652047617465776179223E3C2F6578636C7573697665476174657761793E0A202020203C757365725461736B2069643D226D6F646966794170706C7922206E616D653D22E8B083E695B4E794B3E8AFB7222061637469766974693A61737369676E65653D22247B6170706C795573657249647D223E0A2020202020203C657874656E73696F6E456C656D656E74733E0A20202020202020203C61637469766974693A7461736B4C697374656E6572206576656E743D22636F6D706C657465222064656C656761746545787072657373696F6E3D22247B6C656176654D6F6469667950726F636573736F727D223E3C2F61637469766974693A7461736B4C697374656E65723E0A2020202020203C2F657874656E73696F6E456C656D656E74733E0A202020203C2F757365725461736B3E0A202020203C757365725461736B2069643D226872417564697422206E616D653D22E4BABAE4BA8BE5AEA1E689B9222061637469766974693A63616E64696461746547726F7570733D226872223E3C2F757365725461736B3E0A202020203C6578636C7573697665476174657761792069643D226578636C7573697665676174657761793622206E616D653D224578636C75736976652047617465776179223E3C2F6578636C7573697665476174657761793E0A202020203C757365725461736B2069643D227265706F72744261636B22206E616D653D22E99480E58187222061637469766974693A61737369676E65653D22247B6170706C795573657249647D223E0A2020202020203C657874656E73696F6E456C656D656E74733E0A20202020202020203C61637469766974693A7461736B4C697374656E6572206576656E743D22636F6D706C657465222064656C656761746545787072657373696F6E3D22247B6C656176655265706F727450726F636573736F727D223E3C2F61637469766974693A7461736B4C697374656E65723E0A2020202020203C2F657874656E73696F6E456C656D656E74733E0A202020203C2F757365725461736B3E0A202020203C656E644576656E742069643D22656E646576656E743122206E616D653D22456E64223E3C2F656E644576656E743E0A202020203C6578636C7573697665476174657761792069643D226578636C7573697665676174657761793722206E616D653D224578636C75736976652047617465776179223E3C2F6578636C7573697665476174657761793E0A202020203C73657175656E6365466C6F772069643D22666C6F77322220736F757263655265663D2273746172746576656E743122207461726765745265663D22646570744C65616465724175646974223E3C2F73657175656E6365466C6F773E0A202020203C73657175656E6365466C6F772069643D22666C6F77332220736F757263655265663D22646570744C6561646572417564697422207461726765745265663D226578636C75736976656761746577617935223E3C2F73657175656E6365466C6F773E0A202020203C73657175656E6365466C6F772069643D22666C6F773422206E616D653D22E4B88DE5908CE6848F2220736F757263655265663D226578636C7573697665676174657761793522207461726765745265663D226D6F646966794170706C79223E0A2020202020203C636F6E646974696F6E45787072657373696F6E207873693A747970653D2274466F726D616C45787072657373696F6E223E3C215B43444154415B247B21646570744C6561646572506173737D5D5D3E3C2F636F6E646974696F6E45787072657373696F6E3E0A202020203C2F73657175656E6365466C6F773E0A202020203C73657175656E6365466C6F772069643D22666C6F773522206E616D653D22E5908CE6848F2220736F757263655265663D226578636C7573697665676174657761793522207461726765745265663D2268724175646974223E0A2020202020203C636F6E646974696F6E45787072657373696F6E207873693A747970653D2274466F726D616C45787072657373696F6E223E3C215B43444154415B247B646570744C6561646572506173737D5D5D3E3C2F636F6E646974696F6E45787072657373696F6E3E0A202020203C2F73657175656E6365466C6F773E0A202020203C73657175656E6365466C6F772069643D22666C6F77362220736F757263655265663D226872417564697422207461726765745265663D226578636C75736976656761746577617936223E3C2F73657175656E6365466C6F773E0A202020203C73657175656E6365466C6F772069643D22666C6F773722206E616D653D22E5908CE6848F2220736F757263655265663D226578636C7573697665676174657761793622207461726765745265663D227265706F72744261636B223E0A2020202020203C636F6E646974696F6E45787072657373696F6E207873693A747970653D2274466F726D616C45787072657373696F6E223E3C215B43444154415B247B6872506173737D5D5D3E3C2F636F6E646974696F6E45787072657373696F6E3E0A202020203C2F73657175656E6365466C6F773E0A202020203C73657175656E6365466C6F772069643D22666C6F77382220736F757263655265663D227265706F72744261636B22207461726765745265663D22656E646576656E7431223E3C2F73657175656E6365466C6F773E0A202020203C73657175656E6365466C6F772069643D22666C6F773922206E616D653D22E4B88DE5908CE6848F2220736F757263655265663D226578636C7573697665676174657761793622207461726765745265663D226D6F646966794170706C79223E0A2020202020203C636F6E646974696F6E45787072657373696F6E207873693A747970653D2274466F726D616C45787072657373696F6E223E3C215B43444154415B247B216872506173737D5D5D3E3C2F636F6E646974696F6E45787072657373696F6E3E0A202020203C2F73657175656E6365466C6F773E0A202020203C73657175656E6365466C6F772069643D22666C6F77313022206E616D653D22E9878DE696B0E794B3E8AFB72220736F757263655265663D226578636C7573697665676174657761793722207461726765745265663D22646570744C65616465724175646974223E0A2020202020203C636F6E646974696F6E45787072657373696F6E207873693A747970653D2274466F726D616C45787072657373696F6E223E3C215B43444154415B247B72654170706C797D5D5D3E3C2F636F6E646974696F6E45787072657373696F6E3E0A202020203C2F73657175656E6365466C6F773E0A202020203C73657175656E6365466C6F772069643D22666C6F7731312220736F757263655265663D226D6F646966794170706C7922207461726765745265663D226578636C75736976656761746577617937223E3C2F73657175656E6365466C6F773E0A202020203C73657175656E6365466C6F772069643D22666C6F77313222206E616D653D22E7BB93E69D9FE6B581E7A88B2220736F757263655265663D226578636C7573697665676174657761793722207461726765745265663D22656E646576656E7431223E0A2020202020203C636F6E646974696F6E45787072657373696F6E207873693A747970653D2274466F726D616C45787072657373696F6E223E3C215B43444154415B247B2172654170706C797D5D5D3E3C2F636F6E646974696F6E45787072657373696F6E3E0A202020203C2F73657175656E6365466C6F773E0A20203C2F70726F636573733E0A20203C62706D6E64693A42504D4E4469616772616D2069643D2242504D4E4469616772616D5F6C65617665223E0A202020203C62706D6E64693A42504D4E506C616E652062706D6E456C656D656E743D226C65617665222069643D2242504D4E506C616E655F6C65617665223E0A2020202020203C62706D6E64693A42504D4E53686170652062706D6E456C656D656E743D2273746172746576656E7431222069643D2242504D4E53686170655F73746172746576656E7431223E0A20202020202020203C6F6D6764633A426F756E6473206865696768743D2233352E30222077696474683D2233352E302220783D2231302E302220793D2239302E30223E3C2F6F6D6764633A426F756E64733E0A2020202020203C2F62706D6E64693A42504D4E53686170653E0A2020202020203C62706D6E64693A42504D4E53686170652062706D6E456C656D656E743D22646570744C65616465724175646974222069643D2242504D4E53686170655F646570744C65616465724175646974223E0A20202020202020203C6F6D6764633A426F756E6473206865696768743D2235352E30222077696474683D223130352E302220783D2239302E302220793D2238302E30223E3C2F6F6D6764633A426F756E64733E0A2020202020203C2F62706D6E64693A42504D4E53686170653E0A2020202020203C62706D6E64693A42504D4E53686170652062706D6E456C656D656E743D226578636C75736976656761746577617935222069643D2242504D4E53686170655F6578636C75736976656761746577617935223E0A20202020202020203C6F6D6764633A426F756E6473206865696768743D2234302E30222077696474683D2234302E302220783D223235302E302220793D2238372E30223E3C2F6F6D6764633A426F756E64733E0A2020202020203C2F62706D6E64693A42504D4E53686170653E0A2020202020203C62706D6E64693A42504D4E53686170652062706D6E456C656D656E743D226D6F646966794170706C79222069643D2242504D4E53686170655F6D6F646966794170706C79223E0A20202020202020203C6F6D6764633A426F756E6473206865696768743D2235352E30222077696474683D223130352E302220783D223231382E302220793D223139302E30223E3C2F6F6D6764633A426F756E64733E0A2020202020203C2F62706D6E64693A42504D4E53686170653E0A2020202020203C62706D6E64693A42504D4E53686170652062706D6E456C656D656E743D2268724175646974222069643D2242504D4E53686170655F68724175646974223E0A20202020202020203C6F6D6764633A426F756E6473206865696768743D2235352E30222077696474683D223130352E302220783D223335382E302220793D2238302E30223E3C2F6F6D6764633A426F756E64733E0A2020202020203C2F62706D6E64693A42504D4E53686170653E0A2020202020203C62706D6E64693A42504D4E53686170652062706D6E456C656D656E743D226578636C75736976656761746577617936222069643D2242504D4E53686170655F6578636C75736976656761746577617936223E0A20202020202020203C6F6D6764633A426F756E6473206865696768743D2234302E30222077696474683D2234302E302220783D223439352E302220793D2238372E30223E3C2F6F6D6764633A426F756E64733E0A2020202020203C2F62706D6E64693A42504D4E53686170653E0A2020202020203C62706D6E64693A42504D4E53686170652062706D6E456C656D656E743D227265706F72744261636B222069643D2242504D4E53686170655F7265706F72744261636B223E0A20202020202020203C6F6D6764633A426F756E6473206865696768743D2235352E30222077696474683D223130352E302220783D223539302E302220793D2238302E30223E3C2F6F6D6764633A426F756E64733E0A2020202020203C2F62706D6E64693A42504D4E53686170653E0A2020202020203C62706D6E64693A42504D4E53686170652062706D6E456C656D656E743D22656E646576656E7431222069643D2242504D4E53686170655F656E646576656E7431223E0A20202020202020203C6F6D6764633A426F756E6473206865696768743D2233352E30222077696474683D2233352E302220783D223632352E302220793D223238332E30223E3C2F6F6D6764633A426F756E64733E0A2020202020203C2F62706D6E64693A42504D4E53686170653E0A2020202020203C62706D6E64693A42504D4E53686170652062706D6E456C656D656E743D226578636C75736976656761746577617937222069643D2242504D4E53686170655F6578636C75736976656761746577617937223E0A20202020202020203C6F6D6764633A426F756E6473206865696768743D2234302E30222077696474683D2234302E302220783D223235302E302220793D223238302E30223E3C2F6F6D6764633A426F756E64733E0A2020202020203C2F62706D6E64693A42504D4E53686170653E0A2020202020203C62706D6E64693A42504D4E456467652062706D6E456C656D656E743D22666C6F773132222069643D2242504D4E456467655F666C6F773132223E0A20202020202020203C6F6D6764693A776179706F696E7420783D223238392E39373331393033343835323534362220793D223330302E3032363830393635313437343534223E3C2F6F6D6764693A776179706F696E743E0A20202020202020203C6F6D6764693A776179706F696E7420783D223632352E303030303135373635303334332220793D223330302E3437363531303038383237353233223E3C2F6F6D6764693A776179706F696E743E0A20202020202020203C62706D6E64693A42504D4E4C6162656C3E0A202020202020202020203C6F6D6764633A426F756E6473206865696768743D22302E30222077696474683D22302E302220783D223238392E39373331393033343835323534362220793D223330302E3032363830393635313437343534223E3C2F6F6D6764633A426F756E64733E0A20202020202020203C2F62706D6E64693A42504D4E4C6162656C3E0A2020202020203C2F62706D6E64693A42504D4E456467653E0A2020202020203C62706D6E64693A42504D4E456467652062706D6E456C656D656E743D22666C6F7733222069643D2242504D4E456467655F666C6F7733223E0A20202020202020203C6F6D6764693A776179706F696E7420783D223139352E302220793D223130372E3239343131373634373035383833223E3C2F6F6D6764693A776179706F696E743E0A20202020202020203C6F6D6764693A776179706F696E7420783D223235302E3037383132352220793D223130372E303738313235223E3C2F6F6D6764693A776179706F696E743E0A2020202020203C2F62706D6E64693A42504D4E456467653E0A2020202020203C62706D6E64693A42504D4E456467652062706D6E456C656D656E743D22666C6F773131222069643D2242504D4E456467655F666C6F773131223E0A20202020202020203C6F6D6764693A776179706F696E7420783D223237302E333333333333333333333333332220793D223234352E30223E3C2F6F6D6764693A776179706F696E743E0A20202020202020203C6F6D6764693A776179706F696E7420783D223237302E31323034383139323737313038342220793D223238302E3132303438313932373731303834223E3C2F6F6D6764693A776179706F696E743E0A2020202020203C2F62706D6E64693A42504D4E456467653E0A2020202020203C62706D6E64693A42504D4E456467652062706D6E456C656D656E743D22666C6F7732222069643D2242504D4E456467655F666C6F7732223E0A20202020202020203C6F6D6764693A776179706F696E7420783D2234352E302220793D223130372E35223E3C2F6F6D6764693A776179706F696E743E0A20202020202020203C6F6D6764693A776179706F696E7420783D2239302E302220793D223130372E35223E3C2F6F6D6764693A776179706F696E743E0A2020202020203C2F62706D6E64693A42504D4E456467653E0A2020202020203C62706D6E64693A42504D4E456467652062706D6E456C656D656E743D22666C6F773130222069643D2242504D4E456467655F666C6F773130223E0A20202020202020203C6F6D6764693A776179706F696E7420783D223235302E31353530333837353936383939322220793D223239392E3834343936313234303331303036223E3C2F6F6D6764693A776179706F696E743E0A20202020202020203C6F6D6764693A776179706F696E7420783D223134322E302220793D223239392E30223E3C2F6F6D6764693A776179706F696E743E0A20202020202020203C6F6D6764693A776179706F696E7420783D223134322E34323831393834333334323033362220793D223133352E30223E3C2F6F6D6764693A776179706F696E743E0A20202020202020203C62706D6E64693A42504D4E4C6162656C3E0A202020202020202020203C6F6D6764633A426F756E6473206865696768743D22302E30222077696474683D22302E302220783D223235302E31353530333837353936383939322220793D223239392E3834343936313234303331303036223E3C2F6F6D6764633A426F756E64733E0A20202020202020203C2F62706D6E64693A42504D4E4C6162656C3E0A2020202020203C2F62706D6E64693A42504D4E456467653E0A2020202020203C62706D6E64693A42504D4E456467652062706D6E456C656D656E743D22666C6F7735222069643D2242504D4E456467655F666C6F7735223E0A20202020202020203C6F6D6764693A776179706F696E7420783D223238392E39323930373830313431383433372220793D223130372E30373039323139383538313536223E3C2F6F6D6764693A776179706F696E743E0A20202020202020203C6F6D6764693A776179706F696E7420783D223335382E302220793D223130372E3331333136373235393738363437223E3C2F6F6D6764693A776179706F696E743E0A20202020202020203C62706D6E64693A42504D4E4C6162656C3E0A202020202020202020203C6F6D6764633A426F756E6473206865696768743D22302E30222077696474683D22302E302220783D223238392E39323930373830313431383433372220793D223130372E30373039323139383538313536223E3C2F6F6D6764633A426F756E64733E0A20202020202020203C2F62706D6E64693A42504D4E4C6162656C3E0A2020202020203C2F62706D6E64693A42504D4E456467653E0A2020202020203C62706D6E64693A42504D4E456467652062706D6E456C656D656E743D22666C6F7734222069643D2242504D4E456467655F666C6F7734223E0A20202020202020203C6F6D6764693A776179706F696E7420783D223237302E303930303930303930303930312220793D223132362E3930393930393930393930393931223E3C2F6F6D6764693A776179706F696E743E0A20202020202020203C6F6D6764693A776179706F696E7420783D223237302E333735353635363130383539372220793D223139302E30223E3C2F6F6D6764693A776179706F696E743E0A20202020202020203C62706D6E64693A42504D4E4C6162656C3E0A202020202020202020203C6F6D6764633A426F756E6473206865696768743D22302E30222077696474683D22302E302220783D223237302E303930303930303930303930312220793D223132362E3930393930393930393930393931223E3C2F6F6D6764633A426F756E64733E0A20202020202020203C2F62706D6E64693A42504D4E4C6162656C3E0A2020202020203C2F62706D6E64693A42504D4E456467653E0A2020202020203C62706D6E64693A42504D4E456467652062706D6E456C656D656E743D22666C6F7737222069643D2242504D4E456467655F666C6F7737223E0A20202020202020203C6F6D6764693A776179706F696E7420783D223533342E3932313837352220793D223130372E303738313235223E3C2F6F6D6764693A776179706F696E743E0A20202020202020203C6F6D6764693A776179706F696E7420783D223539302E302220793D223130372E3239343131373634373035383833223E3C2F6F6D6764693A776179706F696E743E0A20202020202020203C62706D6E64693A42504D4E4C6162656C3E0A202020202020202020203C6F6D6764633A426F756E6473206865696768743D22302E30222077696474683D22302E302220783D223533342E3932313837352220793D223130372E303738313235223E3C2F6F6D6764633A426F756E64733E0A20202020202020203C2F62706D6E64693A42504D4E4C6162656C3E0A2020202020203C2F62706D6E64693A42504D4E456467653E0A2020202020203C62706D6E64693A42504D4E456467652062706D6E456C656D656E743D22666C6F7736222069643D2242504D4E456467655F666C6F7736223E0A20202020202020203C6F6D6764693A776179706F696E7420783D223436332E302220793D223130372E32343838303338323737353132223E3C2F6F6D6764693A776179706F696E743E0A20202020202020203C6F6D6764693A776179706F696E7420783D223439352E303935323338303935323338312220793D223130372E30393532333830393532333831223E3C2F6F6D6764693A776179706F696E743E0A2020202020203C2F62706D6E64693A42504D4E456467653E0A2020202020203C62706D6E64693A42504D4E456467652062706D6E456C656D656E743D22666C6F7739222069643D2242504D4E456467655F666C6F7739223E0A20202020202020203C6F6D6764693A776179706F696E7420783D223531342E383139383139383139383139382220793D223132362E3831393831393831393831393831223E3C2F6F6D6764693A776179706F696E743E0A20202020202020203C6F6D6764693A776179706F696E7420783D223531342E302220793D223231372E30223E3C2F6F6D6764693A776179706F696E743E0A20202020202020203C6F6D6764693A776179706F696E7420783D223332332E302220793D223231372E3339323139373132353235363637223E3C2F6F6D6764693A776179706F696E743E0A20202020202020203C62706D6E64693A42504D4E4C6162656C3E0A202020202020202020203C6F6D6764633A426F756E6473206865696768743D22302E30222077696474683D22302E302220783D223531342E383139383139383139383139382220793D223132362E3831393831393831393831393831223E3C2F6F6D6764633A426F756E64733E0A20202020202020203C2F62706D6E64693A42504D4E4C6162656C3E0A2020202020203C2F62706D6E64693A42504D4E456467653E0A2020202020203C62706D6E64693A42504D4E456467652062706D6E456C656D656E743D22666C6F7738222069643D2242504D4E456467655F666C6F7738223E0A20202020202020203C6F6D6764693A776179706F696E7420783D223634322E352220793D223133352E30223E3C2F6F6D6764693A776179706F696E743E0A20202020202020203C6F6D6764693A776179706F696E7420783D223634322E352220793D223238332E30223E3C2F6F6D6764693A776179706F696E743E0A2020202020203C2F62706D6E64693A42504D4E456467653E0A202020203C2F62706D6E64693A42504D4E506C616E653E0A20203C2F62706D6E64693A42504D4E4469616772616D3E0A3C2F646566696E6974696F6E733E, '0');
INSERT INTO `act_ge_bytearray` VALUES ('462e8de1fbd1420297952b83d8179cea', '1', 'leave.leave.png', 'cfa612b47eee4250bd183b4a269e3bbe', 0x89504E470D0A1A0A0000000D49484452000002D90000015E080600000050100363000032F54944415478DAEDDD0B945C559D3FFAE8E88CFEF1C51DFC3B5CF532CEDF3F97E562BC5C07FFC87270220B2128830C9A34D59D8456868811C86340602037B9442E088C24DD098883BC4410C3D34840D20F92189321A00CF208222084F04888C86B02043C77FF2A75DA4AA53BDD9DAEEEAEEAFE7CD6DAAB9EDD9D9C53BFBDBFB56BD73963C6000000C36B7A6BE71133172EFB70D7ED968E23672E68DBB3A7E7CF99F3E33F9F36BFE33BDDFEAE0B96EFFE8D056D7F99DF9E39BFEDB3335ADA0FAE7CDE8CEFB47F705A6B67C3F4F91DA79D38BFE3EFE2FA8C96CE83A24D6F692F9CD0B2FCFDF60C0000752902730ABA33B706E4CE7D4A21F7B262E09DDF3125C2F7D72F5CB16B1E808BADB5FDB8692D1D677585E2F4F327B4B47D6CEBEF9BF3D6E92D9D4BFE6541FB1EF1D8CCF91D9F4FA17D415C9FD6D279CA9CCB3ADF91FFDD192D1DE77685F696F6E3F37F53BA7EBE3D030040DD9AD6DA3E7ECE9CCEB7C58C721E80230C573E2F42F3B4059D876D0DD61DFFEFF4F9ED27E5817BEAC2CE77953F37027704F3B89E9E33377E6FFC8DFCF113E777EE5D0CE7AD1D17C7CF1783786BC7ACB2D07E9A3D0300404D2ACE1EB7761CFE72967DF3C92C9B1597795BF25CF6FD2CCB165CF8F3AC63E59B594BBAFED5D4BE96DAE5F3DA36A5A767575D7E4FF660BAFCC708DDE9724284E162089FDFF19D98B1DEFA37B6CE466FBDDE7EF08C0BDAFE66C6C2CE8FC60C782C019972F1E2FF96CF5AE73F1397A599EE1FC7ED08ECF1EFFCD372918E05F61E0000352985D749B104E4BE2C3B27027484EB74FDEC2D5976D2F75667B7A7FB0EBC7A6D76DDBFB476EE15CF4FB70F8DF5D171F9D34DD9F763F6399685147F574BFBF4AE75D3F33BAE2B5B3F7D59FEF74E6859F29E08E2D166B4764C8D2520713D7E67ACF3CE67B7B7FEDB3A4F8F16B3E279F8B64C040080DA0FD9AD1D2D71F9CB17B2D6B8CCC36C29809F1421FC812C5BF16A0ADDA599EC6B52BBE2A12C5B9A2E6F4EEDCA1F3C90DD902E0FB97855F1BE3F4F61F9C2D4AE9831BF735C713D770AF1E57F3382F89F66AED3E3AD1DB3E2EFC4171DFF14C6DB3E16E13A7E47CC7A6F0DECED07A7E7CD8B9F9F36AFEDE3F61E000035295F5B7DE393D90F22C83E9E65739EC8B2E2DAE74B7F99DD12C1F7AEDF670B63C63A9685A476ED53597646CC78FF616BD0FE4A04E198E98EE744308E651E119C53183E26FFB2E3D6E0BCE43DF1F7628DF5D610DF797A7ADEA76326BB7C867A6B006F3F383DEF2B71FD4FF76DFD92A4BD0600404D8BB5CD317B3DBFFD959571F9DB2C9B1B87C74BE1799FD42E4C6DFCDA2CFB565CAE78235BB025CB6EB92FCB3AD2ED4B6F5897DD9B2E9BA7B776CE4E97FF907FC171EB97143B8F88DF3F637E7B0AEFEDE7E487FF8BE76E3D345FFBF898A19EDED2D914E13B968EC4E37138BF7CC948FCDBE2F7E5CB4E62594A7CB1B278F8C0F43C7B0F00809AB335DCB61F9702F2672EFF55F6D374F9F50B7FFEC7CE74F98DEB9EC8AE4E9733DE4C6D464BC73F44B0FD7996B546F05E9915BF0479EAA2C7B2FF8CF0FBE347B31FE56BB68BE1787EFBA4F2DBD3E675EC975F8F99EEB89D1F633BD6716F0DE31DD71567B9D3DFEA7A6E69C6BB7C090B0000D4B4FC0B885BB26C660ACD93A62F68DB3F5D1E11A176F91BC540FD8E38BE752CD5882F26C6329098D14E6D5A2C03793CCBFE9FE21290149AE3D216050060D48B59E4588E915F6EF358E90B9171992F03B96865D61E97D73F955D19676D8CA0FDA307B3EB8A6BB1E7B7FFA0FC38D70000302AE587DECB2F439CAA3C4E00F366964D8FCB2CCB8E8F2F27A6CBFF7ED9D625255F5DB06CCBB2EFFE226B4BD78FBBF90FD9F7630D75F9A1F700000000000000000000000000000000000000000000A01EC429D867CE6FFB6C9C7D72C6FCCE71D35A3B1B66B474CE9D7359E73BCA9F573C86774B7BA1F2E7E3672B9F9B9BDED2B1A0BBFBA7CD6BFB786A1FD8E6BE96CE539CC21D0080BA170139CBB2CFBD9C65DF7C28CBCEBAF9C9EC07713DDA4DEBB2AB52D83E684396FDEB83E9B1B87EE1CFB38E5B9ECF2E493FF3A578EE9B5936F3F759765A9CEE7DFAFC8EB83CA018D6D373D3EF38254EA0F37896CDBEE2DEECE675E93282749CB572CAC58BFF5B04F038557C3C37DAF496CE9FC4653CE71B0BDAFED2DE0100A02EC5CCF1F4D6CE2352383E245DCE8E53B8A7EB4DFF7E67765BF9F362E679FA059DFBACCDB26FC55927533B2AAE97C2715384F508CDF1BB66B4B41DB035C0777CFE992C3BE3C4F91D7F979EFF8F3F7E34FB51F9DF8D19F4E229E12364CFEF1C977EFEC2D48E9CD1D2F10FF60C0000752D85E4255BC372C7F7E3F2DC9F6EF8D5A359766679C09ED1D27E7084F0796DAFFC627A4BFBF4149ABF1633CEC59F9BDF7E522C1789CBB82F3D568899F0EB52A8FE55967D3B66B22F5CFEC7CEB83F9EBFE877D9D5E9FA31332E68FB9BAE803DBFE3B4E9AD1DB3F299EC39737EFCE7F60C00007569E682B63D53803EA714B2AFB8F9D9EC8A08D929044F8899E8784ECC38971EBFF0D6E7B34B66B4764CBDF9E9EC8AF49C8353FBE91359560CC7B12464D16FB36B63F949CC8C5FB5365BFB506999C9839BB35F3C966573D2FD5F89C77F707F7663DC9FAE1FFED367B3CBD2E5A452609F94AE1F58BCDEDA7944CC8EE7C13B9699D8630000D4BC19DF69FF607CA131AE7F7775767B2C098900FDF50B57EC1A8F45C82DCE52B7767C3ABE0C79CB73D9A5B1D4E37BFF91FD2C7E2605E24BE2CB90F125C6747DDAD937ADBFAF149E27FFDB6D2FDC99AFEFBE27CB56B66FCE2E4AF737C7E36D2F6517C7329317B3ECD40B6E7F7175D7BAECF99DA717FF5D2DED07C73293584E32ADA5E32C7B0A0080BA10E1BA14880FB933CB2EB8E189ECEAB87DD97F663F89251CF19C5823FD8307B21B629D740ACAE75CF360767D7AFEB197FD32BB255D7E3E3D76630AD89F8C59E7F3963C77777CD931FFB9F892641E9EDB5ECB56C57294FCE82111DE63167D5A6BE731B76ECA2E29FD3BC65FF7BBADFF8669AD1D871767B2E7779C366D41E7615B67B3DBCF8FD06DCF010050936296BA146C3F9FDA8C14608F8F35D111B863C947ACBF3E717EE7DE31A31DA13A8E06B264437669CC44FF47967D275D7E389693FC57969D14C139BE2879FDDDD90D27B42C794FDC5FFABD279CD0D2F6B198B18EE51ED3E675EC175FAA8CA5280BEF787D793C3E7D7EFBBCFC307FE976CC8637E6A1BAABA5C01F4B56EC3500006A5A4FC7A38E6521719CECFC7684ECAD4720E998553AB2C8B8FC98D8119E23544F6BE93871D163D935B1663BEEFF43969DFA4496DD9A9E7B6DDC8EA07DCB86ADCB4CFEEDA71BEF4EF7FF6DF1907F2DED8508E9F17B22D0C7CFA7FB8BCB52CA437604FE98F5B6D70000A84B11B0635D76B78F55AC8D8EA51B2F67D9BF5CBF2EFB612CFB88E51C11BA23A8A7B0DCF0EDC5CFDE53FA22E39405CBB62C4B979F5D9365DFDE1A9C3B66E5CB4CCA0FD9573C845F6BC7D46D42764BC7F7ED19000046BC38C45E7E3CEC3C70A7B07C6EF973662CECFC685CC6F29168D317B4ED1FCB548A613A05F1E20CF9FC8E99E587EB8B2F3BC6096AF26526C5703FAF63BF08EFB63A0000A34AE532936D1E6B699FDED3E1F7D2CFB57485F2D6F6E3E279B14E3B6E1783F605CB772F3E36BFFD07BEF40800C0A8D29F65265B03F4F2F7A7807D712C33D97A7BEB3293E2E1025B3ABE1FCB4C8AADA5E3C258171ECD56060000000000000000000000000000000000000000000000000000000000000000000000000000000000000000000000000000000000000000000000000000000000000000000000000000000000000000000000000000000000000000000000000000000000000000000000000000000000000000000000000000000000000000000000000000000000000000000000000000000000000000000000000000000000000000000000000000000000000000000000000000000000000000000000181A5996BDEDD1471F5DB47AF5EA37DBDBDBB3A54B976A35D0DADADAB2E5CB973F97DA44AF52F4179AFE02F5A93EA93351902B56ACC8366CD890BDF6DA6B5A0DB58D1B3766CB962D7B2115E897BD52D15F68FA0BD4A7FAA48EC43B5E0559D385F95A7A27FCA0572AFA0B4D7F81FA549FD491F848C98BBFB65B2ACA2D5EA9E82F34FD05EA537D524762BD90177ECD1765E6958AFE42D35FA03ED52723B0285FFEC3D3D9A36B2ECBEE6F3BB3D8E27ADCA7681425FA0BFD85FE02F5A9A94F76A2285F7A7E7D76DFCF6665FF79CBC9DBB4B82F1E53388AB286BCCF26D05FE82FD4B4FA549FEA93BA28CA75F7FF64BB82CCDB93F72F56388AB2568C4B2D2B5DA2BFD05FA869F5A93ED527B55D940F767EBBC7A28CC7148EA2AC0107A5F67C6A17942E0FB349F417FA0B35AD3ED5A7FAA4A68BF2BEA5737A2CCA784CE128CA1A198C0F2B9BFDDA6850D65FE82FD4B4FA549FEA7388CC9933E77D0B172EFCD6DCB973EF9A356BD6C6A953A7BEDED4D4941D75D451C53665CA9437BEF9CD6F3E7FE69967DE73E185175E7CC61967FC0F45A92815655D0DC6BDDD8FFE427FA1A6D5A7FA549FD572D659671D327BF6EC5F4D9C38F18F295C6737DD745376EFBDF716CF8AF4C61B6F64B94D9B36656BD7AECD6EBBEDB6ECFCF3CFCFE2F92974AF4B3F3365ECD8B16F1BAD4519DF3EEEA928E33185A32887C9B85E06DDFC71EB39F517FA0B35AD3ED5A7FAACA6E9D3A7FFF569A79D76CF3FFFF33FFF71D1A245C510DD1FAFBFFE7AB672E5CAEC8C33CEF8E3D4A9539F39F6D8630F1F8D45F9F0CA053D16653CA67014E5300EC6BD0DB666BFF417FA0B35AD3ED5A7FAACA659B3661D7FCC31C76CB9E28A2BB2575E79251BA8356BD6642964BF7EDC71C7DD347EFCF8778DA6A2DCB4FEDEECBEDB676FFFD152BA2F1E53388A72983E4E1E3748CF477FA1BF50D3EA53539FDD39F5D4532FFEC637BEF1C6DD77DF9D55D38B2FBE982D5CB8F0F5E6E6E6A752D0FEABD15294D11EBBEBCAED8A32EE53348A729806E3C376E2E75E3228EB2FF4176A5A7DAA4FF53980807DFCF1C7BF19EBAD07CBD5575FFDE6C489135F4841FBA3A3A2285F7D357BF817176DFFD152BA2F1E53388AB2C607631F33EB2FF4176A5A7DAA4FF53910B1442466B0073360E76EBEF9E65753D05E5FEF33DABD15659C01EA372B5B7B5CC3158F394B94A21C02E3AA34988E3328EB2FF4176A5A7DAA4FF5D90FF125C758837DCF3DF76443E5873FFCE1538D8D8D3FA9E7238FF45894E91DEDD30F7764BFBEED5F7B2CC8BCC573E2B9DE052BCA411E8CABF5B1B0D92FFD85FE424DAB4FF5A93EFBEAD4534FFD757CC971A84D9B36EDA9868686E3475251F6F66ED7BB6045390C1F27E783F15B523BBA74D91F953FE78B53FA0BFD859A569FEA537DF6268E831D87E9ABC65144FA6BFDFAF56F343636FEBE5028EC36528AB22FEF7677F42E582129CA419A9D8AC1F4FBA965A5CBB7F46330EEEEE7046DFD85FE424DAB4FF5A93E77244E3473C30D3764C3E59C73CEB93F85ECB3474A51EE6C41E64D2129CA41FAF8F7E8D2A09AF563502E1F8CF336B99B8FAD2D1DD15FE82FD4B4FA549FC6F37271AAF43833637F4F3453E5D9EC0D29643F578F6BB3FB7AC81F4D510EA19E06C9EE06D71D0DCADD3DFF926E9E6F3DA7FE427FA1A6D5A7663CAF74D145179D1DA74A1F6E5FFFFAD71F4A41FBEF15A526648F19936A61E94ED6436F5F88EAEBA0DCD7C1788C8F99FBBEBFF417A3B7BF50D3EA531B85E3F9DCB973EF5ABC78F1B087EC79F3E6ADACA525238A52510EA7A38E3A2A8B16AFC38686864FF5F3E3E4DE06C5DE06E5FE0EC6E57F7FE3689CD1EEEBFED25F8CDEFE424DAB4F6D148EE7B366CDDA78EFBDF70E7BC85EBD7AF53DA9083A15A52664FFE9F557D66EEDE54D5F7F3FDEED69507EEB4E0EC6BD7DAC3D2A42766FFB4B7F2164AB69F5A98DA2F17CEAD4A9AF0FC5C9677AF3CC33CF3C9D5EF84F2B4A4DC8EEF6F5D7F5A6AF9BD7E1CEAE9FEC6E507E680083F140FF3D23296477BBBFF41742B69A569FDA281ACF9B9A9AB237DE7823AB05F1A257949A90DDF3EBAFFC4D5FE9139681CE327537280F6430EEEFC7DC233A6457EE2FFD8590ADA6D5A7368AC6F37881D58A7A08D98AB2FE5A1FF6655DB6238F3C321F382F18E0CBFDADDDCC763D54BA7F202E18A9DB7E679BFE427FA1A6D5A766267BD842F6682FCAE80CCF3DF7DC6D5E508D8D8DD9CD37DF9CBDFBDDEFCEEEBBEFBEAEC79E7AEAA9E2F3E3BE871F7E38FBC217BE506CF1DC0F7FF8C3D9F7BEF7BD6D7EF7DAB56B8BCF8F9F5BB56A553661C284629B3C7972F167E2B1F29FB9F3CE3BB37FFAA77FEA7A4E4FCFEBE9FF71FEF9E7F7FA9C934E3AA978FDDA6BAFCD366FDEDC75FF55575D6526BBFBB626BDB93BACEC7097033DBDF28E66BDFA73720B33D97DD85FB53288C7FE8D7EA5AFCF8FBADF73CF3DFBF5FB6BA5FEEB60265B4DABCF9DAAE1CA7138EA28AFD318E7CB1F5BB97265F6D18F7E344BFFD7623D7FFCE31FEFCA01717B975D7611B247F29AEC8D1B373E55E36BB207B528972D5B567CA1CF9D3BB7583C512C510CD1F262291F7C223077767666FBEDB75FF6A52F7D298BB375E68354B42898430E39649BBFF1F6B7BF3D7BEF7BDF1BEBDFBB9E7BCB2DB7147F6FFC7CE5BFE9FDEF7F7F76E08107765BDC958360FEEFCF83F8EEBBEF9E1D70C001C5EBD1AEBFFEFAEC231FF9C876BFE7924B2EE9BA7EE59557765D8FFFBF90BDC381B872F07B6990D66FEECCA06C4D760FFBAB96427677B51D2DFA86E857A295D773B4BC9E2FBDF4D2E2EF78F2C9276BBEFE6B3864AB69F539E0901D979FFBDCE78AAFDBABAFBE3A5BB4685171E22DEE6F6F6FDFE6F977DD7557F1F291471E295EC6735F7AE9A5AEC76FBCF14621BBDA4E3FFDF4E7EEBFFFFE5A39BAC88AD15A94F1428F779AF9ED5B6FBDB5EB851FB3D4F1587E5FF92CF6EDB7DFDEEDEFAB0CD9F1FBE3F90F3CF040F13206BD18E02274A7375A5D33D4E5613B06BD5D77DD359B3973E67633D9F17BF201B6BB81316EC71B86F2807FDA69A715AF3FF6D8635DBFE7339FF94CF1EFC4F578E390FF6C1CF1262EE7CF9F3FDA43F6AA42A170441F4ED4D4DF59A69E0EE9D5DD9108FA33288FF6A38BEC707FD552C88E37D13D3D1EFD40F43BD1875486EC1898F7DA6BAFED7E5FADD67F0D866C35AD3E07D462067AC58A15DBD46BECD7A8CBA8CF77BEF39DD90B2FBCB05D8DE6E3FFC2850BBBEAECD0430FDD665C17B2AB2C8E93BD64C9929A384E762A80F3467351C68B3C826C0C4271FDF1C71FEF0AD971B96EDDBAAEE7C66C74DCD7D3DFAF0CD9F1DC134F3CB1F8BBE2F77EED6B5F2BDE17851805D6DD3BD93DF6D8A3380856FEEE08FCCF3FFFFC36335911E2E35D733E73158F7DF5AB5F2D5E8F2527F1FFEAEEFF5B3E93F5810F7CA0F8A621AEC7AC57CC8E8DE299EC1DCD720D74B6A9B763E6BE652707E57DC78CDEE364F7697FD5C2201E33D5B14FFFE22FFE6287CF8BC13A96A85586ECDD76DBAD58D3959304B55AFF3514B2D5B4FAAC5A568859EB982C8B601D9731AB1D6F64A34EE393E6F2FA8EDBE59922C2756481E80BF24FB5CB27F984EC2A4AEF68CE3FEBACB3863D641F7FFCF1F7A542183B1A8B3266A56330DA7BEFBDB3D6D6D662408EA289901B05148FC700160592FFCCA64D9BFA3C931D3344B1BE3A2FCEF8A8B772C6E89E7BEED92E64C7DF8CFBF6DF7FFFE2C751DFFDEE77B34F7CE213C5CB78A71CD72B0B3F06E6FC7A1EDE63063E66CCBBEB2822C4E71F61C5BBF3FCFED80E4EABBE537A9B75EAEB4929FA3B28E71F6F1F31869A1EC4A3CE627FC6A754E54BCC2A5B7CAF235A65C88EB59C9521BB96EB7F04F4176A7A14D5676F2DC6F37C22AEFC13EF58DE95BFC98D4F95E2BE785EBC018E313B6EE7B92166B2631231968BE69F50C71B6A217B109C7CF2C97F75F4D147FF313E6E18C663646F28140A2F373737BF63B41665BCF82350E71FCFC6C7AB954B42CA8BAA3F213B5ABC6B8DDFBBCF3EFB1403731EAACBDFD9E6213B5E0B11ACA3E5455BBE54243EC28D41B072763D6E7FFAD39FDE6E262B06E72F7EF18B5DCF8BBF155F781A53F6C58DCA017AB4AFC91EA09E66BFFA7BD6B7BE0ECAF9DF13B0EB60101F535A8F1DDFE988EB3B5A32925F8F601D2DFF1264FC5C6540AFD5FA1F21FD859A16B2B79994CB3F099A3D7BF6764B3DF27C10FF9F587F9DD755BE56BBBCD6366EDCD8D517ECE84DB7903D00A79C72CA6FEFB8E38E610BD90B162CB8ABA1A1E1DF477351C6B28DCA409D07DFFC4B86E5D7FB1BB2CBBF1839A6EC0B1079D195AFD52E1F60CB0B32BFDDD33AC9BE0EB2B1D425FFE245F95295F2C2CFFFEFE5EBBE85EC7ECF7E557ECC7BF498FE1F33B7BB4179723F66D9A8A1413C5F2A52FE69D639E79CB3CD7362F62BD66946EBEE8B8FB366CDCAA64F9FDED57FD47AFD8FA0FE424D0BD9DBACC1CEDF8CEE6826BBBC3EF3F13E66B2A32E63922DFFC43A26DECC640F92534F3DB570D24927BD391C87F24B2F962D8D8D8DBF6F6A6AFAD0682ECAFC8B89E58354FE915004E2F446689B77ABFD0DD9F16E75F1E2C5C599F0BCF0E2A3E0989DCA07B7EE7E573EE39DAFD7DA51C82EFF6266F9001A1F6F75F7858A31156B326360CDC37FFC1BE3DF558D77D6A33464970F96E3BA195CFB73528A9E7E6E541DA66F240CE2634ADFFBA8ACEFFCC81E79108F56FE51726F6BB26BB9FE47587FA1A685ECAE9A89FACD27C8A25EBB9BC9EE2E64574E9C557E9159C81E0453A74E7D26BEAD3AD4E6CE9D7BEF51471DD53ADA8B32FF22617EC89D31655F788CD9EB289ACA8F8CC6541CA2275ABC332DBD088B470D297F2CD6658F297D61226EE7C5194B3EF2355BE5EF7CF316EBAF63BD64FEA5A47CB6BBB70E201F64BB7B4391BFA9B8FCF2CBBB9E9F7F5C1597F94760F9110984ECAA7DCCFC96D2AC557F0FE155F973E3C608D8753588473D75178EF32F45C5E142CB9788947F292A66C6F2813906EADE8E42504BF53F02FB0B352D6477D54C1EA8F3713DFF34AA7C72ACF213A2BC962398E74B3F63124EC81E4453A64C39F8D8638F7D3DC2DE50F9E52F7FF970A150F8EDF8F1E3DFA5287B2EA4F277A8952796C9D75B95B77C3628FF48B8F258D931C31DDFDCAF0CE851649FFCE4277BFC98393F2667DA6F030AD9D122A88FA9F8B2537E5D510EFAA03C181F5B53A38378BC898E2377ECE818B8310B3DA69BA315C532B6FC107BE527C9AAA7FA1FA1FD859A1EE5213BC6EFF2635CE7C1395F8A152799E9E9107E9111E253ECFC4D6E3E69D7DB49E6D4E7001D77DC71D7CD9B376FCB502C1B493BF5955826925E0807294A4D51D6CDA03CEA4E34A3BFD05FA869F5A9A9CF018BC3D57DE52B5F79ECCA2BAF7C7D3003F6860D1BDE686E6E7EAA50284C57949AA21C3203FD38D81211FD85FE424DAB4F4D7DEEAC147C779B3469D2A61B6EB8E1B5C19AC12E05ECB315A5A628876D50EEEFAC952F39EA2FF4176A5A7D6AEA73A0E2481F13274E5C7FE9A5973E53ED35D8B1446424CC602B4A4559C7FAFBF1B08F93F517FA0B35AD3E35F559CD19ED14887F12471D79FCF1C75F1DE861FAE22822F125C77A5F83AD2815E5280BDA715A656772D45FE82FD4B4FAD4D467B53534341C9FC2F6B3DFFAD6B77EFDC8238F3CD3DF33392E5CB8704DCC5E1F75D45117D5F3514414A5A21C81C69506DB713B787CA3C1587FA1BF50D3EA53539F8324C2710AC973525B3765CA9487CE3DF7DC559D9D9DBF7CE289271E2F0FD59B366D7A76F5EAD5F7CC9B376FE5F1C71F7F5F9C2A3DCEE458AF279A51948A7214CF68FB38597FA1BF50D3EA53539F433CB3FDA952E0BE35B5C752DB925A566A4FA7B62AB5F3521BDBDCDCFC0E45A929CABA1B940DC6FA0BFD859A569F9AFA44516A8AB28A83F2050663FD85FE424DAB4F4D7DA2283545593DE3E213A9310EE9A5BFD05FA869F5A9A94F14A5A628ABA73420A3BFD05F8C00E3C78FFFB354D36FA83CF5A93E51949AA214B2F5179AFEA24AA64C99F2F654D3AFAB3CF5A93E51949AA214B2F5179AFEA24AE2E003A9A637AB3CF5A93E51949AA214B2F5179AFEA24A264D9AB44BAAE997559EFA549FD4A5F6F6762FFCDA6E9B53516EF14A15B2F517DA68EB2F9A9A9ADE936AFA0595A73ED5277569F9F2E54F6FD8B0C18BBF46DBFAF5EB7F948AF241AF54215B7FA18DB6FEA2B1B171D754D3BF5779EA537D52973A3A3ABE78C71D77FCE1D9679FFD2F45505BEF78A320DBDADA1E4FEDCB5EA942B6FE421B6DFD45A150D82DD5F44695A73ED527752BEDF4C3D2BBAB35F13146AC17AAD776CD35D714CFDC59CFFF87B216FBE241052964EB2FB4D1DA5FA490FD8154D3CFA8BAD15B9F23644C379E332202D6E228C8B163C7BECDD610B281FA3671E2C4DD534D3F654BE8D38161D4D0D0F0A9548C5BA2200B8582B383E990813AD7D4D4F4A154D3EB6C097D3A30BC21FBC628C6525B638BE89081FAD6D8D8B847AAE9DFD912FA7460F88A70DF7C163B6F29741F66CBE89081BA0ED97F936AFA115B429F0E0C5F112E2E0FD8F96CB6B5D93A64A0AE43F6FF4C35FD1B5B429F0E0C4F016E378B9DB742A170842DA44306EA53EAC3F74A35EDB8C2FA7460980AF0D6EE0276A9ADB28574C8407D1A3F7EFCC752D0BEDF96D0A703435F7C3DCE625B9BAD4306EA5B5353D3DFA63EFC5E5B429F0E0C7DF12DDE51C076A4111D3250BF1A1B1BF74921FB57B6843E1D5090D8FF40F542F6DFA59ABECB96D0A7030A12FB1FA85EC8FE5FA9A6FFC396D0A7030A12FB1FA89242A1B07FAAE95FD812FA74404162FF03D50BD97F9F6AFAE7B6843E1D5090D8FF40954C9830E13329682FB325F4E98082C4FE07AA17B23F9B4276872DA14F071424F63F50BD907D500AD94B6D097D3AA020B1FF812A696C6C3CA4A1A1E1365B429F0E2848EC7FA07A21FBF32964DF624BE8D3010589FD0F5449A150F8C714B27F624BE8D3010589FD0F54490AD85F4C357D932DA14F071424F63F50BD907D64AAE9EB6D097D3AA020B1FF81EA85ECF18542E1C7B6843E1D5090D8FF40F542F65129645F634BE8D3010589FD0F542F6437A5907D952DA14F071424F63F50BD903D3985EC2B6C097D3AA020B1FF81EAD573736A97D912FA74404162FF03D5ABE76352BBC496D0A7030A12FB1FA85E3D4F49ED625B429F0E2848EC7FA04A1A1A1ABE9E6AFA425B429F0E2848EC7FA07A21FBF854D3ADB6843E1D5090D8FF40F542F6B442A130CF96D0A7030A12FB1FA85EC89E9942F6BFD912FA74404162FF03D5ABE793523BCF96D0A7030A12FB1FA85E3D9F92DA39B6843E1D5090D8FF40F5EAF95F533BCB96D0A7030A12FB1FA85E3DCF4AED4C5B429F0E2848EC7FA07AF53C27B5D9B6843E1D5090D8FF40F5EA796E6A67D812FA74404162FF03D5ABE7B3625DB62DA14F071424F63F50BD7A3E278E30624BE8D3010589FD0F54AF9ECF8B6365DB12FA74404162FF03D5ABE7EFA436C396D0A7030A12FB1FA85E3DCF4FED445B429F0E2848EC7FA07AF5BC20B56FD812FA74404132B4FB7A71ECEF5EDA1A5B0AEAB6C62F4AED385BC2980E284886765FEF9BDA961D85EC868686C36C29A8DB1ABF38B529B684311D50900CFDFEBE7507217BD5D8B163DF662B41DDD6F725A91D634B18D30105C9D0EFEF7D7B0AD98542E1085B08EABABE2F4BADD99630A6030A92E1D9E7DDADCD5E63161BEABEB6AF4C6D922D614C071424C3B3CFB75B9B6D2D368C88DAFE616A8DB684311D50900C9314AA6F348B0D23AE3FFF516A0DB684311D50900C5FC8FE54D95AEC71B608D4BF54CB3F4EB53DDE9630A6030A92E1DDF7C5B5D966B161C4D4F4F529641F694B18D30105C9F0EEFB7DED7F1851357D530AD95FB4258CE98082AC3B5996BDEDD1471F5DB47AF5EA37DBDBDBB3A54B976A35D0DADADAB2E5CB973F97DA44AF5246717FBED897988DE9B60228C8BA14017BC58A15D9860D1BB2D75E7B4DABA1B671E3C66CD9B2652FA4C0FD65AF5446697FBE2485EC436D09633AA020EB4ECC600BD8351DB45F5BBA74E9835EA98CD2FEFC6729641F6C4B18D301055977628988305BDB2D85EC2D5EA98CD2FEBC6DC2840907D912C6744041D69D58FF2BC8D67CC8F69A66542A140A1D29647FD69630A6030A72C486EC97FFF074F6E89ACBB2FBDBCE2CB6B81EF709C142360C62C85E9642F6676C09633AA0204764C87EE9F9F5D97D3F9B95FDE72D276FD3E2BE784C1016B26190FAF39FA790FD695BC2980E28C81119B2D7DDFF93ED0276DE9EBC7FB1202C64C360F5E7ABE26CAEB684311D50902332643FD8F9ED1E43763C26080BD93048FDF99D29647FD29630A6030A724486ECFB96CEE93164C76382B0900D83D49FDF9D42F6276C09633AA020856C4DC8862A4901FB578D8D8DFBD812C67440418EC8901D4713E92964C76382B0900D8314B2EF6D6A6AFA5B5BC2980E28C81119B21F5EB9A0C7901D8F09C242360C8642A170FFF8F1E33F664B18D30105392243F6A6F5F766F7DD3E7BFBA522E9BE784C1016B2619042F6DA14B2FF4F5BC2980E28C81119B2A33D76D795DB85ECB84F0816B26110FBF38753C8FEA82D614C0714E4C80CD9AFBE9A3DFC8B8BB65F2A92EE8BC70461211B06A93F7F3485EC8FD812C67440418EB8901D6774FCCDCAD61ED764C763CEFA2864C320F5E7BF6B6C6CDCC39630A6030A72E484EC575FCD9E7EB823FBF56DFFDA63C0CE5B3C279E6B565BC8862AF7E7EB9A9A9A3E644B18D30105392242766FB3D766B5856C18A2FEFCA9891327EE6E4B18D30105392242765F66AF7734AB2D180BD950A5FEFCD9499326FD775BC2980E28C81111B2773660E74D3016B2A14AFDF97393274FFE4B5BC2980E28C81111B235211B6A414343C3F3CDCDCDEFB3258CE9808214B2B5210FD9E935BF6F0A23377A3533D2140A85170F3FFCF077DB12C67440410AD9DA9085EC08D7A92D4E6D8BD73D23B43F7F79D2A449BBD812C67440410AD9DAA087ECCA709D37AF6646607FBEB9B9B9F91DB684311D509042B6366821BBA1A1E153B12CA4325C0BD98CE0FEFCF52953A6BCDD9630A6030A52C8D6AADEAEB9E69AACBB996B219B51D09FBF3967CE9CB7DA12C67440410AD95AD5DB8E82B5A68DF4A69736A6DB0AA02085EC7EB48D1B37C67ECA162D5A94BDF2CA2BD91E7BEC911D78E081D9E4C9938BEDE69B6F2E3E5EF97371DF39E79CD3E3ED9EDA8D37DE987DF8C31FEEF1F1071E78205BBB766DB77FEFF2CB2FAF89E52213264C3828BDBE57092380311D509042768FEDCE3BEFCC76DF7DF76CF3E6CDC5301B41372E5B5B5BBB026EFEDC4F7EF2935DC1FBD24B2FCD76DB6DB7ECAEBBEE2ADEFEC217BED0F558FC8EFC6776D96597EC90430E293E366BD6AC6CD75D77CD4E3FFDF4AEE7AE5AB56ABB401DFFA6F6F6F6ACB1B1719BBF77FDF5D717AF3FF9E493C3FEC5C742A1302EBDCE5708D980311D509042F60E5B04D82BAFBCB2783976ECD86CC58A15DB84EC871F7EB8381B9D87DEFDF7DF3F5BBC787176D5555775FDFCB5D75EBBDDEFBCFAEAAB8BD72330C76C79F96395CF5FB97265D72C7BFC1BCA43765C46F8AEA543F89566B65708D980311D5090427671363802EC3BDFF9CE6298CE43EF77BFFBDDAE501BB3D9E5213B9F8DCEC3F89FFDD99F6573E7CE2D06D008C7717F04F1CA90FD894F7CA2C799ECCECECEAEA522F97DEBD6AD2B5EFFD297BED4755FF9F5FC676AE96434A599ED555ECD80311D5090A3386447CB9788C4328C3C10C74C756548CEAF3FF6D863C559EBB86FEFBDF72E86DEB87FD3A64DC5FB264C98D0EDEC783E5BBDA399EC58139EDF77EFBDF7166F7FF0831FCC3EF7B9CF157F2E7F431001DC69D5018CE9A020A9D9905D19ACC794967644A08D75DACF3CF3CC36217BBFFDF6CB6EB9E596AE75D17BEEB96771B9487C2931FF1265B4F8B9FE86ECF2FBE28B98F9F5F89BE55FC2CC67DD856C00633A28486A3A64DF77DF7DD90B2FBCD0B554249F998EFBF3901D33C831BB1C6137F66F5C7EE4231FC9A64E9D5ABC9E7F29B172CDF4983E2E17297F7ECC64C7AC795C5FB66C59B7015CC80630A68382A4A6437684EBBDF6DAABEB8B8E31BB1C9779D0AD5C6212470489CB3C28C765ACCFCEBF0059F9FBF3E05D39937DC9259774FBFCF7BEF7BD5DB3E8F1E54733D900C6744041D65DC88EE51E711933D571F9F8E38F67B7DF7EFB766BB2CB7FE69E7BEED92E34F7D6FAF2FCF8DDF1FAC9AFE7EBC5CD640318D341412AC8BA09D92FBDF452F10430B134A4FCFEFCF8D7716CECEE8E931DC17CF6ECD9C56365E7CB3FF2B01EEBB3BBFB5BB16CE480030EE8F50439E5A13AFE6DB1FE3B3FB460F97A6F211BC0980E0A929A0CD9FD3D1AC9683DADBA900D18D3010529646B423680311D14A4902DC80AD900C67440410AD9423680311D509042B626640318D341410AD99A900D604C0714A4902D640318D3010529646B423680311D14A490AD09D900C674509008D9423680311D509042B626640318D341410AD99A900D604C070589902D640318D3010529640BD900C6744041D68FF6F67641B6B6DBE614B2B778A502C6744041D691E5CB973FBD61C30661B646DBFAF5EB7F9442F6835EA980311D509075A4A3A3E38B77DC71C71F9E7DF6D9FF126A6B6B063B02765B5BDBE3A97DD92B1530A6030AB2CEA41077D8D2A54BD7C4B28458FF5BCF2DF67FBDFF1F4A2DF6C5830236604C071424F63F00FA745090D8FF00E8D3010589FD0FA04F071424F63F00FA745090D8FF00E8D3010589FD0FA04F071424F63F00FA745090D8FF00E8D3414162FF03A04F071424F63F00FA745090D8FF00E8D3414162FF03A04F071424F63F803E1D5090D8FF00E8D3414162FF03A04F071424F63F803E1D5090D8FF00E8D3414162FF03A04F071424F63F803E1D5090D8FF00E8D3414162FF03A04F070589FD0F803E1D5090D8FF00E8D3414162FF03A04F0705C9C8D9D78B637FF7D2D6D85200C6744041D2F77DBD6F6A5B7614B21B1A1A0EB3A5008CE98082A47FFBFBD61D84EC5563C78E7D9BAD04604C071424FDDBDFFBF614B20B85C211B61040DDF4E7960082904D1D74CC6BCC6203D4555F6E092008D9D47AC7AC2306A8CBFEDC124010B2A9252954DF68161BA0EEC7704B0041C8A6C642F6A7CA3AE271B60840DD8EE3960082904D2D76CC3A6280BAEECB2D0104219B5AEB988F3CF248FB1FA0CE5902084236B525968964A54B00EA37645B0208423635E2A0D49E4FED82D2A58F1601EA7B3CB70410846C6A2460E7C13A663D360ADA00B5AF5028ECD6D0D09086EFA3CE4BAD33B575155F7A7C3A0EDF979EF3EFE9B9FF9CAEFFB5AD064236431FB07BBB1F801A3061C284834A6BAF37F7E14C8FE52DBE14B92AB566B3DC20643338C6F512A4F3C7ADE703A89D713A8E1EB2A69FC1BAA7F660CC6EDBAA206453FD80DD5B8036A30D502352203EBBF2F07C4D4D4DD9D9679F9D2D5AB428BBFFFEFBB3A79F7E3ADBBC7973165E7FFDF56CC3860DD96F7EF39BEC861B6E283E6FD2A449DD85ED5BD3EFF9902D0C42360373D098FECD50F7F7F90054D1F8F1E3DF555A6FDD158C9B9B9BB3ABAEBAAA18A2FBE395575EC96EBAE9A66CFAF4E959C5B1B49F4F97636D6D10B21958C03E6C277EEE25411B605802F68AF2403C6BD6ACE28CF540BCF1C61BD992254B8A33E165BFFBA5D4BE6CAB8390CDD004EC6AFD3C00FD1F97B799C18E65211190AB65FDFAF5D9C9279F5C1EB4373B432408D9F45D6F5F721CEADF03402F4A6BB0BB02F0EAD5ABB3C1106BB863BD76F98C76FADB7BD9032064D3B7605CADA51E66B401067F3CDEB7FC4B8E31833D98E24B92679D75D636C7D78E6370DB132064B3E3409C07ECB7A47674E9B23F2A7FCE97210106514343C3AFCAD760577389484F5E7CF1C5ECD8638F2DFF32E405F60408D9F41CB00F2B0BCADF4F2D2B5DF63568F7F4738236C0208813CD941F4564A05F72EC8FBBEFBEBBF28B907F6D8F80904DCF013B1C5D0ACA593F827679C0CEDBE4B2C7ADD106A8FE58BC380FBA7198BEA176FEF9E79707EDF3EC1110B2D971F0ED2E30EF286877F7FC4BBA79BE35DA005512EBA0F353A5C7E1F5FA7B1CEC6A78E49147B6397E767373F3FBEC1910B205EC1D2FE1E86BD0EE6BC0AE0CDA968E00F41CA097A6F6F73B7A4E0AB547E501378EF8315CCA4F5693FECD47D87B20648F667D0DBABD05EDFE06ECF2BFBF718C196D801EC7D852685D9AC2F4A77A78CE79437544911DB9F6DA6B7D0112846CC6F47FC9464F41FBAD3B19B073D66803F412B2CBDAAD9533DBE5279F59BB76EDB085EC382677F99B027B0F846C01BBEFBA0BDA0F0D20600FF4DF0330DA42765788CDC376BABD2EBF7F288F2A52E989279ED8E698D9F61E54A70378B37400FCD752FBAFD45E4EC5FF627CF9215DDF94DA86D49E49EDA95267F0786A8FA5F6DBD47E93DA83E9F9F7A7CB5FA7764F6ABF4CEDAED4FE23B555A9FD3CB5E5A9DD915A7B742EE9F267A92D49EDA7E9EFFC24B51BD3F5EBD3633F4E973F4AEDEAD47E906E5F912E2F4BED92D4BE97DA45E9B90BD3656B7A6C5EBAFC4EBA7D7E6ADF8E3365A5F6AD74DF99A9CD496D56BAFFF474DF69A97D33DD3E29DD9E99DAB474FB84D4A6A6FB8E4B6D4A6AC7A4FBBF92EE3B3AB589E976636AE9AE86F1E9F697627D5ABA7D789C7A36B5431B1B1B0F89432EA5FB0F4CF78F4DED8074FBD3E9F6FEE9B1FF15271548CFFB446AFF575353D3DF8E1F3FFE637136AD747BCFD4FE47BAFD91F4BC3DD2631F4ACFFDDFD3631F48F7BD7FF2E4C97F195F3849F7BF27DD7E576AEF3CF4D043FF62ECD8B16F9B33674ECC3A0F74E6B8BBA03D90805D19B4ADD106E8256497CF6C97DF8E33310E9738394DF9BFC5DE832A88F016212E05BA3F8F503769D2A45D0E3FFCF07747D84BB7FFB7087F1102274E9CB87B84C274FBFF88E36846584C41F17F46788C10996EEF1DA1323DF67FA7FBFF2EC266AC418BF01921343DEF1F229446384DF71F1C6135DDFF8574DF3F46884DB78F8C501BE1B6B0D5C4747B72BADD1C2138B563231447384EF71F1F6139DD9E916EFF4B84E874FBD408D511AE539B1D61BB14BAFFBF08E1B1EE2DDDFEB708E7E9764B29AC5F94DAC511E2D3FD97A6CBCB23DCA7F6C308FB11FAD3F3AE2BBD09B8B97498A525E9F66DA5370BEDA58FFA9697DE4CFCA2F4E6624D6A77C79B8EF4DC7B4B6F421E4CEDA1D29B934753FB5DE94DCBFAD29B987833F35CE9CDCD0BA5E395C69B9E574B6F82DE2C757C035D2B1761BD7206FBA1D2FD0371411F06144DD334AD8736DC846C60341BE829D3773493DD9F13D698C906D8F999EC35F1C9684C7099C906A81D11685F1A33386BB27726685B930DD0B790DD15AECB9E634D36408D05EDFECC1CF77498BEEE8E2ED29FA0EDE82200BD87EC55B12CB23C5C973DC7D145006A3468F716707B3B0E767FCF0C99DB778CE36403EC28646F3773DDCD735A6BE138D9F1B7CBDE14B4DA7BC068D7DB4C725F4F34D3DFA09D2F597156308001281DD16AD8CFF878F2C9279787EC2FDB33003DCF68F7F74C8E7D0DDAF9DF13B00106A87428D7CD116ED3F5ECC5175F1CEEF5D89B53F0DFCD9E01D82A66B42B976E1C3DA6FFC7C1EE2E684FAEF83BD660035451F9BAEC1B6EB861C843F645175D541EB22FB34700B60FDAE55F862C0FCCFD39D14C4F3FE7307D0083A07CC9C8D4A95387F4507EEBD7AF2FCEA0E77FBFB1B1711F7B04607B954B4722204F1ED3FFC3F255FEDC408FCF0D400F4AC7CBFE751E746FBAE9A6210BD9679E796657C08E13AFD91B007D0FDA03D5DD521400AAA87C363B66967FF7BBDF0D7AC05EB26449F932912D71E6667B02606882B613CD000C91147417E7A177E6CC99D92BAFBC3268017BE5CA95DB2C1349ED387B00A06F06BAC4C312118021347EFCF8BF4A6177631E7CCF3AEBACE2E9CE072360373737FBB223401582767F67A27DC91160183434347C2AB5E7F3001C6BA6376DDA54D525221533D8B7A670FF2E5B1EA0FFFABBE4C31211806114A760CF8F9D1D2D669DE3B4E7033D8AC8ECD9B3CBC3B5800D3084413B4E95EE4C8E00C36CC2840907A510FC5279288E3342AE5DBBB6DF279A89E36057CC5E17978808D800D531AE14A0C7EDE0F18D0236406D28140A7BA530BCAE221C67279C704276CD35D7642B56AC281E85245FB71D9711AA63D67BD1A245D929A79C5219AC8B4711F1254780EAEB6946DB1211801A14B3CD296C9F5D39ABBD332D8E83ED307D004317B4056C801AD7D4D4F4A11494E7967F29B28F2DD6765FE64C8E00431BB42F10B001EA477373F33B4AEBB5CF8B2F2E76B39CE4E942A1B0345DB6A6407E54BABE9BAD0630B4620D7636C661FA0000A0AADE6713000000000000000000000000000000000000000000000000F4CFFF0F419E6289B08F8F310000000049454E44AE426082, '1');
INSERT INTO `act_ge_bytearray` VALUES ('47b40301e7764be3ae02c1c9d8b05529', '1', 'test_audit.png', 'c55551be84674fe89db8d50871dc499e', 0x89504E470D0A1A0A0000000D49484452000003DC0000017C08060000003DD3B3DA000053E24944415478DAEDDD0B7C54F59DFFFF53A08AB7BF68A9CBB2FC6CEA6581D5AE5A31868B17349658A0E2AD4B5D8AAC525656A922D40B5A2FC0221A318518110C1711630AC4809186909A442E4908E112638C3166A5980245C4D218631CE3F77F3EDF39E730339949324998CC4C5ECFC7E3F3C85CCE5C32E7FB3E733E73CE9C310C000000000000000000000000000000000000000000000080EEA70F2F0100000000009D2BC12C65FD0500000000009D20DEAC2FCC4AB2FE8EE1250100000000A0739A6DBBC9962DDC9FD1740300000000D079CD766B970300000000805624B4D254DBD7F39D6E0000000000826CB65B6BA6D9D20D00000000401BC51BC16DB90E767A0000000000BA6DB33DA61DB7ABA3E90600000000A0F39AEDCEBA3D000000000051A7B503A485FA7E0000000000889A66BBB37607674B3700000000A0DBF33DE0D9F7CCBAD3FA1B0CDFDB7120350000000040B76FB6C77834CDCBCC52D6DFB636DD816E47D30D00000000E8F6CDB6B8D36A9A55104DB767B36DD7448FEBF94E3700000000A0DB08D404FB6B9E5B6ABAFD4D9FEA677ABED30D00000000E836CD7642104DB4BFA6BBADCDB66FD3CDEEE50000000080A8D3D6A6B7B5A63BD866DBF3F13F33D8D20D0000000088C266BBADCD6EA0A6BB473B9B6D1BDFE9060000000074DB66BBA5A6BBAA03CD76479F0F000000000061A3A35B94FD35DD1D69B67D9B6EBED30D000000005D2CCEACC7CDCA366BA7D5AC29AA4D95D4C1D75E7623F7DDB25D655DDE1149CC1B8AA2288AA2282ACAAACEAC6AB372CD7AC6706F68EA453B8770D4D71AA49F9A5564D61CB3C69975B1597D7879DAA4B5A392B7A6A52DDC6DF99DEE40D8C20D00008068247DCA20C3BD87A9F4325BCD3A68B83736F5E3E541B8986C35DA8BCDBA8097A343A4B9AD334ECC77B8DBD374F31D6E000000742703CC4AB6D68167F272A02BC9EE166F98956FB8B764A3F39AEE60B62807FAE92F7F47290FA6E9E628E5000000E8AE64CB77B9E1FE9AECE9BC1CE80AD26C67197CCFE14436DDAD35BBADFDCE766BBFD31DC81083DFE106000040F7D6C7EA77B2E979106AB21B793E03EF846A6D0B736BCDB6D1CEA6DBDEAD7D1CB30000000034DD7A4BF723BC14081539409A7C679BDDC84FBC405BBADBDA6C07DB74DB8F47B30D000000B8C9EEE5B2F72707524348C811FC9279194226C168BE7BF79D46F0BFB3EDAFE99EE8F3387C671B000000684EFA9F245E0684826CDDE668E4A16FBA3D0FA4E6D93CB7A5D9365AB91D3FFD050000000426472F979F0CE32BB538A1E20CF7EF6C23F47C772F976679A211FC4F7DF9DEAEA3BFFF0D00000074075B5967C689F69459737819C2A6E9EE287FBBAB03000000684EFAA06778197022C921F139A0567434DD9DDDBC03000000D14CD69B7379197022ED34383A7938E8E86EE0EC460E00000004478E565ECDCB8013499AB43EBC0C61D57407BB859A03A401000000C1933EA88E97012792E225082BC1EE16CE6EE400000000FD101860E8E4267A88E1FE448EEFE003000000F4436080A18D12AC663AA185EB3FA3D906000000E887C00043F0026DE9663772000000807E080C307472D34DB30D000000D00F8101864E6EBA9368B601000000FA2130C0D0B9A659F38A9FFE02000000E887C0004327CAB2E6552F5E0A000000807E080C30748E38B35C065BB801000000FA2130C0D0A932ADF924B5939703000000A01F02030C1D37C438BE75DB2E0E9A06000000D00F8101860ECAF269B6EDADDC7C971B000000A01F02030CEDE46FEBB65DE3787900000000FA2130C0D03ED9019A6DA9225E1E000000807E080C3004AFA5ADDB7C971B000000A01F02030CED94D54AB3CD11CB01000000FA2130C0C0BC0200000058C706030CCC2B00000080756C8001C6BC02000000C03A361860605E01000000AC63830106E615000000C03A36C000635E01000000601D1B0C3030AF00000000D6B1C10003F30A000000601D1B608031AF00000000B08E0D0618985700000000EBD86080817905000000B08E0D30C098570000000058C706030CCC2B00000080756C30C0C0BC0200000058C7061860CC2B00000000AC63830106E615000000C03A361860605E01000000AC63030C30E61500000000D6B1C10003F30A000000601D1B0C3030AF00000000D6B1010618F30A00000000EBD86080817905000000B08E0D0618985700000000EBD800038C7905000000B08E0D30C09857BC0400000000EBD86080817905000000B08E0D0618985700000000EBD800038C790500000080756C30C0C0BC0200000058C706030CCC2B00000080756C8001C6BC02000000C03A361860605E01000000AC63830106E615000000C03A36C000635E01000000601D1B0C3030AF00000000D6B1C10003F30A000000601D1B608031AF00000000B08E0D0618985700000000EBD86080817905000000B08E0D30C098570000000058C706032CA4FFB052BD535252664E9C38716F6C6C6C43EFDEBD95F53A509D503D7BF6FCEEFCF3CFFF6CF8F0E11BCDBF238918000000E887C000EB06962D5B76CFC89123EB636262D49C39B3557E7E9E6A68F8CAECC1BFA33AA9E4F52C2A2A548989CFA981030736F6EFDF7FAFF9D25F4CD4000000403F040658944A4D7D657DBF7EFD5452D20BCAE56A349BC3262A04959CBC48F5E9D3E7AB534F3DF526E206000000FA2130C0A2B0D9BEE0820B5451D176B309FC960A71959797A9BE7DFBFEC39C1563881C000000E887C0008B12CB962DBD47B66C17156D339B3F97572D5DFA921A3326418D1A75BDBAFEFA6BD40DF12355F2A2A466D3511DAFF2F2BDEA94534EF9C260F772000000D00F81011605FF9C52BD478EBCA63E29E979F3E4375EB562F95235FAE7A3D4ADB78CD53576CC8D2A3EFE5A3574E8156A916EBABFA13AB91213E77FDEAB57AF3C6207000000FA2130C0225C4ACAC29931313F522E57BDD9F0357A55C2A878DD68DF70C348A77EF6B3EBD4F061579A4D776CB3E9A9CEA9B3CF3EFB5373D6C4113D000000D00F810116C1264E9CB077CE9C27CD46EFEB663562789C7A61C17C95F556864A7931496FD9BE6AC4507DB99C76B9BEF47B3BAA63356DDABD3BCD599348F4000000403F040658048B8D1DD2909F9F63367A0DCDEAEEBB27AA837FFD546DDDF28ECAFED306B5EAD554B53E738DFAB8FA43F53F5327AB6FBFFDD2EFEDA88ED5BBEFE61E3067CD4EA207000000FA2130C02258EFDEBD5543C3E766A357DFAC1E9BF5902A2EDAA276146F55BB7795E892D33B766C578F3DF690DFDB501D2F991FE6AC71113D000000D00F810116E1FF9F525F362B97EBEF6AD6AC996ACA6F26A992924255FEDE1E5DBB76ED50D3EEFB6F35E3C1FBD4D75F7FEEF7B654C78B051B000000E887C0008B8A86BBCEAB1A1B3F57EBD6BDA662637FAAAA3FAA540F4EBFCFAB4A4B8BD590CB2F55AFAF4E550D0D9F35BB3DD5F162C106000000FA2130C0A2A2E1FE8753DF7D774CBDB5215D0D1B1AAB6AAAABD47B65BB55EEE68D2AF3CD3FAAB4D757AAD4575E329BF134BD7BF995575EAED2D357A86FBFFDC2EB3EA88E170B36000000D00F810116150DF731A7B66ED9A47F6B5B9AECBCBCCDEACD8C74DD68AF58BE44BDBC78914A7AE159F5CCBCA7F501D416BFB4505D7BCD08B5F1ED355EF74175BC58B0010000807E080CB0A868B8FFEED463B37EA78F442E8DF5B2D4C5BA96BC9CAC92172D50CF27CE53FF3BF749F5C4EF1F513367FC563DF9C4A366B39DA97E37F37EAFFBA03A5E2CD8000000403F0406585434DC5F38250DB7FC04D8EDB7DDACDE487B5537DAD27C3F3B7F8E9A3BE709F5DCB37375D32D4DF898D1096A73CEDB56C3FD05D589C5820D000000F44360804545C37DD4A9BD7BB7A9471F99A17E79FB38DD50CBAEE4FE2A2E6E88FAF584F17A6B7769E9BB5EF74175BC58B0010000807E080CB0A868B83FF72AD7377F535F7EF9A94A7CEE699530EA3A3562F8956AE8D02B54DC9543D450B3D1BEE6EAE1EA81FBEF51C78EFD454FEB7B7BAAE3C5820D000000F44360804545C37D840AB362C106000000FA2130C0A2A2E1FE8C0AB362C106000000FA2130C0A2A2E13E4C8559B16003000000FD10186051D170FF8D0AB362C106000000FA2130C0A2A2E13E448559B16003000000FD10186051D1701FA4C2AC58B0010000807E080CB0A868B80F5061566D18774F98D5403C010000403F0406585837DC7FA5C2AC5A1877D2687F6D5DCFC20F000000F44360808577C35DEBB7E4BA850B67ABC4C4C775EDDB57AC2F2B29D918F036C196DC5F6666AA733A27E7757DBABA7A5BC0DB9497BFA3F6ECC9F17A1EBECF4BCECF9A35ADD963CD9F3F4B9F3E74688FD77555555BF4F5478E94377BBCDADAD26697555616E8E96B6A0AF5F90D1B96AB33CE38BDDDFFBBBFEB5A69B469B8010000403F040658F837DC9FFAADE30DA1F76559592BBC2EBBF9E6043579F2AFCC86BC48979CBEF7DE3B9DF3729BB9731F72A6EFD9B3A74A4E9EE35CE76EE6DDA7CBCBFF6C36CE6FAB33CF3C434F5B5DBD553F9EDD606EDCF8AA1A3FFE176AC2845BF469B9ACB676A7FE2BD37A3ECF952B5F704EEFDFBF43FFADACCC5705056BF569794CCFE967CF9EA98E1E7D5FFFCF727ECA94FF741EC3BE2FCFE91F7FFCB75EE72FBFFC277AFAD1A3AFD7CFCFBEEEC61B47AAE9D37FA31FEFDC73FF45CD9831C56CF0DFD5B7A9A8C80BF8DA5BF3679EE1DE755C0528000000807E080CB0F06DB8F7FB2DBBA94C4C7C4C97DD146FD9B22EE06DA42EBCF0C72A36F6D216A7B1EF5F9ACFC387F7E8F3070E94EABF7979E9FABAFAFA2A7D5E1E5BCE9F724A6FDD7C8F1D1B6F36C37798CDED4A7DF9B1631F585BB8B3D4A143BB9DCB972C99AF9F4B46C612B560C1EFF565757595FA6F41C11AE77948132E973535EDD37FABAADC5BAFE5F9AC59B3586DD8B0CCEB79DBD36567AF52A5A51B556E6E9A7ECE725EFE17FBB1FDFDCFF23FC8EB77CE393F50C3865DAE9FABFD7CF7EF2FF67A6D0CFF5BB469B8010000403F040658E434DC7F695665659BD49E3DD9AAB1F163AFAAADDDA11B447FB7B1EB78C3EDFFFA82823FAA6BAF8D533939AFA9949439EAB4D34E359BE60A75F2C927A93BEEB8C96C62DF369BDA4F9CE9EDE652A6ADABFB40A5A7BFA8060E3C4F2D5CF894BE5CA67737D31F78DD46A697D32E578D2A2FDFAC2F4B4D7D4E3F5645C59FF575870EEDD297A7A52D5283075FA09B79FBF6F6FDCAEB20A7EDFB5EB52AC9DAFABF54DD7CF328E771ECE7939BFB7AC0FF5DB6DCCBF5329DBCC6F663C97D794ED786469BA2288AA22877D599B5C7AC6CB39E312BDEAC5EACC202F44360808549C3BDAF592D59324F5D74D1BFAA2D5BD6A8D5ABFFA0AEBB6E989A3DFB417D5E6E5358F8A6DFDB49B91BEE4B025E2F65E82DC9EE2DCBF3E63DA48E1CD963ED1E5EACAF97F39ED326253DA1060CF867B3A9AE50C9C94FEBCBA64E9D607D57FB5EBD9BBA3D7D6363B5F3265C5D5DA0B2B296A98D1B5778955CB76DDB3A3D7D76F6ABAAA6668BD7E31B7A2BF81FF56DFBF63D5B6F8D96CB8F1E2D536BD6A4E8867FFAF4BB557CFC087DD94F7E32488D1E7D9DBE6F792EF2E1815C6EDF974C27D7C5C40C50975C32D86CBA577B3D965CE7FBFA58F3E715B3BE35C2730B771FB3069935C6ACC7CDCA35EBA0594966F563D101049D236914B6922380F723807E080CB0A86AB83F695672F95D77FD529F4E4B5BA8B7427B5E9799B9C4EFEDA42EBC30C66AB89B5F575FFF81F55DE7E5FA7E648BB69C2E2BCB76EEF7ACB3CED4BB5CEFDF5FE83C9E34A90505E9BAD996A6559ADB55AB5EB0BE8BBDCDF92BD3A7A6CEB7B64C6FB41AEBB57EFF3FFB7F387A74AFF57DEACDFA7C6D6D91F3DCEC6957AF4ED2A70F1FDEE55C26CDF88D375EAB1F4F2E5BB8F049DD6837347CA8FF4FCFC7CAC858EC9C970F0D9A9A6A9C0F040CFDDDF59C66CFCF673EBD1AA0F10E3703ACA6415674EE61F101B43B47C9667D61D64C5E0E80F723807E080CB0886EB8FFAF59B91BEEDB9DD3D3A7DFE5755D66E6CB7E6F2775BCE1F67F7D71F19BFAF676232BBB725757BBB776BB5CD5CDEE5FCE2F5E2CBB93BFAF0E1C2856E9E98BCCA6FD625553E36E560F1D2AB1BEC3BDDE6C643F562929B3AD03A4E5EADB6FD8B05437F59326DDA6CB6EF6E5FA86864AA77995E90A0BD7A98B2EBA5037E9EE263CC76AE6B7367B7DC68EBD5EDD7A6B82D92C6FD2FFF39123BB5476F60AEB68EBAF7A4DEB6EB8BD5F87C4C447F5070B5959A97E5FFF00F3CB778B77B8922D0DB28561AD59A7B31801DA9DA372C3BD9B2C3902783F02E887C0008BCC86BBA65919FA27C19E50F5F5EF5B074A4B379BD03566435B6D36ACCBFCDEC6AEE30DB7FFEB6B6B0BD5F2E5CF5A3FD3F590D96CE7A9F3CEFB7F6AEEDC079DC77637DCC79F4B72F293BAA1DDB76F8B6EB8E5B2C6C60FADADC479D62EE0696613BDD96CDA3FB29AF917023E07CFC73876ACCC795E72FF863E605A91D948675BDF057FDAEFEDA5E1B6FF4F795CF97EF61D77FC42DF56AE5FB0609633AD5C7FF4E86E75D965FFA666CF9EAE2F97D7D4D0DFF95EE5F7FE5B996FF616EF7026DF9FCBB2567200B44F1F2B47D906DF4905783F02E887C0008BC486FB63BF75E448A9F5B35D8FE8F315159B9CADC10D0D15FAB2C3874BD44D37C5EB9A3265BCD93CBEAAB7DA9E7B6E7F7D5A2A2D2DC93A08D97A7D1B437F577ABBD52CBFA31B5A431F25FC23E7FACCCCC5CEF390F3C386FDD46CF4535546468A4A4D7D463F867D9DDC87A177F15EEA759BF2F23FA9C2C2B5BA09969A34E9565D723FEE2638C76C82DD074DEBD7EF87AAACCC7D90B4BCBCD5CEF35BBC78B6B5F57B89D76B63E803B03D6336FD95FAB9DD7BEF0475E850B19A376FA6FAFEF77BE9FBF29C566AD5AAE79DFF511E431E535E1FFB317DEF3F8A567264CB02BBF3011D6BBA654BF723BC1400EF4700FD10186011D770577B554ECE0ADDBCF6EF7F8ED974EF6C76BDDC66DAB489CEF98686F79B4D13A81A1B3FD0D3CBFDCBFD1C3EBCC36A385FF3BA7F77F37CFC7C4949863EED727D681DE13B4B9F6F6AAA72A6292878DDEB360B163CAAA7F7F73CE4FAE2E275FAF4BE7D05FAAF7C77BCA6264FDFCFE0C1E73BD3CA63B93F30C8F4BAFD810385FABA6DDBD2D5E8D1D7AA5B6F1DE5F7F1E4B9DB97575464ABABAFBE4237F2BEF7BF7AF502AFFB8FA23126BBF37D6A70E01AA0A339FA8C1C01BC1F01F4436080455CC3FD51445553D3879D324DA89E4B7BA68FC2712707AE496271027448323902783F02E887C0008BB886BB8A0AB38AC27127478B9523C5F21D54801C01E408A01F02BA53C3FD21156615A5E34EBE3B97C02205E890ADE408E0FD08A01F02032CA21AEE4A2ACC2A4AC7DDE3867B573E00ED37871C01BC1F01F44360804554C3FD01156615A5E36E8CE1FE6923001DCB512E2F03C0FB11403F040658C434DC15549855948E3B393AEC1E162940877354CDCB00F07E04D00F810116310DF7FB549855948E3BF92DE13A1629003902C811403F0474A386BB9C0AB38AE271C7021B2047003902C80BD09D1AEEF7A8302B1A6E00E4082047007901032C2A1AEE322ACC8A861B003902C811405EC0008B8A867B2F156645C30D801C01E408202F60804545C3BD870AB3A2E106408E007204901730C0A2A2E1DE4D8559D170032047003902C80B186011EEE4934FFAAEA1A1C86CF2765161525F7D55B8CF9C352EF204801C01E408202F608045B0C1837F7C283F7F89D9E895526152EBD73FFFB6396B76922700E4082047007901032C825D75D565EBE6CC994AA31B463576EC5569E6AC49244F00C811408E00F2020658041B30E007B103069CF38DCBB58366373CEA931E3D7A5498B3268E3C012047003902C80B186011AE7FFF1F9626253D48B31B063566CC554BCD59924B9E009023801C01E4050CB0E830E8CC334FAB2F2A5A41D3DB85959FBF74BD392F0E9A75317902408E007204901730C0A247FC39E79CFD779AEEAE6BB67BF4E85163CE8731E409003902C811405EC0008BC2A6FBA493BE7F6CDEBCFB3EE73BDDA1FBCEB6B51BF9C16ED06CB3C006C811408E00F20274EB0136A867CFEFE59C7EFAA987A74CB965F7A64D2F1E6C6828A431EEC4FAEAABEDFBE4A7BFE468E4D601D2E43BDB17932700E408204700790103AC7BB8D4AC39666D35ABC17A1DA8CE2997E1FE9D6DF9E9AF38F204801C01E408202F6080219C6559F3AA172F057902C811007204901730C0D039642BB1CB9A5709BC1CE409204700C811405EC00043E7C8348EEFAEBD9397833C01E408003902C80B1860E8B821C6F1ADDB768DE165214F003902408E00F20206183A26CB687E5032D9CACD77B9C913408E00902380BC80018676F2B775DBAE71BC3CE409204700C811405EC00043FB641B817F7AAB8897873C01E408003902C80B1860085E4B5BB7F92E377902C811007204901730C0D04E59AD34DB1CB19C3C01E408003902C80B1860605E318F009023801C01E4050C3030AFC03C02C811408E00F20230C09857601E01E408003902C80B1860605E318F009023801C01E4050C3030AFC03C02C811408E00F20230C09857601E01E408003902C80B1860605E318F009023801C01E4050C3030AFC03C02C811408E00F20230C09857601E01E408204700C80B1860605E318F009023801C01E4050C3030AFC03C02C811408E00F20230C09857601E01E408204700C80B1860605E318F009023801C01E4050C3030AFC03C02C811408E00F20230C09857601E01E408204700C80B1860605E318F007204801C01E4050C3030AFC03C02C811408E00F20230C09857601E01E408204700C80B4E882C6B40B5543B799958188079049023801C01E40508CE10B35CAD34DC63789958188079049023801C01E405085E760BCD769159BD788958188079049023801C01E40508DE90161AEE71BC3C2C0CC03C02C811408E00F202B49FBFEF72CB77B7D9BACDC200CC23801C01E408202F4007F8FB2E37DFDD666100E611408E0072049017A013641A6CDD666100E611408E0072049017A0D3C57934DC09BC1C2C0CC03C02C811408E00F202741EFBBBDC6CDD666100E611408E0072049017A0130D6180B13000F3082047003902C80B22678E29D53B252565E6C48913F7C6C6C636F4EEDD3BD0CF70512D54CF9E3DBF3BFFFCF33F1B3E7CF846F3EF4846160B03E611408E00902380BC7463CB962DBB67E4C891F53131316ACE9CD92A3F3F4F35347C65F6E0DF514196BC6E4545852A31F1393570E0C0C6FEFDFBEF355FE28B5918807904902300E408202FDD4C6AEA2BEBFBF5EBA792925E502E57A3D93436519D58C9C98B549F3E7DBE3AF5D4536F626100E611408E00902380BC74A366FB820B2E504545DBCDE6F05BEA0455797999EADBB7EF3F8CEEF9BBE12C0C9847003902408E00F2D2BD2C5BB6F41ED9B25D54B4CD6C0A5D5EB574E94B6ACC9804356AD4F5EAFAEBAF5137C48F54C98B929A4D47B5BDCACBF7AA534E39E50BA3FBED5ECEC2807904902300E408202FDD68EE28D57BE4C86BEA93929E374F7EE3552B962F55A37F3E4ADD7ACB585D63C7DCA8E2E3AF5543875EA116E9A6FB1BAA9D959838FFF35EBD7AE5B13000F308204700C811405EA2544ACAC29931313F522E57BDD908367A55C2A878DD68DF70C348A77EF6B3EBD4F061579A4D776CB3E9A9E0EAECB3CFFED49C05712C0CC03C02C8110072049097283471E284BD73E63C6936805F37AB11C3E3D40B0BE6ABACB73254CA8B497ACBF6552386EACBE5B4CBF5A5DFDB516DAB69D3EEDD69CE82441606601E01E408003902C84B148A8D1DD2909F9F6336800DCDEAEEBB27AA837FFD546DDDF28ECAFED306B5EAD554B53E738DFAB8FA43F53F5327AB6FBFFDD2EFEDA8B6D5BBEFE61E3067C14E1606601E01E408003902C84B14EADDBBB76A68F8DC6C00EB9BD563B31E52C5455BD48EE2AD6AF7AE125D727AC78EEDEAB1C71EF27B1BAAED25AFBB390B5CDD64A825580B830452C7021B204700C811405EBACD0C52EACB66E572FD5DCD9A35534DF9CD24555252A8CADFDBA36BD7AE1D6ADA7DFFAD663C789FFAFAEBCFFDDE966A7B759380C49B2547654FB2FE8E21762CB0017204801C01E4A59B34DC755ED5D8F8B95AB7EE35151BFB5355FD51A57A70FA7D5E555A5AAC865C7EA97A7D75AA6A68F8ACD9EDA9B657370848BC4F932D5BB83FA3E966810D902300E408202FDDA4E1FE8753DF7D774CBDB5215D0D1B1AAB6AAAABD47B65BB55EEE68D2AF3CD3FAAB4D757AAD4575E329BF134BD7BF995575EAED2D357A86FBFFDC2EB3EA8B6579407C4B7D96EED72B0C006C8110072049097686BB88F39B575CB26FD5BDBD264E7E56D566F66A4EB467BC5F225EAE5C58B54D20BCFAA67E63DAD0FA0B6F8A585EADA6B46A88D6FAFF1BA0FAAED15C5014968A5A9B6AFE73BDD2CB0017204801C01519A970166DD67D65AB3AACDAAB39E7083599F989569D64C6BBA286EB8FFEED463B37EA78F442E8DF5B2D4C5BA96BC9CAC92172D50CF27CE53FF3BF749F5C4EF1F513367FC563DF9C4A366B39DA97E37F37EAFFBA0DA5E51FA86D2D6669A2DDD2CB0017204801C015198977166E55A4DF62B66DD66D620B34EB7AE97BF31562390644D976FD684E86CB8BF704A1A6EF909B0DB6FBB59BD91F6AA6EB4A5F97E76FE1C3577CE13EAB967E7EAA65B9AF031A313D4E69CB7AD86FB0BAA1D15856F28F146705BAE839D1EACE000E408204700C2342FD244679B556E35D3BD82B8AD3404F29BC95BCDBA20BA1AEEA34EEDDDBB4D3DFAC80CF5CBDBC7E9865A7625F757717143D4AF278CD75BBB4B4BDFF5BA0FAAED15656F28EDDD622DB7ABA3E966810D902300E40888DCBC8C37EBA0E1DE45BC5707EEE73EEB7EA2656BB7D9F87DEE55AE6FFEA6BEFCF25395F8DCD32A61D4756AC4F02BD5D0A157A8B82B87A8A166A37DCDD5C3D503F7DFA38E1DFB8B9ED6F7F654DB2B8ADE503ABA7B38BB97B3C006C81100720444685E64255EBE931DD749F777A9757F93A3A3E13E42755145C91B4A6B07480BF5FD80151C801C01E408202F2132DE6A8E633AF97E63ACFB8DF42DDD66E3F719D54515056F289D7DB471B674B38203902300E4088890BC48532CBB7FC79DA0FBBFD4BAFF4191DD701FA6BAA822FC0DC5F78067DF33EB4EEB6F307C6FC781D458C101C811408E0044405EE448E4334FF063C877BAB74676C3FD37AA8B2A82DF507CB7444BB3BCCCFA7F9605D17407BA1D4D372B38003902C8118030CE8BFCF4971C8DBC77081E6B8F11B9BB969B8DDF21AA8B2A42DF50FCEDF67DA7F5BFA8209A6ECF66DBAE891ED7F39D6E5670007204902300619A97DC10AEA84B0312A95BB9CDC6EF20D54515816F28819A607FCD734B4DB7BFE953FD4CCF77BA59C101C811408E0084595E0618EE039AF50AE163561B9D7F60B68E7EE030A26D0DF701AA8BAA8B02D2D6B111A8D94E08A289F6D774B7B5D9F66DBAD9BD9C151C801C01E4084018E445BE57BD38C48F99689CF8EF8B07FBC22BABB98A6BB9E1FE6B874AEE23337399733A27274D9FAEAEDE1EF036E5E5EFA83D7B36AB92928D5EF7E379DEAE7DFB76A8934F3EA94DCF63FCF89B9A5DB666CD12BFD36767AF56679E7946BBFFE79494799DF2DA85F1D8684FD3DB5AD31D6CB3EDF9F89F196CE96605072047003902D0E579596BD66D217E4C6904B2C2B0E1B62BDBF0BF55D36CFC6A83AE9E3D7BAAE4E43966335CACEF3F31F171E7B434D3D238BB9BD95AB3F1DEA6B2B2563ACF65E3C655BA319E30E1167D5A2EABAD2DD57F655A7F8F27D79D724AEF80CFE7D0A13D7A9A0103FE59DF67FFFEFFA4D2D25E349BE2FF55175DF4AFCEE31C3B56D9EC7E2B2AF2544D4DA19EE6D65B7FAE264FFE95337D7171969EAEB07083BE6CD2A45FEABFF23871713FD5A7A5366C58AECE3BEFDCA05FC72E6EB85B1B1BBECD765B9BDD404D778F7636DB36BED3CD0A0E408E007204200CF222BB775F10E2C78C31EBD3306EB83DB76A8EF06EB83F6D77C9ED67CC98A20E1FDEABCF1F38B04BFFCDCBFBA3BEAEBEFE237D5E1A72BB69CECA5AA1C68EBD414D99F29F66B3FAAAD3081B7A0BF7DB7AFAF2F23FEBE6574AA691E6B95FBF1FEAC7B26F3371E26D7A5A97EB13DDF0CA6969B40B0BD7AB6BAF1DAAE6CD7BD8798ED278DBCFF9C891F7D4B06143F4FDD8CFCB7EDE86DE5A9FEA9CCEC858EA9C5EB366B1731FB2C55D6E6B9FFFFEF77BA9C71FFF6DBB5EBF301E1BED69B65B6ABAAB3AD06C77F4F980151C801C01E408202F9DA4CEACD343FC98F2780D11D0707B6ED58C7337DCFB83AE828235BAA9CDC9596D36B373D569A79D6A36CD1FE846F48E3BC6A9D2D28DAAA9699F33BDFDB8326D5D5DA54A4F4F5103079EAF162E7C5A5F2ED3CB5FB9CEDFE35D78E18F556CECA5019F8F3CEEE8D1D7A949936E371BE9956AF1E2797A0BB434E8F66572FF6969C9CE6DE4F9C9659595F9AAAC2CC76CDCFF4F9FCFCE5EE53C67799E72BAA1A15A9597E79ACD7A992EB96EE5CA17F4E99A9A6DBAD16FCFEB18660DB7EFD8E8E816657F4D77479A6DDFA69BEF74B382039023801C01E4A51B8554456229F5977695DCB6AA2A5FFF9D37EF21B3F9DC6BED1EBE435F2FE73DA74D4A7A42EF8A5D57F7814A4E9EAD2F9B3AF5D7FAEFAC59F7E9DDD4033DD6F186BBF975F6E3EEDF5FA4FF8E1D1BEF34D95959CBF58701FBF615AA8A8A3F7BDDEE8927EED75BDC6FBF7DB4DAB265ADAAAE7E57DFFED0A15DCE73CEC858E2F53FA4A52D528D8D1F5B5BC297EAD3D9D9AFEAC768EF6B18E695D4C14CC86EE4BE5BB6ABACCB3B22C9BAAF3E2C6359C101C811408E00F2125A6CE10EDC40ED34DC5B2CED23B89B8DDFBEA0AABEBE525D7EF94FCC867685BECF3BEEB8499F2E2BDBE434A2679D75A63AE79C1FE826586E23975F72C9605550F047B3D97E5AC5C40CD05BA457AD7A415FB76FDF76E7AFFD38DBB6AD5393278F57B9B9ABF5EEE452F238CB9727EA695DAE8F9B3D37FBF1EDF38D8DD5FA32B90FDFE92A2A729DD7E5E8D132B3A1BF44C5C78FF09A2623E365AFF323465CE1FCDFF2DCE4B46CDDBEF9E65141BF8EF67D86F1D868EDA8E4AD69690B775B7EA73B10B670B382039023801C01E8C2BCF01DEED69B29E378C3FD49D0555C9C6936B64BF47DAF5E9DA4060FBE40555717388DB0BBF15DE24C2FE7172F96DDC92BD481033B547A7AB26EDA6B6AECADCA3BADEF706F706ED3D8F89173FAC20B637443DCDAF392FB90E9264DBACD6C8697ABACAC65EA8C334EF39A66DFBE6DFABEA50C7D54F5552A2F2FCD6AF8B7398F6DE8DDCB577ADDB7FD3F19FAE06FCBF56969E6DD07880BFE750C93863BD0D8B09BDB3AE3C47C87BB3D4D37DFE16605072047003902D0C579E128E5C79B9A22B3C619817F93DC6CFCFE2FE8AAAD2D54CB973FA71F63FEFC87CC663B5F1FA57BEEDC19FA7A7773FAB233BD9C4F4E7E4A1D39B2CB6C6AB79A0DF7227D59636395757472F7AEE905056FF87DBCE30D77CBCF4BEEE3E187EFD18F6197BB715ED16C5AFBB16B6A0AD4E1C3A5CEF390EBAAAADE71AEF3BCEFF8F8E1BAD136F416EEFFD0A7FBF63D4BCD9831B95DAF631737DCAD8D0DDF26B7AD5B9403FDF497BFA39407D37473947256700072049023006190177E87BBE5AD963E0D774DD065E8EF6A175A4D6A9E4A49711FFCACA9A9DAB9DEDD701F9F7ED830F919AD652A23E325959AFA8CDEE5DCBE4EEE43FE6665BDE2F7F18E37DCEEF32ED747D6AEE0BB9B3D2FCFC7B52FF377BFF5F5EF5B5BB5B758DF01DFA69F875C2EBBBCCBF36DE9FF97FFA53DAF9DEFFD84F1D8F0D774B7D6ECB6F63BDBADFD4E7720430C7E879B151C801C01E4084058E46580599F04D9507494ECC61E13893348A98F83AAC6C64AD5D0506136B14B75C374F87089FE9B97B7DA99C6DDE42EF53A5F52F2A63EED72B9B72C9795BDADCF37357DE44C5350906636BCE5EAE69B7FA6E6CE7D5025263E6236C4EFAAA953FF534D9B36519F962A2C5CAB4E3BED1475ECD85EAFE76638BB94DFAA6BE3C654ABA17FA7D9FF5157F79E75E0B6FFD4CFC97E2EF26180EFFFE35B86DE6ABE3CE8D7CEDFFD44D058696D0B736BCDB6D1CEA6DBDEAD7D1CCB535670007204902300E191975C23745BC3A421D81AA93348A9EA905753535544DDEF897A9C087C4309B4A5BBADCD76B04DB7FD7834DBACE000E408204700C2282FB2825E6E84662BB7ECA23B21721BEE8FA82EAA087D43912DDDBEBB77DF6904FF3BDBFE9AEE893E8FC377B659C101C811408E0084695EF28D13FFBD6AF9BEF85623B4BBAF7772C35D45755145F01B8AEF4F867936CF6D69B68D566EC74F7FB182039023801C0108F3BCC49875D0ACB81374FF975AF73F28926790521F525D5411FE86E2BB7BB934CB138DE07FEACBF7761DFDFD6FB082039023801C01E42544C61BEE03A8C59C80665EEE7742A4CF20A52AA92EAA287843E9ECDFC5F6B7BB3A58C101C811408E0084715E2659CD71676DE9BED4BABF47A2610629F501D54515256F289DD5747776F30E5670007204902380BC84886CE9962D67F29DEE8E7CDF5ABEB37DD06AE2A36206295541755145D11B4A47770367377216D8003902408E8008CF4B8CE1FEB9B0F276ACD8CBD6B722C37D80B441D13483947A9FEAA28AB23794F61E559C03A4B1C006C81100720444515E6EB31A6FD92D7CB1E1FE09B10BCC3ADDBAFE74AB39970620D1AC6AABD19E6444EED1C85B68B8CBA92EAA287C430976B770762367810D902300E40888D2BC0C30EB01B3D65ACD7783F584E5EFA7666519EE5DD063A2790629F51ED54515A56F286D6DA2879855677DE00516D8003902408E00F2128D0D7719D54515C50149B09AE98416AEFF8C669B0536408E00902380BC4479C3BD97EAA28AF28004DAD2CD6EE42CB0017204801C01E4A5BB34DC7BA82EAA6E1010DFE69A669B0536408E00902380BC740F279F7CD2770D0DC566F3B79B0A717DF555E13E7316B8BAC130B39BEC249A6D16D8003902408E00F2D26D0C1EFCE343F9F94BCD06701715E25ABFFE85B7CD59B0B39B0CB5046B61C04F7FB1C006C8110072049097EEE1AAAB2E5B3767CE54B3012CA5425C63C75E9566B87F768E85019847003902408E00F2126D060CF841EC8001E77CE372EDA0090E6D7DD2A3478F0A7316C4B13000F308204700C811405EA254FFFE3F2C4D4A7A902638843566CC554BCD973E9785019847003902408E00F212DD069D79E669F545452B68864350F9F94BD79BAFF941B32E666100E611408E00902380BC44BFF873CE39FBEF34DD27BED9EED1A3478DD13D8FD4CDC2807904902300E408202FDDB7E93EE9A4EF1F9B37EFBECFF94E77E77F67DBDA8DFCA0D17D7F168B8501F308204700C811405EBAB5413D7B7E2FE7F4D34F3D3C65CA2DBB376D7AF1604343210D733BEAABAFB6EF5BBFFEF9B7E568E4D601D2E43BDB17B33000F308204700C811405EBAB74BCD9A63D656B31AAC194905572EC3FD3BDBF2D35F710C291606CC23801C012047007901C0C2807904801C01E408202F0058188079049023801C01E405000B03308F007204801C01E405000B03E611007204902380BC00606100E611408E0072049017002C0CC03C02C8110072049017002C0C984700C811408E00F2028085019847003902C811405E00B03000F308204700C811405E00B030601E012047003902C80B001606601E01E4082047007901C0C200CC23801C012047007901C0C2807904801C01E408202F0058188079049023801C01E405000B03308F007204902300E405000B03E611007204902380BC00606100E611408E0072049017002C0CC03C02C811408E009017002C0C984700C811408E00F2028085019847003902C811405E00B03000F3082047003902405E00B030601E01E408003902C80B001606601E01E4082047007901C0C200CC23801C01E408007901C0C2807904902300E408202F005818308F7809007204902380BC00606100E611408E0072049017006061C03C02C8110072049017002C0C984700C811408E00F2028085019847003902C811405E00B03000F308204700C811405E00B45B9615FE966A272F130B6C801C012047007901109C2166B95A69B8C7F032B1C006C811007204901700C1CB6EA1D92E32AB172F110B6C801C01204700790110BC212D34DCE37879586003E408003902C80B80F6F3F75D6EF9EE365BB7596003E408003902C80B800EF0F75D6EBEBBCD021B204700C811405E0074824C83ADDB2CB0017204801C01E40540A78BF368B8137839586003E408003902C80B80CE637F979BADDB2CB0017204801C01E40540271AC2C2800536408E00902380BC00E19F2AA57AA7A4A4CC9C3871E2DED8D8D886DEBD7B07FAF92D2A88EAD9B3E777E79F7FFE67C3870FDF68FE1DC9029B1C51E4881C912372448EC81139222F4037B26CD9B27B468E1C591F1313A3E6CC99ADF2F3F35443C357E6B2FA3BAA8325AF635151A14A4C7C4E0D1C38B0B17FFFFE7BCD97FC625670C811458EC811392247E4881C9123F20244B9D4D457D6F7EBD74F2525BDA05CAE467361D2449DC04A4E5EA4FAF4E9F3D5A9A79E7A132B38E4882247E4881C912372448EC8117901A278A17CC10517A8A2A2EDE642E35B2A44555E5EA6FAF6EDFB0FA37BFC7EB8224714392247E4881C912372448EC80BD0AD2C5BB6F41EF904B4A8689BB9B07079D5D2A52FA9316312D4A851D7ABEBAFBF46DD103F52252F4A6A361DD5FE2A2FDFAB4E39E5942F8CE8DF9D4F912372448EC811392247E4881C9123F202741B72208D9123AFA94F4A7ADE3CF98D57AD58BE548DFEF92875EB2D63758D1D73A38A8FBF560D1D7A855AA417CEDF509D548989F33FEFD5AB571E2B38E4882247E4881C912372448EC8117901A2444ACAC29931313F522E57BDB98068F4AA8451F17A817CC30D239DFAD9CFAE53C3875D692E9C639B4D4F75ACCE3EFBEC4FCD5912C70A0E39A2C811392247E4881C912372445E80283071E284BD73E63C692E18BE6E562386C7A91716CC57596F65A8941793F427A0578D18AA2F97D32ED7977E6F47B5AFA64DBB77A7394B1259C1214714392247E4881C912372448EC80B100562638734E4E7E7980B86866675F7DD13D5C1BF7EAAB66E794765FF69835AF56AAA5A9FB9467D5CFDA1FA9FA993D5B7DF7EE9F77654FBEADD77730F98B364272B38E4882247E4881C912372448EC8117901A240EFDEBD5543C3E7E682A1BE593D36EB21555CB445ED28DEAA76EF2AD125A777ECD8AE1E7BEC21BFB7A1DA5F321FCC59E26205871C51E4881C912372448EC81139222F4094BCE928F565B372B9FEAE66CD9AA9A6FC66922A292954E5EFEDD1B56BD70E35EDBEFF56331EBC4F7DFDF5E77E6F4BB5BFA27CA1A6C811392247E4881C912372448EC8117901BA59C35DE7558D8D9FAB75EB5E53B1B13F55D51F55AA07A7DFE755A5A5C56AC8E597AAD757A7AA8686CF9ADD9E6A7FB182438E2872448EC811392247E4881C911720AA16CCFF70EABBEF8EA9B736A4AB614363554D75957AAF6CB7CADDBC5165BEF94795F6FA4A95FACA4BE6423B4DEF8674E59597ABF4F415EADB6FBFF0BA0FAAFDC50A0E39A2C811392247E4881C912372445E80A85A301F736AEB964DFA371965619C97B759BD9991AE17C82B962F512F2F5EA4925E78563D33EF697DA08DC52F2D54D75E33426D7C7B8DD77D50ED2F5670C811458EC811392247E4881C9123F20244D582F9EF4E3D36EB77FA8895B2005E96BA58D792979355F2A205EAF9C479EA7FE73EA99EF8FD236AE68CDFAA279F78D45C2867AADFCDBCDFEB3EA8F6172B38E4882247E4881C912372448EC8117901A26AC1FC8553B260969F8AB8FDB69BD51B69AFEA05B22CA49F9D3F47CD9DF3847AEED9B97AE12C0BEB31A313D4E69CB7AD05F3175427142B38E4882247E4881C912372448EC8117901A26AC17CD4A9BD7BB7A9471F99A17E79FB38BDE0955D8EFC555CDC10F5EB09E3F5A7A2A5A5EF7ADD07D5FE6205871C51E4881C912372448EC81139EA2259D6736EA9761A00825D307FEE55AE6FFEA6BEFCF25395F8DCD32A61D4756AC4F02BD5D0A157A8B82B87A8A1E602F99AAB87AB07EEBF471D3BF6173DADEFEDA9F6172B38E4882247E4881C912372448EC851171962B87F3BBCA5867B0CED1310F482F9081526C50A0E39A2C81139A2C811392247E4A80B65B7D06C1799D58BF609087AC1FC191526C50A0E39A2C81139A2C811392247E4A80B0D69A1E11E47EB04B46BC17C980A938AE2958004EB7F4B204714392247E4881C912372448EC29ABFEF72CB77B7D9BA0DB46FC1FC372A4C2A4A5770E2CDFAC2AC24EBEF187244912372448EC811392247E4286CF9FB2E37DFDD06DABF603E44854945E10A4EBCCF4A8D6C51F82C0A17DA8C5F72448EC811392247E4888AA61C651A6CDD063A6BC17C900A938AB2159CF8005B10E2A370CB02E3971C912372448EC81139A2A22947711E0D77B47E050308D582F900152615452B3809ADACC4D8D72790238A1C912372448EC81139224761C9FE2E375BB7818E2D98FF4A854945C90A4E5B575EA269CB02E3971C912372448EC81139A2223D4703CCBACFACB566559B556FFD0F0D667D62B877339F694D07A0ED0BE65A2A4C2A0A5670E283DC5210ECF4E4882247E4882247E4881C91A3CE253FF7956B35D6AA8D956FD6045A29A04D0BE64FA930A9085FC169EF1602B95D5D84AFE4307EC911392247E4881C91232AD27214635676104DB6BFDA6AD605B454408B0BE6FD54985404AFE0747477BC48DF9D8FF14B8EC811392247E4881C519194A3F186FB48FD9ECDB3CB6AC0279B75B1597DAD69FB9835C8BA8DEC6EEEBB255C3EA8626B371078C1FC172A4C2A4257705A3B204DA8EF871C912372448E2872448E287214D818C3FB77B6E574A2E1DEE2DD16FDACE97D7FAB7B32AD15E077C1BC8F0A938AC0159CCE3EBA6BA46E5960FC922372448EC8113922475424E468BC4FA35C69B8B766B787DCAEDCA7E9664B37D07CC1FC499B4BA6DFB66DADAAACFCB33E7DE0C00EBFD3E5E5A5A9112386A8C993FF434D9A749B576DDCB85C65652D532D3DB65C376DDA9D6D7E5EAB5727A9F3CE3B37E0F53535EFEAFBACAFFF40D7860DAFA88103CF73AEDFB76F9BD7F425251B545959B63E2D7F1B1B3F6A56727F0505E9CD9EF7F2E5CF39E7EBEA2A827E7D2368ECF81E60E67B66DD69FD0D86EFED22F1C035E4881C91A310E7883AB1458EC8111595398A31BC772397EF5FF7EDE07DCAEEE6B986F7EEE58368B100AF05F3FFB5A94A4BDFD241BAF9E6517A655F4EDF7BEFAFF5E933CF3C432D5CF88433AD9C97E93C6FDFBFFF3FA96BAF8DD3A71B1BAB544B8F2DD7DD74D30D6D7E6EFDFAFD505D7D756C8BD3486320D35457E7EBFB8F8F1F6E362CA9CEFFE25EC1F77E0E05056FE8BF1327DEA2B66CF9A39E46CE3FF5D4FDEA8E3B7EA172735FD3D39694ACD7D72F58F098BE5E2ECFC858AC2EBAE8427D9B7DFBB6EACB172F9ED3E2738CA0151CDF4FFE65E56499F5FC9705B19213E87691B692438EC811390A618EA8135FE4881C51519923CFC6B8B2139A6DCFA6BBDCA79107707CC15CD36A1D3B56A60374F9E5173B97C9F9CCCC97F5E93D7BB2BCA677370A3FF3BA2C3D7D91B952BECC5C69DE62360A1FAA961E5BAE93C622D0F54D4DD5FA3EEC3AE38CD3D4E8D1239DF3478FEE568585EB9CE94B4A327533515C9CA12EBBECDFF4ED7BF6ECA957E4E5F9D4D7BFEF4CEB727DA4FFCA6532BD3C97C38777AAD4D467D469A79DAAFF87356B92554CCC00E73672BDBC06F6E3CB6DF6EFDFA6FFCAF4F6EBE7FB3AF9FBBF2370E5C6B0B60878EE4ED496951CCF951BBB267A5C1F49DFA12347E4881C85284754688A1C91232AEA7234CEF0FECEF6C59D7CFF171BDEBBAAB36B39707CC1FC718B5557F79E1A30A09FCACA5AAA4E39A5B77AFCF17B556EEEAB3A4C9326DDAA4F9F7B6E7FAFDBF4ED7B96CACE5EAE468DBA4A4D9932DE5C594ED5D39F76DA2966C3B0505557BFA3023D7653937B375369365A7A4EB2ABEDD8B1D739CF65C2849BF469A979F3667ADD7F69E97A6BE57DAB3E9F93B3529FB71B8123474A9D692B2A36E9CB6A6BB7ABBCBCD5CEF5EEC668B19E461EC3F7F9C9F577DD75BBAAACCCD1A71B1B2BF5DF7DFBDCBBE1CA7368EDB58E80159C402B1DFE56565A5AC9F1377DAA9FE923E53B74E4881C91A310E4880A5D91237244455D8E3CB76E279EA0C778C6602B37E06FC15CDD62D5D595E9BF1B37BEA21B829C9C15E6CA6F810E5361E11A555EBE519D77DEFFF3BACDF12D73EEF37979AF59BBB7C6EBF38D8D1FA8408FBD67CF5BD696B973CCA6A1AAD5E72725D3A7A7FFC139BF61C3CB2A26E65F9CF31919296AE0C01FABAAAACDEA924B06A9D9B31F70AE2B2E5EA76F2F5BEC3CEFEF77BF9B6C36347FB69A06F756B659B3A6EAFF3D2D2DC9B97F797D6263FF5D4D9B36D16C0632F5E3C834A9A9F3D459679D6936193BF56DEDD7B1B5FF23440BDC111D58B9490862A5C5DF4A4E5B576E7C5772BA6277BEB6BE56E4881C91A310E4880A5D9123724445558E0618C7B73EBBACF327821CBDDCF327C36268B500BD60FEA84D9599F9923AF9E49374C3B06AD5737A57D2871F9EA2CF7FFFFBBDF45F7B5A77A370833EBD6F5FBED324D8D3343656A8408F2D978F1E7DADB902BF569F6E6AFAB0C5E765DF7F65E526E732D9923862C4E55ED365652DD1BBCC4E9FFE5F6AD2A45B74C9F391DB6664BCE8F7791C3A54E8DCB7FC9586406E234D8CFDFF49B95C95EAC081EDCEF9D2D237F5F3B6EFFBC89112EBE058DB5BFC5F42B460B61F4716D0716DBC4D5B57325A5BC90976E5C6F3F13FEB822D0B6D7DADC81139224721CC1175E28B1C91232AAA72749FC7745927F8F9ACF578AC99B45A805E3057B558070E6C53B9B92BD4B5D7C6AA1B6FBC5A9F9E3BF7011DA479F31E5453A6FC87BE4CCE9794ACD3B7B11B85CACA6C6B65BF526FC992FB90EB1B1BDF57FE1E5BA693CBD3D216E8F3727AC182475A7C7E32CDFCF9339B5D76FBED095E976DDCB8547FD7D4BEFEEAABAF704E6FD8B0D8996EFFFE023DAD5CDED0F09EFE5B5595A3F2F25639CF3B31F121B389D8EEDCA6BE7EAFBEDC7E7DECDBC8DFECEC54E7713233535AFD5F42B860B62BBB954F4683DD8D2ED04A4E8F76AEDCF86ED108E54A4E5B5F2B72448EC8510872E4398FB76D7BC3C986E4CBDF7432DEE443A3C9936F773E203AFE41D1529595F5B2DF0CD5D66ED1B7F57C3CC9A9BFC7282F7F5B5FEF727DA0EAEAF638555DBD597F68D4D2FF218FE3795E325053F3E716FFEF9494275B7D6D1E7EF837CE69CFECECD9B33EA8D7981C45778EDA3206ECE5AD9CCEC959A64FCBD80E741BC9838C33FB7DCCBEADEFF959B3EE09F81EE4F9BE2065BF0F1C39B2A3D50CD925CFD5F379CAEDE5EB53819EB7BC4F1D3DBA531516A6AB2D5B5E57D3A6FD5AFF953DCF5ACB7184E4C8B3099E74829FCFF81036F740A434DC1FB6584D4D1F982B1215CE7959E9902D7437DD74BDB5F06D7E1B690A2EBAE802BDB03B7AB4C45C60BF68ED5E7AB7BEBEB1B15CF97B6CB96CEAD45F39E7ABAA3679340ECD1F47763B95C7F1773FAB563DEB7599AC58FDE427FFDAEC7AF70AC92BCD6E3F6CD865E64236435FB77F7FBEB5F2EF7E3EFDFAF5D5D7D9D3DBFF4F6EEE72E7F695957FD27FB76C59AD2F97D37979AFB6F85A77D182D9F393D1111D5CB9696925A7AA032B371D7D3E27FAB52247E4881C8520475232660C7DA4FF1BCCA6798975A4FFFFD4A7DD47FA7FCC99F6F85E22C76F2F7B56B83FB40A9C217B1CC963D5D5EDB69AD5CC80D33DFEF8547DBAA464AD3A76ACD4B9CDF8F1A39DE98E1C2956E9E92FE84C4816972F9FA7A7B19BFE29537EE964DC5E56C8CABFFC5F9326DDACFFCA5E27717197E8D3521B36BC647D15C5FBF9AC5C39DF39BD66CD1F9A9D6E4B91A3E8CE51A092BDAE92937FAFF6EDCB733E18B54F979767E931EE3EF6C687FABDC91EBF863EB8E5123DE6274CF88593CDDA5AF7F137DCCDAFFF316ABF37C8F2BEA0E035EBB81D795ED3CF9EFD5BAFF741C98BFD18F67D05CAB0DCCEFD215D9AD7F592D3B2B20DFABA279EB857FF6F86FE9A57BA5E36D8CB07C96D7B5FCF30CA51B5C7E5179FE0E733C8E3B13EA5D502F482B9B24D555DEDFE84B1A2E26DBD9093DD42ED85A4AC0C34355538D3BA5772E29DF3870E6DB316D66FE9F38D8DEF29DFC736F4019B7ED1EC71376C48B18EEC7C91AAAFDFE35C2ECFE1ACB3FE3FE7FC912345E6827FB1B9B05E65AD94AFF4BA1F790E2ED7FBE60A47926E74CACAD6EBEFA18E1E7D8DAAA9D9DCECB9A4A53DAF0F5A75ECD84EEB08CBDBF5E3CB69995EFE26253DAAA76F68D86B6DED1BE2F1265360BD69BC63BE193C633655A9ADBEC65DBC60F6FC6434AE133EC1F7B792D391951BDF959C84307AADC81139224721C8913D8E641C7BCE6F590997D3EEA6B8326086A464E559C6978C297F199231BD7AF5737A5CCB74729042F97BEEB9FFACE6CD9BEE35AD64D1BEBDA1B73E3FA14F9F73CE0FACAF63F81F9F727FF6695916C85F79CC0307B6585BF28A9CEB256BF66D25738989BF73CECBD750DCCD7EA55E8ED8B9B9EEBA389591B1C86A74729CFBAAACDCA8FFBFB62CABC851F4BF1FB536FF67CCF82FBDCC96F33236E5AFBC27C875F6FB888C47392F070395F78EB163477A35C376664B4AD6E8F70FFBF2254B9E56175EF8233D4E172C78D83A46C72EEBA7245739CF43C6ACA1F7F0AAB03EB0B5F76AD9A2B321EF6DBECF5DDE5BE472B97FFB83DAECECA53ACB727B7FFFABBD0CB17362BFEFD8B7EDC8EB182663E32B8FF37D4FF0F3E9E3F1580DB45A805E307FD062D5D6E6EB1596A953C73B976DDCF8B2B93232D0392F2B0AF60A837D5E5688A64FBF5337119E25B7B557FE65DAC387B7E99586C2C2B480CF41AE73AF7CE79B0BF9DD7ACBDF534FDDDB6CBAD2D2B5CE279F9E9797976F50DBB6ADD65BE6162C78C8EBBA3D7BDE74DE583CA79715B5BABA5273656593BEECC08177ADEFD05EA7CFDB974B3534D80D448E3E9F9BBB4CFF35F4774F17B6FA1ADBD5868566A82BA983E3AB879F2D0955D6E51D91146EAF15392247E4E8C4E648C6D18001FF64AED4BF641DE9FF1E3D46EC0FABE4B434C59EB7711FE97FA91A356A84D504BCEC71A4FF057AFCF93EAEDC8F64C9F7F18F37EFEEF3FBF7E7390DB1EC21121F3F545F9E9696A84FCB5F799C4387B6361B9FF23C1A1BCBACAD670B3CB67027EB2DF09E99901C1D3952A8CBBD356F9E3E2D39F19CD6F3FE651AFBB47CA0662F2BECD7CBDDA490A3EEFA7ED4521514BCAAF700C9C97945A5A4FC5E8FE163C74AF4873D77DC3146BF3F3435BDDF6C9CC8B4925119CFB2D7D4C285B3AC2DCC6BAD66BAD4EB3632BD9C76B9CAF51897CB5253E7E8C7AAA8C8D2D74976DC1FDC26AAC183CFD3CDBC7D7BFB7EE5BD474E7BFE0FF27EE8DE529DD66C4CCBF3F337D6172F7ED2790FB2970BF23C827DFF89801C85EAA8E9A17E3C20DC1BEE8AA0ABA9A9BC5DB7A35AAE2EFE2474A7B5F5A097355D6B4781EDC81685B6FC2E6A386F51F07DADC81139224727384775753BF5DF8D1B17EBC65A1A827DFB72AD15EBD7CD95F6F5EABCF30678DDE67893EC3E9F97B7C2E3039F0AB3E9DDAB7C1F373737D56AB82B5ABCAF03070AF474F673D8BFFF1D6B97F6479D69CACA32AD2D762BF5636566BAB73A2F5F3ED76C381EB71A919D56E3FE82D9486FB70E34B8C56B3C4BC3613F57B90F399D9DEDDEFAEE6FFC4BC3633F7669E91AE7F2CB2E1B4C8E783F6AD3BCAFAADA681DBBE001675CD6D6E6E9EBE5BCE7B449490FEB0FC3642C27273F667DAD69BCF55DED297A37757B7A7B1CBB1BDB6CFD019A64DAB30CBDFBF76A3DBD8C73F970C9F3F1ED4CC96DE543B561C32EF57AFEF6F3B5EFC3F3B9BA9BE7E3CB94F4F4E7F5E5B7DE7A835E86B8B79EBBF7ACB233E4799B087E3FAA630B37D0A50DF7FB549854172D987DDFAC7D5726EA8C13F39DB9F6ACE474F577E602BD568C5F72448E4294A3CCCC85D691FE5F52AB563D63AECCF7500F3F7CB73EEF3ED2FF4BCEB4679E79BAD9245FAF4FEFDBB7D969B6ED691A1BF728DFC7CDCD7DC5DA0A9CACEEB863B4BAEBAE9BF5F4863E18D9DD5ED31E3D5A68ED365B6CAEE4CBD72DCAF47DDA9593B3D45C79CF6F363EEDC77737D00BADADF4E3F4E96DDB5E6B36FD88113F759EC3E4C9B7EAD3EEA3FC5FEF4C575C9CA6264C18E334239EF76F9FCEC8F80339224701ABBEBE545D7EF9BF39634DC6BF9C2E2B7BD3194BB2C7C439E79CADF6EFFFB3334E644F2D1973C9C9B3F49E53A3475FADB369E8DDB2373B7F65FAD4D4D9D696E9755653FC9ADFB1678F5B3B6315151BF47969BAEDE7664FBB7AF57CAFDBD7D4B8B750CB8700CB97CFD15F535AB2E449E7715B7A3C43EF529EE5DCAFA1BFC695190DEF477C871BE8DA86BB3CE4E5FE847F8E73BEAE6E47ABD3AF59B3C039DFD8B8DB3A90D2ABADDE2E25E5B156A791152ADFFBCEC959D225AF4B0817CC45668D0BB062D3914FF003FDD48ABFA3C206B392D39547856DEDB5EAD431909DBD5867424E1F3DBA3DE074E3C7DFD8624E3CEBC0813CE7FECACA32F44AD4860D8BF4A7FAF6CA5546469233FDB5D75EA16EBC7184B99294A3121367E892D3BED90DC7DC91A3E8CC918C616986EDB129A7E7CE9D666D85BB5F4D99729BD32C9794BCA16F6337DC95956F59DF032D331B82FEFA3E3CC79DE7E3D4D6BEA357B0F7EFCFD5CDBC9D33C9CEE1C35B9CE9E4BEE4B6D2FCA7A7279A2BF9D96AD6ACDF388F252BEB478E6C359B989DCDC6A7DCB7FC3F721F9ED93D76AC485FEE3BBDBB1928F768D6CBF5FF2AFF9F3D9DCBB5D7596ED8CB01DFDBCA73B31F931CF17EE4AF8A8B5F773E0492312CBB7257576FB40EE6B7D76B4CD9E364F1E2DFEBB1276357B2204DBBE4C1D07B6B14389994B127EF0DF65894DBCBFB908CE949936ED265BF1FC9F50D0DA5CEFC91E90A0B57EBAF6F6CDBB6CA6AC2D75BCD7C8ED7FF60E7CED05BD137EAEF72C7C7C739635FEED777ACCBE3C97396BD46E4B9CE9F3FDDDACDFDE968793FE228E540D736DCEF85AC4A4AD2CC2679A55AB060A6F57DB2A5E64AFE0BE602F47C73257EB6B9D0DC642DBC1FF7BA9D5C969CFCA83EED72B9B748C89B80EFFD1716BE662EAC53AC85768AFE74332EEEDFF569295960BB7739F4BE6F59F1AFAB2BD6CF4DCAD0BB43FDD2392DD785E2F509D182B9A52D081DFD24BFB5DF356DED775103196274CDEF9EB6F5B5EA94F95F559565359D2F3BE3A1B434BDD974870EE53B9FDECBB8EEDFFF872A2DED59BD22235992CBDC5BDD0A9DDB24263EA87F3FBBA6E64FCE65329D1C29DCDF73912D18B282E26F8CA6A73F17D6B92347D199A3A6A6BD7AF96F9F9F37EFB7D691FE473A99F12D69AE2513D5D56F9B0DF336B351F88375A4FF49FAFAC6C65DCAF371F7EC59A33FF0928641A691C774370DF96613FEA6B912FE807E4C7B7ACF8C555464EAE9ED3128EF6DBECF47F26CE8ADEC23F57392C7B2F32AF991AC48C3E33B9E258BF6749327DFA24FF7EDDB47CD9871A7DFF1BF72E55CE7B4FC4FF2DE6BE85D65DFB17617CE2247BC1FF9ADDADA3FEBF53143FF4CD7037A9CCAF25B3EDCB2C785E4C877FDECC8912D7A1D4EDE1FE4323B5B727B43EF75B1DC6C6A3738EB70AB573FD3E2D8B31FC3CE983C2F7B1D51C6B1E4F1F887BB81EF471EF3F8876CC7DFB3ECF549C9A0FB03EC04AFFCDA99B11F53FE46F8FB11BFC30D746DC35D16B23A7CB840BFF9373696EA727FD29F637D6AFFA25EB0DA2B089EB7B3177E478EBC6BFD4CC5837EEFDFFDC97EA273DE7D44D7E3D3BA8FE83A459F6E6828515959C9FA3673E7DE67ADE017990BF10CE7F1ECE7D9D4B42724AF8F11DE079768ED13FDD6566E8C76AEE4D8BB118E8BF61CB9B7D4FDD6392F5BAFA401F59CC6E5DA6DAE942FD4A7A5D12E2C5C65AE480C716EE75E0199E5759BFAFA1D5E2B0E999949FA3BB013278ED597D9974BC360DF46569A64D741693A8E6F7978D15A81CAB28E6C1E9EB92347D19D23197FF6789531191B7BB1F33E22E3D473DCB8B7705FE79C3F74C8FE79A30C7DDE7E1F92D3478F6E75DE7FE4C3A9DB6FFF59B371653FB69CAFAD757F775BB22479713706C7A77537DC65D6D1F90B9CC7DEB265458BEF5DF6F481C6B6FCCFFEAE93C7B71B6AC9B8BC0E867310AD32E7FF36F4AEF1779123DE8F02CE777B6CCB7897F71343EF1DB2C7B95EC697E7F4F21D6A199732E653539FD21FD8FA664696FB9EB791B128EF5F77DCF1735DBEEF339595EB9D4CCA07C365656BAD5FCE48759E9F6C9C31F4D6EF857EFF0F3BC30307C6A8CB2E1BE475DDFCF9F77BFD9F72B99D99BBEE1AE74C27CFC3D0BBBEBF1AE9EF4703CC7259CFC7659D3F11FA19EEEF6DDBFF7B0CAD16A017CC7B435AF6C2ACB232D3FA1474A7D50C645B5BF4D2FCDE66F5EA79D6016202DF7743C30E7321BE4E37E67673BE72E51C7DBAA6E66DDDA0F8BBEFB163AFF13A2FF7216F04EE159FFC90BE36613E5E026D5968EBCA4DB02B39F6E38D8BF61C19FA3B6937FABD7CC488CBBC2E938676F4E8ABCC95935FE89593C58B1FD35B9467CC98E85C66E8032D3DE3DC4759D91A7345E5157305668BD9FCFEC6FA5997623DCEED69B2B216398F215B347C1F57AAA969B7932DB9AF70CC1D398ACE1CD5D66ED6CDB3FB4328F76532D62FB9E45F9DF3F23E61BF5FD8E7656BF5F4E91374363C4B6EBB61C31F94BFC795F7A369D37EA51B072977037E83DFE7649F96C771EFD9E1BE5FF92B75F5D597377B5F93EC48032039966924FBF2BE28A7870DBB44E5E62E0938B6B3B35302BE46729DE7FBA8BB393F7EDDA851C3F463B6255FE4A8FBBD1FC9FA982CCFE5BDC05E0EBB9BDC57BCC685E77B85FB83D2D7F569976B97F37E63BF5FD8D314142CF3BACD820533F4F481C65E71F16B4E16E5AF7CC82BEF27723F8307FFD899561ECB1EF3727F921D69B03D7322FFC7C30FFF97DE2B44EAA9A7EE71DEBFECAAA878D3790CCFE7B170E143CEDF28783FCAF518E38927E8319EF1788CADB45980B360DE1392AAABDBAEB7444C9B365E2F186581B86FDF9F546AEA937A2177E44881B5B56BBB9E5ECEDF7AEBF57A1A43EF66FB925E495AB2E4719598385D5F9E97B7D45AF17FD7791CBBD1686C2CB13E897D419F9685AFBB613FFE9C5CAEE3DF0F92DBC88A956C2D2C2E5E65BDA92C0CD9EB633FF7081833B265C17777BA3B8DE07FD7D4DF4ACEC420B660444D8E72735F3657CA7FAAC7DBAA557375B33B63C6AFCD9565F796606916ECB16CE764FFFE6CA76975370FC9FAF632C6251B151519FABE65BA030772BDB2619FB63FF42A2F5FDB6CBC5755AD779A7D5949979CC6C5FD44FF9506DABD05604F58E68E1C759F1C3535ED0AE932BAAB2B94FF2F39EA9EEF47A118A3E198DB13F59CC22C47E33CC6B76CE5EEEC83A75D6C1CDF8A2E3581360B7016CCBB43562ED74E73E57FB373BEB4F4757321576AED7EF7BCD94CE45BDFCFD9EC753BF727A8AF998DC4466B57A5C08FE16E1264F7A645D6F7DD6ED6A7A549B8F9E6915ED3AE5E3DD7FAE4F515B3317851DFBF7D1F7BF6BCE1B1D53134AF8F1139BF57E8FB132D9E2B2B6D59B9315AB95D287F6AA54B735457B74D8F7BFBFC860D49CE18B7B35155956936AF3BFC8E97CCCC05CE7999C6D0C74658EC355D6DED26B3015FA7AAAB37E8FB96F1EEDE7AF18ED578BFE9D1E8B63C3EA74CB945DF6ECB9665619B3B72D4FD7244F17E448EC811396A937C8F86B8D2E8BC9F08939F022B37BCB76EF73200D80BE65D21ABFA7AF76F23DE78E370B32978C96A26DEB476934BD6D31C6F228EDFCED007E578C8393D75EA6D011FC3F3F686FEBEDB227D5A1ECF7D44D7E3D32E5FFEA4DE7D6FDEBCFBF4F9868622EBFB3CEBCDE6E30FD6C1727243F6FA44D00A8EE74AC8188F95958946F03FADE27BBB8EFEDE6A44E7C8D0DF6DFE1F7DBAAE6EABD540BF1470DAD8D88BD4A44963F53897317BC619A706BCEFA626FBEB1B6F5BDF815DEB8C77437F0F4EB64A17ABCB2F1FACEFAF5FBF1FA8FBEFFF9573FF32CDE8D12374BE7EF2930BC23677E4881C51BC1F91238A1CF91563B8F70AF16C8C3BDA744BB3EDB9BBBA1CE760102D16E0B5602E0D59353616793410A5D6D6B575D681645E719AF0BCBC97BD6E77BCE12E55478FBA0F3C73CA29279B0DC996668F61E823BAC69A2BFC0BAD2D6DE3F469F7115D2738D3D5D6FE49B95C3BF4CFBEC83435351BACA3CF96EAC6C3D0DF215A19D2D727C25670FCADE474C6968AAE38FA6B58E4E8C891779C2CC8F96DDB9659CDE7E680E3E5E187EF341BE82CA7DC1F5E2D6A76BFAB56CD562B573EA5EAEBB7E9CB0A0A969A0DF2F3BA41974C55576736BB7F791E9E8F6FE803B23D1CF0B9844BEEC851F7CE11C5FB113962FC92A316C9CF7679EEFA2D5BBADBBB7BB9DCCE73CB36BB92035DBD606E68701F855CBEAF6AAF98CB0AB87BAB5B966E0872725EF4BBC092EF81CAC171EC662423E33927DC070E6C0AB8A093C7696D613861C2CF9DE7274754BEFDF678E73AF7EEB0ACE0846025A7B35796222A477636D2D3E7A9A6A6127D991CDB60D8B07F6F71BC48D3EC7B59565652B3690F1FCEF5D87A5EAA9B683B3B923B43EFCE9DE6F731162C98AE1B7543FF26E9EFDB348EBB3277E4A8FBE688E2FD881C912372D426937C9A6E392D0752EBD7C6DBCB74CFF8DC87D423B456409834DCB2554BCE7B6EE99606DADF6DA4F990EBA74DFB0FBFD7FBDBCAEDB9A0F3DDDAE76F1A791EB2C5EFBCF3FE456F7DF3DD221FAA2DDD11BA82636F09E8C86E7791B8DB5EA7E5A8B4F435FDDD6A7BECC9DF59B3EE723E886A69BCD8BB94BB77FB5E68ED9A9DE9777AF9B04A1E4BFE0E1CF823AFEB240332FE03E53629E941EB006B7F6CD338EECADC91A3EE99238AF72372448EC85150C65B635DF934DE5956432E5BAFEDDDCD65B7F141D66DDE30DCBB8D7BDEAECEBA0D80EEB660B6B71476741A16CC41ADA404BB4520D20E481336390AA7B11B4EB92347E4882247E48822476D1263787FFFBA3DB5D5E03BDB000B6616CC2113EC6E7891BCDB1E392247E4881C912372448EA868C8D16D56E3ED0AB2D19E647034728005330BE6B05DC91962B877411A478E2872448EC811392247E4881C75B901663D60D65AB33E31ABC1FA1FE4EFA7867B77F399867BCB380016CC2C98BB5082B5F292D0C2F59F45C9CA0D392247E4881C912372448EA868CE110016CC2C982368CB42B4ECB6478EC811392247E4881C91238A861B000B6616CC61B392138D2B37E4881C912372448EC81139A268B801B06066C1DCA52B394951BA72438EC811392247E4881C91238A861B000B6616CC5D26C1FADF12C811458EC811392247E4881C91230034DC140BE6CED5871C51E4881C912372448EC811390240C34DB160063922472047E408E4882247005830B3600639A2C81139A2C811C8113902C0829962C14C8E28720472448E408EC8110016CC140B669023720472448E408E2872048005330B66902372448EC811458EC811458E00B060A6583093238A1C811C912390237204800533C58219E4881C811C912390238A1C0160C1CC8219E4881C811C51E4881C51E408000B668A053339A2C81118BFE408E4881C01882E279F7CD2770D0D852C14C3A0BEFA6AFB3E7396B81895E4882247E48822472047E4084014183CF8C787F2F397B0600C835ABFFEF9B7CD59B29351498E2872448E28720472448E004481ABAEBA6CDD9C3953593086418D1D7B559A394B121995E4882247E48822472047E40840141830E007B103069CF38DCBB5838563D7D6273D7AF4A83067491CA3921C51E4881C319EC911C81139021025FAF7FF616952D2832C1CBBB0C68CB96AA9392B72198DE4882247E4881C91239023720420BA0C3AF3CCD3EA8B8A56B090EC82CACF5FBADE9C0707CDBA98A1488E2872448EC811390239224700A24FFC39E79CFD7716CEA15F28F7E8D1A3C67CFDC73004C911458E408EC811C811390210C50BE7934EFAFEB179F3EEFB9CEFFE9CF8EFF658BB1B1D64A14C8E28720472448E408EC81180EE6150CF9EDFCB39FDF4530F4F9972CBEE4D9B5E3CC8EF3976DEEF31CA4F44C8512BAD0369C8777BD8DD881C51E408E4881C811C912300DDCCA566CD316BAB590D6629AAC3E532DCBFC7283F11C1512BC911458E408EC811C8113902000000000000000000000000000000000000000000000000000000000000000000000000000000000000000000000000000000A2DFFF0FF0398BADE63642580000000049454E44AE426082, '0');
INSERT INTO `act_ge_bytearray` VALUES ('5bf41594b7384216aae246a4cbb1ee31', '1', 'test_audit.bpmn20.xml', 'c55551be84674fe89db8d50871dc499e', 0x3C3F786D6C2076657273696F6E3D27312E302720656E636F64696E673D275554462D38273F3E0D0A3C646566696E6974696F6E7320786D6C6E733D22687474703A2F2F7777772E6F6D672E6F72672F737065632F42504D4E2F32303130303532342F4D4F44454C2220786D6C6E733A7873693D22687474703A2F2F7777772E77332E6F72672F323030312F584D4C536368656D612D696E7374616E63652220786D6C6E733A61637469766974693D22687474703A2F2F61637469766974692E6F72672F62706D6E2220786D6C6E733A62706D6E64693D22687474703A2F2F7777772E6F6D672E6F72672F737065632F42504D4E2F32303130303532342F44492220786D6C6E733A6F6D6764633D22687474703A2F2F7777772E6F6D672E6F72672F737065632F44442F32303130303532342F44432220786D6C6E733A6F6D6764693D22687474703A2F2F7777772E6F6D672E6F72672F737065632F44442F32303130303532342F44492220747970654C616E67756167653D22687474703A2F2F7777772E77332E6F72672F323030312F584D4C536368656D61222065787072657373696F6E4C616E67756167653D22687474703A2F2F7777772E77332E6F72672F313939392F585061746822207461726765744E616D6573706163653D22687474703A2F2F7777772E61637469766974692E6F72672F74657374223E0D0A20203C70726F636573732069643D22746573745F617564697422206E616D653D22E6B581E7A88BE5AEA1E689B9E6B58BE8AF95E6B581E7A88B2220697345786563757461626C653D2274727565223E0D0A202020203C73746172744576656E742069643D22737461727422206E616D653D22E590AFE58AA8E5AEA1E689B9222061637469766974693A696E69746961746F723D226170706C79222061637469766974693A666F726D4B65793D222F6F612F7465737441756469742F666F726D222F3E0D0A202020203C656E644576656E742069643D22656E6422206E616D653D22E7BB93E69D9FE5AEA1E689B9222F3E0D0A202020203C757365725461736B2069643D226D6F6469667922206E616D653D22E59198E5B7A5E896AAE985ACE6A1A3E7BAA7E4BFAEE694B9222061637469766974693A61737369676E65653D22247B6170706C797D222F3E0D0A202020203C757365725461736B2069643D22617564697422206E616D653D22E896AAE985ACE4B8BBE7AEA1E5889DE5AEA1222061637469766974693A61737369676E65653D227468696E6B67656D222F3E0D0A202020203C6578636C7573697665476174657761792069643D227369642D43323842423546362D303133442D343537302D423433322D363142333830433146343646222F3E0D0A202020203C757365725461736B2069643D2261756469743222206E616D653D22E99B86E59BA2E4BABAE58A9BE8B584E6BA90E983A8E983A8E995BFE5AEA1E6A0B8222061637469766974693A61737369676E65653D227468696E6B67656D222F3E0D0A202020203C6578636C7573697665476174657761792069643D227369642D45443436464534312D413046442D343936442D383644432D324339374146353733354630222F3E0D0A202020203C73657175656E6365466C6F772069643D227369642D45463246353142422D314439392D344630422D414346322D4236433133303041374432422220736F757263655265663D2261756469743222207461726765745265663D227369642D45443436464534312D413046442D343936442D383644432D324339374146353733354630222F3E0D0A202020203C757365725461736B2069643D2261756469743322206E616D653D22E99B86E59BA2E4BABAE58A9BE8B584E6BA90E983A8E58886E7AEA1E9A286E5AFBCE5AEA1E6A0B8222061637469766974693A61737369676E65653D227468696E6B67656D222F3E0D0A202020203C6578636C7573697665476174657761792069643D227369642D46453438354232442D394132332D343233362D424430442D443738384341364533304534222F3E0D0A202020203C73657175656E6365466C6F772069643D227369642D33444243443636312D353732302D343438302D383135362D3734384245303237354645462220736F757263655265663D2261756469743322207461726765745265663D227369642D46453438354232442D394132332D343233362D424430442D443738384341364533304534222F3E0D0A202020203C757365725461736B2069643D2261756469743422206E616D653D22E99B86E59BA2E680BBE7BB8FE79086E5AEA1E689B9222061637469766974693A61737369676E65653D227468696E6B67656D222F3E0D0A202020203C6578636C7573697665476174657761792069643D227369642D33463533423642442D463846332D343936422D414330382D353036333042443131343737222F3E0D0A202020203C757365725461736B2069643D226170706C795F656E6422206E616D653D22E896AAE985ACE6A1A3E7BAA7E58591E78EB0222061637469766974693A61737369676E65653D227468696E6B67656D222F3E0D0A202020203C73657175656E6365466C6F772069643D227369642D30324442324144392D313333322D343139382D414338442D3232413335313639443135432220736F757263655265663D2261756469743422207461726765745265663D227369642D33463533423642442D463846332D343936422D414330382D353036333042443131343737222F3E0D0A202020203C73657175656E6365466C6F772069643D227369642D32414237433031412D353045452D344141432D384338462D4636453139333542334441372220736F757263655265663D22617564697422207461726765745265663D227369642D43323842423546362D303133442D343537302D423433322D363142333830433146343646222F3E0D0A202020203C73657175656E6365466C6F772069643D227369642D33364535304338422D364337432D343936382D423032442D4542414134323542463442452220736F757263655265663D22737461727422207461726765745265663D226175646974222F3E0D0A202020203C73657175656E6365466C6F772069643D227369642D37443732333139302D313433322D343131442D413441342D37373432323545353443443922206E616D653D22E698AF2220736F757263655265663D227369642D33463533423642442D463846332D343936422D414330382D35303633304244313134373722207461726765745265663D226170706C795F656E64223E0D0A2020202020203C636F6E646974696F6E45787072657373696F6E207873693A747970653D2274466F726D616C45787072657373696F6E223E3C215B43444154415B247B706173733D3D317D5D5D3E3C2F636F6E646974696F6E45787072657373696F6E3E0D0A202020203C2F73657175656E6365466C6F773E0D0A202020203C73657175656E6365466C6F772069643D227369642D44343443414434332D303237312D343932302D413532342D39423835333345353235353022206E616D653D22E698AF2220736F757263655265663D227369642D46453438354232442D394132332D343233362D424430442D44373838434136453330453422207461726765745265663D22617564697434223E0D0A2020202020203C636F6E646974696F6E45787072657373696F6E207873693A747970653D2274466F726D616C45787072657373696F6E223E3C215B43444154415B247B706173733D3D317D5D5D3E3C2F636F6E646974696F6E45787072657373696F6E3E0D0A202020203C2F73657175656E6365466C6F773E0D0A202020203C73657175656E6365466C6F772069643D227369642D35333235383530322D343345452D344445382D423141342D44424431313932324238414622206E616D653D22E590A62220736F757263655265663D227369642D43323842423546362D303133442D343537302D423433322D36314233383043314634364622207461726765745265663D226D6F64696679223E0D0A2020202020203C636F6E646974696F6E45787072657373696F6E207873693A747970653D2274466F726D616C45787072657373696F6E223E3C215B43444154415B247B706173733D3D307D5D5D3E3C2F636F6E646974696F6E45787072657373696F6E3E0D0A202020203C2F73657175656E6365466C6F773E0D0A202020203C6578636C7573697665476174657761792069643D227369642D35464544303244362D433338382D343843362D383730452D303937444232313331454130222F3E0D0A202020203C73657175656E6365466C6F772069643D227369642D31363344424336302D444243392D343338422D393731412D3637373338464237373135412220736F757263655265663D226D6F6469667922207461726765745265663D227369642D35464544303244362D433338382D343843362D383730452D303937444232313331454130222F3E0D0A202020203C73657175656E6365466C6F772069643D227369642D37323235384134312D323033452D343238432D423731442D43413335303632353244373322206E616D653D22E698AF2220736F757263655265663D227369642D43323842423546362D303133442D343537302D423433322D36314233383043314634364622207461726765745265663D22617564697432223E0D0A2020202020203C636F6E646974696F6E45787072657373696F6E207873693A747970653D2274466F726D616C45787072657373696F6E223E3C215B43444154415B247B706173733D3D317D5D5D3E3C2F636F6E646974696F6E45787072657373696F6E3E0D0A202020203C2F73657175656E6365466C6F773E0D0A202020203C73657175656E6365466C6F772069643D227369642D38343438454634412D423632452D343839392D414243322D30453244423241453638333822206E616D653D22E9878DE696B0E794B3E8AFB72220736F757263655265663D227369642D35464544303244362D433338382D343843362D383730452D30393744423231333145413022207461726765745265663D226175646974223E0D0A2020202020203C636F6E646974696F6E45787072657373696F6E207873693A747970653D2274466F726D616C45787072657373696F6E223E3C215B43444154415B247B706173733D3D317D5D5D3E3C2F636F6E646974696F6E45787072657373696F6E3E0D0A202020203C2F73657175656E6365466C6F773E0D0A202020203C73657175656E6365466C6F772069643D227369642D41373538393038342D343632332D344645412D413737342D30304137304444433144323022206E616D653D22E698AF2220736F757263655265663D227369642D45443436464534312D413046442D343936442D383644432D32433937414635373335463022207461726765745265663D22617564697433223E0D0A2020202020203C636F6E646974696F6E45787072657373696F6E207873693A747970653D2274466F726D616C45787072657373696F6E223E3C215B43444154415B247B706173733D3D317D5D5D3E3C2F636F6E646974696F6E45787072657373696F6E3E0D0A202020203C2F73657175656E6365466C6F773E0D0A202020203C73657175656E6365466C6F772069643D227369642D46413631383633362D333730382D344430432D383531342D32394134424238424339323622206E616D653D22E590A62220736F757263655265663D227369642D45443436464534312D413046442D343936442D383644432D32433937414635373335463022207461726765745265663D226D6F64696679223E0D0A2020202020203C636F6E646974696F6E45787072657373696F6E207873693A747970653D2274466F726D616C45787072657373696F6E223E3C215B43444154415B247B706173733D3D307D5D5D3E3C2F636F6E646974696F6E45787072657373696F6E3E0D0A202020203C2F73657175656E6365466C6F773E0D0A202020203C73657175656E6365466C6F772069643D227369642D31353235424646342D334539442D344438412D424638302D31463633414645313632383922206E616D653D22E590A62220736F757263655265663D227369642D46453438354232442D394132332D343233362D424430442D44373838434136453330453422207461726765745265663D226D6F64696679223E0D0A2020202020203C636F6E646974696F6E45787072657373696F6E207873693A747970653D2274466F726D616C45787072657373696F6E223E3C215B43444154415B247B706173733D3D307D5D5D3E3C2F636F6E646974696F6E45787072657373696F6E3E0D0A202020203C2F73657175656E6365466C6F773E0D0A202020203C73657175656E6365466C6F772069643D227369642D33354343384336432D313036372D343339382D393931432D43434639353531313539363522206E616D653D22E590A62220736F757263655265663D227369642D33463533423642442D463846332D343936422D414330382D35303633304244313134373722207461726765745265663D226D6F64696679223E0D0A2020202020203C636F6E646974696F6E45787072657373696F6E207873693A747970653D2274466F726D616C45787072657373696F6E223E3C215B43444154415B247B706173733D3D307D5D5D3E3C2F636F6E646974696F6E45787072657373696F6E3E0D0A202020203C2F73657175656E6365466C6F773E0D0A202020203C73657175656E6365466C6F772069643D227369642D42444230414142322D374535302D344433352D383045452D4345304245434444394635372220736F757263655265663D226170706C795F656E6422207461726765745265663D22656E64222F3E0D0A202020203C73657175656E6365466C6F772069643D227369642D34344146423943312D343035372D344334382D423146322D31454338393741353243423722206E616D653D22E99480E6AF812220736F757263655265663D227369642D35464544303244362D433338382D343843362D383730452D30393744423231333145413022207461726765745265663D22656E64223E0D0A2020202020203C636F6E646974696F6E45787072657373696F6E207873693A747970653D2274466F726D616C45787072657373696F6E223E3C215B43444154415B247B706173733D3D307D5D5D3E3C2F636F6E646974696F6E45787072657373696F6E3E0D0A202020203C2F73657175656E6365466C6F773E0D0A20203C2F70726F636573733E0D0A20203C62706D6E64693A42504D4E4469616772616D2069643D2242504D4E4469616772616D5F746573745F6175646974223E0D0A202020203C62706D6E64693A42504D4E506C616E652062706D6E456C656D656E743D22746573745F6175646974222069643D2242504D4E506C616E655F746573745F6175646974223E0D0A2020202020203C62706D6E64693A42504D4E53686170652062706D6E456C656D656E743D227374617274222069643D2242504D4E53686170655F7374617274223E0D0A20202020202020203C6F6D6764633A426F756E6473206865696768743D2233302E30222077696474683D2233302E302220783D2233302E302220793D223234352E30222F3E0D0A2020202020203C2F62706D6E64693A42504D4E53686170653E0D0A2020202020203C62706D6E64693A42504D4E53686170652062706D6E456C656D656E743D22656E64222069643D2242504D4E53686170655F656E64223E0D0A20202020202020203C6F6D6764633A426F756E6473206865696768743D2232382E30222077696474683D2232382E302220783D223937352E302220793D223335362E30222F3E0D0A2020202020203C2F62706D6E64693A42504D4E53686170653E0D0A2020202020203C62706D6E64693A42504D4E53686170652062706D6E456C656D656E743D226D6F64696679222069643D2242504D4E53686170655F6D6F64696679223E0D0A20202020202020203C6F6D6764633A426F756E6473206865696768743D2235382E30222077696474683D223130322E302220783D223230392E302220793D223133352E30222F3E0D0A2020202020203C2F62706D6E64693A42504D4E53686170653E0D0A2020202020203C62706D6E64693A42504D4E53686170652062706D6E456C656D656E743D226175646974222069643D2242504D4E53686170655F6175646974223E0D0A20202020202020203C6F6D6764633A426F756E6473206865696768743D2235372E30222077696474683D2239362E302220783D223130352E302220793D223233312E35222F3E0D0A2020202020203C2F62706D6E64693A42504D4E53686170653E0D0A2020202020203C62706D6E64693A42504D4E53686170652062706D6E456C656D656E743D227369642D43323842423546362D303133442D343537302D423433322D363142333830433146343646222069643D2242504D4E53686170655F7369642D43323842423546362D303133442D343537302D423433322D363142333830433146343646223E0D0A20202020202020203C6F6D6764633A426F756E6473206865696768743D2234302E30222077696474683D2234302E302220783D223234302E302220793D223234302E30222F3E0D0A2020202020203C2F62706D6E64693A42504D4E53686170653E0D0A2020202020203C62706D6E64693A42504D4E53686170652062706D6E456C656D656E743D22617564697432222069643D2242504D4E53686170655F617564697432223E0D0A20202020202020203C6F6D6764633A426F756E6473206865696768743D2238302E30222077696474683D223130302E302220783D223231302E302220793D223333302E30222F3E0D0A2020202020203C2F62706D6E64693A42504D4E53686170653E0D0A2020202020203C62706D6E64693A42504D4E53686170652062706D6E456C656D656E743D227369642D45443436464534312D413046442D343936442D383644432D324339374146353733354630222069643D2242504D4E53686170655F7369642D45443436464534312D413046442D343936442D383644432D324339374146353733354630223E0D0A20202020202020203C6F6D6764633A426F756E6473206865696768743D2234302E30222077696474683D2234302E302220783D223334352E302220793D223335302E30222F3E0D0A2020202020203C2F62706D6E64693A42504D4E53686170653E0D0A2020202020203C62706D6E64693A42504D4E53686170652062706D6E456C656D656E743D22617564697433222069643D2242504D4E53686170655F617564697433223E0D0A20202020202020203C6F6D6764633A426F756E6473206865696768743D2238302E30222077696474683D223130302E302220783D223432302E302220793D223333302E30222F3E0D0A2020202020203C2F62706D6E64693A42504D4E53686170653E0D0A2020202020203C62706D6E64693A42504D4E53686170652062706D6E456C656D656E743D227369642D46453438354232442D394132332D343233362D424430442D443738384341364533304534222069643D2242504D4E53686170655F7369642D46453438354232442D394132332D343233362D424430442D443738384341364533304534223E0D0A20202020202020203C6F6D6764633A426F756E6473206865696768743D2234302E30222077696474683D2234302E302220783D223535352E302220793D223335302E30222F3E0D0A2020202020203C2F62706D6E64693A42504D4E53686170653E0D0A2020202020203C62706D6E64693A42504D4E53686170652062706D6E456C656D656E743D22617564697434222069643D2242504D4E53686170655F617564697434223E0D0A20202020202020203C6F6D6764633A426F756E6473206865696768743D2238302E30222077696474683D223130302E302220783D223633302E302220793D223333302E30222F3E0D0A2020202020203C2F62706D6E64693A42504D4E53686170653E0D0A2020202020203C62706D6E64693A42504D4E53686170652062706D6E456C656D656E743D227369642D33463533423642442D463846332D343936422D414330382D353036333042443131343737222069643D2242504D4E53686170655F7369642D33463533423642442D463846332D343936422D414330382D353036333042443131343737223E0D0A20202020202020203C6F6D6764633A426F756E6473206865696768743D2234302E30222077696474683D2234302E302220783D223736352E302220793D223335302E30222F3E0D0A2020202020203C2F62706D6E64693A42504D4E53686170653E0D0A2020202020203C62706D6E64693A42504D4E53686170652062706D6E456C656D656E743D226170706C795F656E64222069643D2242504D4E53686170655F6170706C795F656E64223E0D0A20202020202020203C6F6D6764633A426F756E6473206865696768743D2238302E30222077696474683D223130302E302220783D223834302E302220793D223333302E30222F3E0D0A2020202020203C2F62706D6E64693A42504D4E53686170653E0D0A2020202020203C62706D6E64693A42504D4E53686170652062706D6E456C656D656E743D227369642D35464544303244362D433338382D343843362D383730452D303937444232313331454130222069643D2242504D4E53686170655F7369642D35464544303244362D433338382D343843362D383730452D303937444232313331454130223E0D0A20202020202020203C6F6D6764633A426F756E6473206865696768743D2234302E30222077696474683D2234302E302220783D223234302E302220793D2234352E30222F3E0D0A2020202020203C2F62706D6E64693A42504D4E53686170653E0D0A2020202020203C62706D6E64693A42504D4E456467652062706D6E456C656D656E743D227369642D33444243443636312D353732302D343438302D383135362D373438424530323735464546222069643D2242504D4E456467655F7369642D33444243443636312D353732302D343438302D383135362D373438424530323735464546223E0D0A20202020202020203C6F6D6764693A776179706F696E7420783D223532302E302220793D223337302E30222F3E0D0A20202020202020203C6F6D6764693A776179706F696E7420783D223535352E302220793D223337302E30222F3E0D0A2020202020203C2F62706D6E64693A42504D4E456467653E0D0A2020202020203C62706D6E64693A42504D4E456467652062706D6E456C656D656E743D227369642D34344146423943312D343035372D344334382D423146322D314543383937413532434237222069643D2242504D4E456467655F7369642D34344146423943312D343035372D344334382D423146322D314543383937413532434237223E0D0A20202020202020203C6F6D6764693A776179706F696E7420783D223238302E302220793D2236352E30222F3E0D0A20202020202020203C6F6D6764693A776179706F696E7420783D223938392E302220793D2236352E30222F3E0D0A20202020202020203C6F6D6764693A776179706F696E7420783D223938392E302220793D223335362E30222F3E0D0A2020202020203C2F62706D6E64693A42504D4E456467653E0D0A2020202020203C62706D6E64693A42504D4E456467652062706D6E456C656D656E743D227369642D38343438454634412D423632452D343839392D414243322D304532444232414536383338222069643D2242504D4E456467655F7369642D38343438454634412D423632452D343839392D414243322D304532444232414536383338223E0D0A20202020202020203C6F6D6764693A776179706F696E7420783D223234302E302220793D2236352E30222F3E0D0A20202020202020203C6F6D6764693A776179706F696E7420783D223135332E302220793D2236352E30222F3E0D0A20202020202020203C6F6D6764693A776179706F696E7420783D223135332E302220793D223233312E35222F3E0D0A2020202020203C2F62706D6E64693A42504D4E456467653E0D0A2020202020203C62706D6E64693A42504D4E456467652062706D6E456C656D656E743D227369642D41373538393038342D343632332D344645412D413737342D303041373044444331443230222069643D2242504D4E456467655F7369642D41373538393038342D343632332D344645412D413737342D303041373044444331443230223E0D0A20202020202020203C6F6D6764693A776179706F696E7420783D223338352E302220793D223337302E30222F3E0D0A20202020202020203C6F6D6764693A776179706F696E7420783D223432302E302220793D223337302E30222F3E0D0A2020202020203C2F62706D6E64693A42504D4E456467653E0D0A2020202020203C62706D6E64693A42504D4E456467652062706D6E456C656D656E743D227369642D33354343384336432D313036372D343339382D393931432D434346393535313135393635222069643D2242504D4E456467655F7369642D33354343384336432D313036372D343339382D393931432D434346393535313135393635223E0D0A20202020202020203C6F6D6764693A776179706F696E7420783D223738352E302220793D223335302E30222F3E0D0A20202020202020203C6F6D6764693A776179706F696E7420783D223738352E302220793D223136342E30222F3E0D0A20202020202020203C6F6D6764693A776179706F696E7420783D223331312E302220793D223136342E30222F3E0D0A2020202020203C2F62706D6E64693A42504D4E456467653E0D0A2020202020203C62706D6E64693A42504D4E456467652062706D6E456C656D656E743D227369642D45463246353142422D314439392D344630422D414346322D423643313330304137443242222069643D2242504D4E456467655F7369642D45463246353142422D314439392D344630422D414346322D423643313330304137443242223E0D0A20202020202020203C6F6D6764693A776179706F696E7420783D223331302E302220793D223337302E30222F3E0D0A20202020202020203C6F6D6764693A776179706F696E7420783D223334352E302220793D223337302E30222F3E0D0A2020202020203C2F62706D6E64693A42504D4E456467653E0D0A2020202020203C62706D6E64693A42504D4E456467652062706D6E456C656D656E743D227369642D37443732333139302D313433322D343131442D413441342D373734323235453534434439222069643D2242504D4E456467655F7369642D37443732333139302D313433322D343131442D413441342D373734323235453534434439223E0D0A20202020202020203C6F6D6764693A776179706F696E7420783D223830352E302220793D223337302E30222F3E0D0A20202020202020203C6F6D6764693A776179706F696E7420783D223834302E302220793D223337302E30222F3E0D0A2020202020203C2F62706D6E64693A42504D4E456467653E0D0A2020202020203C62706D6E64693A42504D4E456467652062706D6E456C656D656E743D227369642D32414237433031412D353045452D344141432D384338462D463645313933354233444137222069643D2242504D4E456467655F7369642D32414237433031412D353045452D344141432D384338462D463645313933354233444137223E0D0A20202020202020203C6F6D6764693A776179706F696E7420783D223230312E302220793D223236302E30222F3E0D0A20202020202020203C6F6D6764693A776179706F696E7420783D223234302E302220793D223236302E30222F3E0D0A2020202020203C2F62706D6E64693A42504D4E456467653E0D0A2020202020203C62706D6E64693A42504D4E456467652062706D6E456C656D656E743D227369642D44343443414434332D303237312D343932302D413532342D394238353333453532353530222069643D2242504D4E456467655F7369642D44343443414434332D303237312D343932302D413532342D394238353333453532353530223E0D0A20202020202020203C6F6D6764693A776179706F696E7420783D223539352E302220793D223337302E30222F3E0D0A20202020202020203C6F6D6764693A776179706F696E7420783D223633302E302220793D223337302E30222F3E0D0A2020202020203C2F62706D6E64693A42504D4E456467653E0D0A2020202020203C62706D6E64693A42504D4E456467652062706D6E456C656D656E743D227369642D46413631383633362D333730382D344430432D383531342D323941344242384243393236222069643D2242504D4E456467655F7369642D46413631383633362D333730382D344430432D383531342D323941344242384243393236223E0D0A20202020202020203C6F6D6764693A776179706F696E7420783D223336352E302220793D223335302E30222F3E0D0A20202020202020203C6F6D6764693A776179706F696E7420783D223336352E302220793D223136342E30222F3E0D0A20202020202020203C6F6D6764693A776179706F696E7420783D223331312E302220793D223136342E30222F3E0D0A2020202020203C2F62706D6E64693A42504D4E456467653E0D0A2020202020203C62706D6E64693A42504D4E456467652062706D6E456C656D656E743D227369642D30324442324144392D313333322D343139382D414338442D323241333531363944313543222069643D2242504D4E456467655F7369642D30324442324144392D313333322D343139382D414338442D323241333531363944313543223E0D0A20202020202020203C6F6D6764693A776179706F696E7420783D223733302E302220793D223337302E30222F3E0D0A20202020202020203C6F6D6764693A776179706F696E7420783D223736352E302220793D223337302E30222F3E0D0A2020202020203C2F62706D6E64693A42504D4E456467653E0D0A2020202020203C62706D6E64693A42504D4E456467652062706D6E456C656D656E743D227369642D33364535304338422D364337432D343936382D423032442D454241413432354246344245222069643D2242504D4E456467655F7369642D33364535304338422D364337432D343936382D423032442D454241413432354246344245223E0D0A20202020202020203C6F6D6764693A776179706F696E7420783D2236302E302220793D223236302E30222F3E0D0A20202020202020203C6F6D6764693A776179706F696E7420783D223130352E302220793D223236302E30222F3E0D0A2020202020203C2F62706D6E64693A42504D4E456467653E0D0A2020202020203C62706D6E64693A42504D4E456467652062706D6E456C656D656E743D227369642D35333235383530322D343345452D344445382D423141342D444244313139323242384146222069643D2242504D4E456467655F7369642D35333235383530322D343345452D344445382D423141342D444244313139323242384146223E0D0A20202020202020203C6F6D6764693A776179706F696E7420783D223236302E302220793D223234302E30222F3E0D0A20202020202020203C6F6D6764693A776179706F696E7420783D223236302E302220793D223139332E30222F3E0D0A2020202020203C2F62706D6E64693A42504D4E456467653E0D0A2020202020203C62706D6E64693A42504D4E456467652062706D6E456C656D656E743D227369642D31363344424336302D444243392D343338422D393731412D363737333846423737313541222069643D2242504D4E456467655F7369642D31363344424336302D444243392D343338422D393731412D363737333846423737313541223E0D0A20202020202020203C6F6D6764693A776179706F696E7420783D223236302E302220793D223133352E30222F3E0D0A20202020202020203C6F6D6764693A776179706F696E7420783D223236302E302220793D2238352E30222F3E0D0A2020202020203C2F62706D6E64693A42504D4E456467653E0D0A2020202020203C62706D6E64693A42504D4E456467652062706D6E456C656D656E743D227369642D42444230414142322D374535302D344433352D383045452D434530424543444439463537222069643D2242504D4E456467655F7369642D42444230414142322D374535302D344433352D383045452D434530424543444439463537223E0D0A20202020202020203C6F6D6764693A776179706F696E7420783D223934302E302220793D223337302E30222F3E0D0A20202020202020203C6F6D6764693A776179706F696E7420783D223937352E302220793D223337302E30222F3E0D0A2020202020203C2F62706D6E64693A42504D4E456467653E0D0A2020202020203C62706D6E64693A42504D4E456467652062706D6E456C656D656E743D227369642D31353235424646342D334539442D344438412D424638302D314636334146453136323839222069643D2242504D4E456467655F7369642D31353235424646342D334539442D344438412D424638302D314636334146453136323839223E0D0A20202020202020203C6F6D6764693A776179706F696E7420783D223537352E302220793D223335302E30222F3E0D0A20202020202020203C6F6D6764693A776179706F696E7420783D223537352E302220793D223136342E30222F3E0D0A20202020202020203C6F6D6764693A776179706F696E7420783D223331312E302220793D223136342E30222F3E0D0A2020202020203C2F62706D6E64693A42504D4E456467653E0D0A2020202020203C62706D6E64693A42504D4E456467652062706D6E456C656D656E743D227369642D37323235384134312D323033452D343238432D423731442D434133353036323532443733222069643D2242504D4E456467655F7369642D37323235384134312D323033452D343238432D423731442D434133353036323532443733223E0D0A20202020202020203C6F6D6764693A776179706F696E7420783D223236302E302220793D223238302E30222F3E0D0A20202020202020203C6F6D6764693A776179706F696E7420783D223236302E302220793D223333302E30222F3E0D0A2020202020203C2F62706D6E64693A42504D4E456467653E0D0A202020203C2F62706D6E64693A42504D4E506C616E653E0D0A20203C2F62706D6E64693A42504D4E4469616772616D3E0D0A3C2F646566696E6974696F6E733E, '0');
INSERT INTO `act_ge_bytearray` VALUES ('799fb44c5cbc427bb9066601434fc8da', '1', 'leave.leave.png', 'e08dd2faf5a5449f92324c839e84a29b', 0x89504E470D0A1A0A0000000D49484452000002C10000014A0806000000FC2E82F2000032754944415478DAEDDD0B7C54E59DFFF1A878ABF71697B26AA9ADA5ACAB9655BC5005A37F94A014299A0C931BB1D41423908B2250CC268AFCA5CA4A3293807451D4AA54A95CCC0A6A3233929442052B4510942A220690C852408A5CECD9E77732CF70329949322493CCCCF9BC5FAFE735995B02E79CDFF37CE79967CE242501000000000000000000000000000000000000000000000000000000000000000000000000000000000000000000000000000000000000000000000000000000000000000000000000000000000000000000000000000000000000000000000000000000000000000000000000000000000000000000000000000000000000000000000000000000000000000000000000000000000000000000000000000000000000000000000000000000000000000000000000000000000000000000000000000000000000000000000000000000000000000000000000000000000000000000000000000000000000000000000000000000000000000000000000000000000000000000000000000000000000000000000000000000000000000000000000000000000000000000000000000000000000000000000000000000000000000000000000000000402B0CC3E8F6C9279F2C58B56AD5371E8FC7A8AEAEA6C540ABA9A9316A6B6BBF542D93A314F41734FA0B509FD4273A98144C5D5D9DB16BD72EE3D0A143B4186A0D0D0DC6F2E5CBF7AA02BA8B2315F41734FA0B509FD4273A90BC62A46062BA700EA957921B3952417F41A3BF00F5497DA203C95B261C9CB1DD54D11CE14805FD058DFE02D427F5890E24EB55383063BE680C8E54D05FD0E82F407D529FE882A2F9EAEF3B8C4F56CF3336D43C6236F9596EE3A0A668407F417F417F01EA93467D2664D1ECDF536FAC7FB3D8F8EBEB139A34B94DEEE3C0A66862C8B96C02FA0BFA0B6A9AFAA43EA94F7448D16CDBF05AB382D1EDF30D551CD8144DAC4851CDF05F82FE82FE829AA63EA94FEA13ED2B9A8DBEDF842D1AB98F039BA289018354DBA3DA4CFFE5503609FD05FD05354D7D529FD427DA5534EBAB4BC3168DDCC7814DD1C4C86039D4327BD4C0A0497F417F414D539FD427F5E9575A5A7A6E6565E5A353A74E5D535C5CDC90979777382323C3183972A4D97273738F3EF8E0837B1E79E491B5B366CD9AF3D0430FFD90A2A16818D4E26AB06CED76D05FD05F50D3D427F5699FFA9C366DDAE0929292F7323333FFA9C2AFB178F16263DDBA75E6B7AA1C3D7AD4D076EFDE6D6CDAB4C978E38D378C19336618F278158AB7A9E7E426272777B36BD1C8A747C3158DDCC781CDA0D645525A1914F5FDAC27A4BFA0BFA0A6A94FEAD35EF5595050F0FDC99327AFFDE52F7FF9CF050B1698213712870F1F3656AC58613CF4D043FFCCCBCBDB79CF3DF70CB363D16C5E5111B668E43E0E6C06B52E1C2C5B1B0C993DA2BFA0BFA0A6A94FEAD35EF5595C5C3C76F4E8D1479E7BEE39E3C08103467BAD5EBDDA5021F8F098316316A7A6A69E69A7A2D95DBFCE58FF5649F3B74ED46D721F0736835A17BD5D9A12A5C783FE82FE829AA63E69F1599F93264D9A73DF7DF71D7DF7DD778D8EB46FDF3EA3B2B2F2704E4ECE761584BF6B97A291B665CDF3CD8A466EE3A06650EBA2C172E8713C6F3F8326FD05FD05354D7D529F095B9F1280C78E1DFB8DACF78D96975E7AE99BCCCCCCBD2A085F628BA2F9FA6B63F39F66377FEB44DD26F7716033A8C5F860C9DBA8F417F417D434F5497D26767DCA120899018E6600D6962C59F2B50AC2F5F13E23DC5AD1C837C87CB4C21D760D91DCC7B7CC30A87582940E1AEC521834E92FE82FA869EA93FA4CA8FA940FC1C91AE0B56BD71A9DE5C5175FDC9E9E9EFE5A3C9F39226CD1A857843B367B8DF7DFF875D882D14D1E238FE555242138CA836547BDEDC9EC11FD05FD05354D7D529F89539F93264D7A5F3E04D7D9F2F3F3B73B1C8EB1895434ADBD5AE45524835A17BC5DAA07CB13541BE5BF8C44F0F3F8600DFD05FD05354D7D529FF15F9F721E60390D5A479C052252F5F5F547D3D3D3FFD7E974764F94A269CBABC5965E4572A01382A334BB2383DDD3AA19FECB1322182C433D8F204C7F417F414D539FD4677CD7A77C11C6C2850B8DAE327DFAF40D2A043F96284573BC05A31B073A21384A6F6F8EF20F7A460483A675B0D42D3BC4DBB22C8DA0BFA0BFA0A6A94FEA33BEEA53BE0A59BED92DD22FC2E8E0D9E05D2A047F198F6B83DB7A4A151A835A270A3788851AFC5A1A34433D7E6E88C7B39E90FE82FE829AA63E69F1579FB367CF7E4CBE0AB9ABDD7BEFBD1FAA207C03454323042725A95AA83ECE7A68ED03336D1D34DB3A5826F1366ADBF717FD857DFB0B6A9AFAA4C5607D4E9D3A754D5555559787E0B2B2B215B1B42482A2A168BAD2C891230D69721C3A1C8EEB227CBBB4B541ABB54133D2C1D2FAF71BEC3823DCD6FD457F61DFFE829AA63E6931589FC5C5C50DEBD6ADEBF210BC6AD5AAB5EA20F551343442F0B1E3CFD296B5F2A22CD2B72FC30D9A271EE760D9DADBB6B608C1ADED2FFA0B4230354D7DD262A83EF3F2F20E77C69763B466E7CE9D3BD481B983A2A11182431E7F811765218EC3E35DBF176AD0FCB01D83657BFF3D89148243EE2FFA0B4230354D7DD262A83E3332328CA3478F1AB1400E4A8A8646080E7FFC595F94F9DFA168EF2C4DA841B33D8365A46FE32674080EDE5FF41784606A9AFAA4C5507DCA01102BE221045334F1D7DAB02FE3B28D1831420F6C33DB79B89F1862B6E843FFEDED313351B7FDF136FA0BFA0B6A9AFAA431131C3604DBBD68A4B37AFCF1C79BECF0F4F47463C99225C659679D65AC5FBF3E70DFF6EDDBCDC7CB6D9B376F366EBFFD76B3C9632FBAE822E3B7BFFD6D93DFBD69D326F3F1F2BC952B571A69696966CBCECE369F23F7599FF3CE3BEF183FFFF9CF038F09F7B870FF8F193366B4FA98071E78C0FCF9E5975F360E1E3C18B8FD85175E602638745BAD5E7C0DB59C4EB0BD5F9FDAD2ACD1D31D316B54E8F20DCA777B87C965702B28F74E2E9C59F303FDA4A2F29A9BCCDBDDBEE1052E6F85F95C976F625EA5EFCC44D85FB132C8CAFE957EA5AD8F97BAEFDDBB7744BF3F56EA3F0E6682A969EAF3B86A38781C963AD2752AE3BCF5BE152B5618975C7289A1FEAF663D5F71C515811C20D7CF38E30CD60477A5868686ED31BE2638AA45B37CF972F3409C3A75AA7970CBC12C07AB347D305B070709B43E9FCFB8F6DA6B8D3BEFBCD3906FFBD383883439A0070F1EDCE46F9C7CF2C9C639E79C23EBAF038F7DFDF5D7CDDF2BCF0FFE379D7FFEF9C6CD37DF1CB2F8820729FDEFD741B967CF9EC6800103CC9FA5BDFAEAABC6C5175FDCECF7CC9D3B37F0F3F3CF3F1FF859FEFF84E01607CAE0C1697F94D60F1ECFA0D964FD6041B927AB60A6AF6F9381D2E5CB90C15106C5E02717BA3CB78E2FF75E555AEAEB96EFF24E4BA4FD154B2138546D4B93BE41FA1569D67A96A6EBF999679E317FC7E79F7F1EF3F51FC321989AA63EDB1D82E5F2965B6E318FDB975E7AC958B06081393126B77B3C9E268F5FB3668D79F9F1C71F9B97F2D8FDFBF707EE5FB46891FD42F0942953BEDCB06143AC9C1DA2CEAE839A1C88F24A4D5F5FB66C59E0C094595EB94FDF669D057EEBADB742FEBEE0102CBF5F1EFFC1071F98973228C90024A158BD100ACCF05AC3B00C4AE79D779E515454D46C26587E8F1E00430D5C725D02BD35804F9E3CD9FC79CB962D81DF3370E040F3EFC8CF12ECF573E58C2572595E5E6EF710BCD2E9740E6FC317C944BA5E2FDC2993427D923C9241B3D97AC602B7D72597A5A5A5CDDE8A5583E90372995F56D3430FA632C364CE1A957B27E757F88636CE1C7966C8001AEFFB2B9642B0BCC80D77BFF403D2EF481F121C8265E0ECD3A74FB3DF17ABF51F8321989AEEE49A8EB7FA6CADC90C6E5D5D5D937A95FD2A7529F579FAE9A71B7BF7EE6D56A37AFCAFACAC0CD4D99021439A8CEBB63C4FF0D2A54B63E23CC1EA007DC2CE839A1C8412346590909FB76EDD1A08C172B96DDBB6C0636536576E0BF7F78343B03C76FCF8F1E6EF92DFFBAB5FFDCABC4D0A450A20D42BC15EBD7A998354F0EF9640BE67CF9E26334112B2E555A79EF991FB7EF18B5F983FCB920AF97F85FAFF5A67827AF4E861867AF959668D6476C9C633C12DCD12B569B6E63806CB96CE29DA9641B35F5288738ACA5B9FE6E0E8F28EB00E8AFEDB2AF4606ACE12F907C8402BF7A5DCEFF6F54994FD150B83ACCCF4CA3E3DF5D4535B7C9C0CA6B2042B380477EFDEDDACE9E017F1B15AFF311482A9E92EAAE978AACFB6660599F595C92C09BE7229B3C2F24253EA54DEA9B5D6B75CB7660A09BF9205A42FD0EF0A5B27E16C1582D52B8219D3A64DEBF2103C76ECD8F5EA404DB6E3A026B3BA32585C76D96586DBED3603AC1CD41242E50097FB65809103583F47BEE6BAAD33C132C322EB7B75F1C85B99C1332E6BD7AE6D1682E56FCA6DFDFBF737DF6E79EAA9A78C2BAFBCD2BC94579AF2737061CAC0A97FD6E15A66B065C63954214BC8D66FD1C8AB5B7DBB6C07BE36F9B8B4F6C9F2B69E343FD24153BF7D3BBCD9CC901A146540D43344854F7A2E2870799C3253246FA106DE32ADF45DA206C9A94DDE6275FB4A8A2A6A7A27CACE89854156EA4CF6A7BCCB635D4215DCE47305D28243B0AC250C0EC1B15CFF09D05F50D336AACFD69A8CE77AA2CCFA8EB12C5FD22F42E55D19B94D1E272F5065CC96EB3A37C84CB04CF2C97248FD0EAFBCE0B565089E3061C277478D1AF54F994EEFC27304EF723A9D5FE5E4E49C66D7414D0E4E09BCFAED4779FB3078C983F5A08F24044B93577DF27BFBF6ED6B065A1D7AADAF0C750896634182AF345D54D6A510F216A50C52C1B3D372FDFAEBAF6F36132483E71D77DC11789CFC2DF9404C9265617FF0006AF735C1ED146EF628D26F8D6AEBA0A9FF5EB3C1729C6BE9D9856ECF18590F58E8F23EDC38087A8BD56079B5BC3DAA6EBBD132B08E28747BF39AAE33F43E9D483B261606D924FF7A60F94C81FCDCD29208FDB3045F69FA4372F2BCE0001DABF59F20FD05354D086E3269A6DF4929292969B69441E703F9FFC8FA5F5D577AADB0B5D61A1A1A027D414B2F8A13FA148613274EFCDBDB6FBFDD6521B8A2A2628DC3E1F86F3B0F6AB22C2138F0EA60AA3F8466FD39D2106CFDE05C926581BC2E0AEB5A61EB00682D187D3DDC3ABDB60E82B294432FCCB72EC5B016A6FEBF5BD71D1382239E3D0A7E1B735452E4E70C0D356866B77596AAA8DC7B9BB4828A9AFE325B640E8C6EEFF58DB348DEA2D2D2574ED18F9541F5FE0A4FAF71AE9A4BF56C527E99F75A197409C11DBB14C2FA6ED0F4E9D39B3C46668F649DA0B4501F8C2B2E2E360A0A0A02FD47ACD77F02F517D43421B8C91A60FD62B1A599606B7DEAF15E6682A52E65124CBFE32B1363B63D8FF7A449939CEA95F9375D71AA34B5338FA4A7A7FF6F4646C685761ED4F407D7AC83887ECB4302AB7AA1D2E4D55EA421585EED5555559933C9BA30E4AD4E99DDD1834FA8DFA5678CF57AA19642B0F5837BD6014EDEBE09B5E03E29684DA00C7C3A9CCBBF51FE5D1DF1CAD4A621D83A98A58418FC2239697EB8E7B5FAC19D0297A720DCA990F4876BCCB74DDD9E31F2B882724F59E36C931A3467D6F634EF2BF7FC2E963F14174F836C92FF7307C1F5ADCFCCA083B234EB5BA5ADAD098EE5FA4FB0FE829A2604076A46EA574F6049BD869A090E15828327B6823FE86ACB2FBFCACBCBDB299F36EC6C53A74E5D3772E448B7DD0735FD41337D4A9324CB07E264F6570EEAE0B74492824E81224D5ED9F90F12F3AC0FD6FB645D70927F41BD5CD7C5234B1AF49A21EB2B47DD64FDAFACD7D31F5AD1B3C5AD15A81E0443057E1DFA9F7DF6D9C0E3F5DB3172A9DFE2D19F28270477D8DBA827F8677D223D4552F0F3DA742ED350A7431AE7AA3D5F0D9673F2DDBED1FAED557326699EEF3479ABD43CFD92349777D6BDB3EACE93C64C70C70C9AA1C2ABFED08C9C8ED1BA04C2FAA1199959D203A70CA4AD7D8A3C96EA3F01FB0B6A9A101CA8191D78F5B8AEDFCDB14E5E05BFC3A26B5982B35EDA289364B60EC1B9B9B9B7DE73CF3D87258C7596BFFCE52F9B9D4EE7DF525353CF64500B7FA05B5FE1057FF1855EEF636D7A3645BFE5197CAE609921964F5E0707682982ABAFBE3AECDBA8FA9C846ABFB52B044B93209D14F46118FD335F9B1CF541331A6FCB2246075979912B675E68E91CA0328B9B14E26C33B24C4B9FC2CCFA253EF154FF09DA5F50D3360FC1327E5BCFF1AB83AD5E6A245F8211EE14699211E45D60FD22544FAAB5F62558095F9F63C68CF9435959D991CE5816A136FA015906A176D4208A86C6A016378366470FBE0CB234FA0B6A9AFAA4757D7DCAE9C0EEBEFBEE2DEA95FFE16806E05DBB761DCDC9C9D9EE743A0B281A1A835AA769EFD7B1B6F7F98460FA0BFA0B6A9AFAA4C56E7DAA60DA3D2B2B6BF7C2850B0F456B06D81F801FA368680C6A5D3668463AEB3388C192FE82FE829AA63E69095F9F72A686CCCCCCFA679E79666747AF019625108930034CD15034712CD2B73F79BB94FE82FE829AA63E69F6A94F99115681F535396BC4D6AD5BBF6EEF69D0E42C10F221B8785F034CD15034360BC2F2B5A921BF350AF417F417D434F5494BE8FA74381C635518FEE2D1471F7DFFE38F3FDE19E937C1555656AE96D9DF912347CE8EE7B3405034144D024AF10F86292DDCDFC060497F417F414D539F34DBD6A7845715624B55DB969B9BFBE1E38F3FBED2E7F3FDE5B3CF3EDB6A0DBDBB77EFFE62D5AA556BCBCACA568C1D3B76BD7C15B27C135CBC7E11064543D1D8784698B74BE92FE82FA869EA93467D06CD0C5FE70FC4CB54DBA2DA11D50C7FDBA1DA4AD59E502D392727E7348A86C6A0167783268325FD05FD05354D7DD2A84F5034148DAD82F04C064BFA0BFA0B6A9AFAA4519FA068281A3B499177744E3AE9A421852EDFA070ADA0DC3BB9C0E571CA13E47ABEDB3B2CDCE30A67D6FC40FFF2A2F29A9BCCDBDDBEE1052E6F85F95C976F625EA5EF4CFA0B1AFD45F46AFAC611F74DA69EA94FEA13140D458316C8802997A5A5BE6EFAB6FB2B3CBD64900BF5F882724F56C14C5FDF2683A5CB97210364A8E714BA3CB78E2FF75E25BF3FDFE59D467F41A3BF889ED4D4D493544D1FA59EA94FEA13140D45833686E02603A3CBEB29AAA8E91D72D0747B5D8DA1B9F4C41003EA0372995F56D3430FA832CB64CE1C957B27E757F88636CE1E7966580769FA0B1AFD45C7C8CDCD3D59D5F461EA99FAA43E41D15034883004AB01AEA4B0DCFB8771AEA56717957B6F0B7EBCBCFDE91F5847580746FF6D157A4035678AFC8364A095FB52EE77FBFAD05FD0E82FA2433E9CAE6AFA20F54C7D529FA068281A441082F35DDEF1F2D6A81AFC66996F7D3EE9B94006C2D279BED32CB34A153228EA59A2C6C7789C325B246FA306DE36ADF45DA206CAA94DDE66550372B81929FA0B1AFD45FB6565659DA16AFA2BEA99FAA43E11151E8F870333B6DB415534473852DB1E826596A7B0DC9B5B54B9FCA2C6C1D333C332488ED06BFF6436A9D0ED19236B020B5DDE871B07426FB11A30AF96B748D56D375A9F57E8F6E6355D6BE87D9AFE82467F113D1919196767678FDA4B3D539FD427A2A2B6B676C7AE5DBB383863B4D5D7D7FF5E15CD468ED4B6713AD38D4257CD007DDD0CC42EEFE3D6C7C82C905CCADBA9D20A2A6AFACB8C51E3DBADDEEB1B6792BC45A5A5AF9CA29F2303AB7C20679CABE6523DA3945FE6BD56065EFA0B1AFD45741886D163F47D0FEEA39EA94FEA1351E1F57AEF78FBEDB7FFFEC5175FFC838334B65E314AC1D4D4D46C55ED2E8ED4C89743E84130DFED73847A6C81CB5310EE7448FA0336E620EBF68C91C715947BCA1A679CD4C039B3B6A7795FB9E77776F9501CFD05FD45E7BFA875765735DD403D539FD427A246ED94A1EAD5C96A99A697F52AF1DAE6CF9F6F7EF35F3CFF1F2C4DF6C5460AA67D2158064C594718EAB1A14E8934CE557BBE1A30E7A8E78DD66FB19AB349F37CA7C9DBA5E62998A4B9BCB3EE9D55779E34FA0B1AFD45D442700F55D33BA967FBD667828CE98CE7E89400542505939C9CDC8DAD41080610DF3233337BAA9ADECE96A04F07D00287C3719D2A962352304EA733852D42870920BE6564645CA86A7A1B5B823E1D40CB217891148BBFAD668BD06102886FE9E9E9BD544D7FCA96A04F0710BE48FAE95960DD54281ECA96A1C30410D721F807AAA63F664BD0A703085F2455D600AC6783591B4C870920AE43F08F544D7FC496A04F0710BA409ACD02EBE6743A87B385E83001C427D587F75135CD7955E9D30184299065A102B0BFAD640BD16102884FA9A9A997AA20BC812D419F0EA07971849D05666D301D2680F896919171B9EAC3D7B125E8D301342F8EAA960230678AA0C30410BFD2D3D3FBAA10FC1E5B823E1D000503F63F60A7107C95AAE9356C09FA7400140CD8FF809D42F035AAA6FFCC96A04F0740C180FD0FD886D3E9ECAF6AFA4F6C09FA7400140CD8FF809D42F00DAAA6FFC896A04F0740C180FD0FD8465A5ADA40158497B325E8D301503060FF03760AC137A910EC654BD0A703A060C0FE07EC148207A9105CCD96A04F0740C180FD0FD8467A7AFA6087C3F1065B823E1D000503F63F60A7107C9B0AC1AFB325E8D301503060FF03B6E1743A7FA642F06B6C09FA7400140CD8FF806DA8007C87AAE9C56C09FA7400140CD8FF809D42F00855D3AFB225E8D301503060FF03760AC1A94EA7F315B6047D3A000A06EC7FC04E2178A40AC1F3D912F4E9002818B0FF013B85E00C15825F604BD0A703A060C0FE07EC1482B355087E8E2D419F0E808201FB1FB0533DE7A8368F2D419F0E808201FB1FB0533D8F566D2E5B823E1D000503F63F60A77ACE556D0E5B823E1D000503F63F601B0E87E35E55D3B3D812F4E9002818B0FF013B85E0B1AAA6DD6C09FA7400140CD8FF809D4270BED3E92C634BD0A703A060C0FE07EC14828B5408FE2FB6047D3A000A06EC7FC04EF5FC806A4FB025E8D301503060FF0376AAE789AA4D674BD0A703A060C0FE07EC54CFBF566D1A5B823E1D000503F63F60A77A2E56ED11B6047D3A000A06EC7FC04EF55CAA5A095B823E1D000503F63F60A77A9EAADA436C09FA7400140CD8FF809DEA799AAC0B664BD0A703A060C0FE07EC54CFD3E50C116C09FA7400140CD8FF809DEAF9093957305B823E1D000503F63F60A77A7E52B542B6047D3A000A06EC7FC04EF55CAEDA78B6047D3A000A06EC7FC04EF55CA1DA7D6C09FA7400140C9AEEEB2AD9DFADB4D56C29206E6B7CB66A63D8128CE900281834DDD7FD543BD2520876381C43D95240DCD6F81CD572D9128CE900281834DFDFCB5A08C12B939393BBB19580B8ADEFB9AA8D664B30A603A060D07C7FF70B17829D4EE770B61010D7F53D4FB51CB604633A000A06A1F779A8B5C1AB990506E2BEB69F572D8B2DC1980E808241E87DDE6C6D306B818184A8ED17554B674B30A603A06010860ABD8B98050612AE3FFFBD6A0EB604633A000A06E143F07596B5C0296C1120FEA95A7E45D5762A5B82311D00058396F7BDB93698596020616AFA55158247B02518D30150306879DFF763FF030955D38B5508BE832DC1980E8082E970866174FBE4934F16AC5AB5EA1B8FC763545757D362A0D5D4D418B5B5B55FAA96C9510A1BF7E7557CC895319DAD005030512101B8AEAECED8B56B9771E8D0215A0CB586860663F9F2E57B5520BE8B231536EDCF97AA103C842DC1980E8082E97032034C008EE9207CA8BABA7A23472A6CDA9FBFA942F0AD6C09C67400144C8793251084CDD86E2A041FE148854DFBF39AB4B4B4416C09C67400144C8793F5A704CD980FC11CD3B025A7D3E95521F826B604633A000AA6CB42F0577FDF617CB27A9EB1A1E611B3C9CF721B2195100C4431042F572178205B82311D0005D3252178FF9E7A63FD9BC5C65F5F9FD0A4C96D721F4195100C44A93FFFA30AC1D7B32518D30150305D1282B76D78AD5900D6EDF30D550455423010ADFE7CA57C1B245B82311D0005D3252178A3EF376143B0DC475025040351EACFDF5121F86AB604633A000AA64B42F0FAEAD2B02158EE23A812828128F5E7EFAA107C255B82311D00054308260403B6A102F07BE9E9E97DD9128CE90028982E09C1723688702158EE23A81282812885E07519191997B32518D30150305D128237AFA8081B82E53E822A21188806A7D3B9213535F552B604633A000AA64B42F0EEFA75C6FAB74A9A2F8550B7C97D0455423010A510BC4985E01FB32518D30150305D1282A56D59F37CB3102CB7115209C14014FBF3CD2A045FC296604C0740C1744D08FEFA6B63F39F66375F0AA16E93FB08AA8460204AFDF9272A045FCC96604C0740C1747A08966F84FB68853BEC9A60B98F6F8D23040351EACF3F4D4F4FEFC596604C0740C1745E08FEFA6B63C766AFF1FE1BBF0E1B807593C7C86399152604031DDC9F6FCBC8C8B8902DC1980E8082E99410DCDAEC2FB3C28460A093FAF3ED9999993DD9128CE90028984E09C16D99FD6D695698E04A08063AA83FFF222B2BEB5FD8128CE90028984E09C1C71B807523B81282810EEACFBFCCCECEFE0E5B82311D0005D32921984608066281C3E1D8939393732E5B82311D000543082604873AE6FBA9B0B088A31989C6E974EE1B366CD8596C09C67400140C219810DC24FCAA56A5DA118E7B24687FFE555656D6196C09C67400140C219810DC2CFCEAC6D18C04ECCF0FE6E4E49CC696604C0740C110826D1C821D0EC775B2EC2138FC128291C0FDF9E1DCDCDC93D9128CE900281842B00DDBFCF9F38D5033BF8460D8A03FFFA6B4B4F444B604633A000A86106CC3D652F0A5D112BDD14B33A6B315000A26A14270434383EC2763C18205C68103078C5EBD7A1937DF7CB3919D9D6DB6254B9698F7073F4F6E9B3E7D7AD8EBE1DAA2458B8C8B2EBA28ECFD1F7CF081B169D3A6907FEFD9679F8D89E51069696983D4F1BD92B00080311D000513C733C1EFBCF38ED1B3674FE3E0C18366D894202A976EB73B1040F563AFBEFAEA40307EE699678CEEDDBB1B6BD6AC31AFDF7EFBED81FBE477E8E79C71C619C6E0C183CDFB8A8B8B8DF3CE3BCF9832654AE0B12B57AE6C1678E5DFE4F1788CF4F4F4267FEFD5575F357FFEFCF3CFBBFC83714EA733451DE7758460008CE9002898380CC1C101F4F9E79F372F9393938DBABABA262178F3E6CDE66CAE0EA5FDFBF737AAAAAA8C175E7821F0FC975F7EB9D9EF7CE9A597CC9F25D0CA6CB3F5BEE0C7AF58B122304B2DFF066B08964B09C7B1748A34FFCC701D211800633A000A260E42B0CCA64AC03CFDF4D3CDB0AB43E9534F3D15089D321B6C0DC17A365787E5934E3AC9983A75AA191025BCCAED12948343F095575E197626D8E7F3059642E8DBB66DDB66FE7CE79D77066EB3FEAC9F134B5F96E19F195EC9D10C80311DA06010C321589A5E0221CB0C74609599DEE010AB7FDEB2658B39EB2BB75D76D965662895DB77EFDE6DDE96969616727659CFF6B634132C6B92F56DEBD6AD33AF5F70C105C62DB7DC623E4F077609C87C6D320030A603140C21B8DD4B2074F04DF22F5D90C029EB8477EEDCD924045F7BEDB5C6EBAFBF1E5897DBBB776F7339847C684D7FC84E9A3C2FD2106CBD4D3EA8A77F96BF69FD909E9EB526040300633A40C11082DB1582D7AF5F6FECDDBB37B01442CFECCAED3A04CB0CACCCCE4A1895FD2B97175F7CB191979767FEAC3FB416BC6637A98DCB21AC8F9799609975969F972F5F1E322013820180311DA06008C1ED0AC1127EFBF4E913F8209CCCCECAA50EA2C14B28E48C0E72A983AC5CCAFA60FD01B9E0DFAF8371F04CF0DCB973433EFE9C73CE09CC42CB87E398090600C6748082210477780896E50C722933BD72B975EB56E3ADB7DE6AB626D8FA9CB56BD7360BB5ADB5B63C5E7EB71C3FFA67BD5E99996000604C072818427087B5FDFBF79B5F50214B1FACB7EBF3FFCAB981439D2758827349498979AE60BDBC418769591F1CEA6FC9B288010306B4FA051ED6D02BFF36597FAC4FDD665D6F4C080600C6748082210477CAD924ECFAB5C98460008CE90028189B86603B37423000C67400140C2198100C008CE9002818423021180018D3010A8682210413820180311DA060400826040300633A40C180104C080600C67480822104133409C100C0980E503084601A21180018D3010A86104C23040300633A40C1108269846000604C07281842308D100C008CE900054308A611820180311DA06008C13442300030A603144C4CF0783C04CDD86E0755083EC2910A80311D0005D3816A6B6B77ECDAB58BB019A3ADBEBEFEF72A046FE44805C0980E8082E9405EAFF78EB7DF7EFBEF5F7CF1C53F089DB135032C01B8A6A666AB6A7771A402604C0740C1743015B286565757AF96B7DD65FD693C37D9FFF1FE7FF037D9171B09C00018D301503060FF03007D3A000A06EC7F00A04F0740C1B0FFD9FF00409F0E503060FF0300E8D3010A06EC7F00007D3A40C180FD0F00A04F072818B0FF0100F4E9000503F63F00803E1DA060C0FE0700D0A703140CD8FF0000FA74808201FB1F00409F0E503060FF0300E8D3010A06EC7F00007D3A40C180FD0F00A04F072818B0FF01803E9D3E1DA060C0FE0700FA7400140CD8FF00409F0E808201FB1F00E8D3010A06EC7F00007D3A40C180FD0F00A04F072818B0FF0100F4E9000503F63F00803E1DA060C0FE0700D0A703140CD8FF0000FA7480824157EEEB2AD9DFADB4D56C2900604C07281824D2BEEEA7DA919642B0C3E118CA960200C674808241A2EDEF652D84E095C9C9C9DDD84A00C0980E503048B4FDDD2F5C08763A9DC3D942001037FD394BDC0042303AA0E35CCD2C3000C4555FCE123780108CF6769C7494001097FD394BDC00423022A142EF2266810120EEC77096B8018460441882AFB37494296C110088DB719C256E002118C7D371D25102405CF7E52C710308C188B4E31C316204FB1F00E21C4BDC0042302223CB200CFF2500207E43304BDC004230DA68906A7B549BE9BFE4AD330088EFF19C256E0021186D0CC03AF8CAAC4103411800629FD3E9ECEE7038D4F03DF209D57CAA6D0BFA50DC0E393D9A7ACC7FABC7FE52FDFC7DB61A400846F300DCDAED00801890969636C8BFF6F7601BBE29CEDAE443732B55CB6196182004DB554A2B4157DFCF7A3200889D715ACEFEB03AC2E01BAE6D94D961B62A4008B663006E2DE032230C00314205D6C7824F7F969191613CF6D863C682050B8C0D1B36183B76EC300E1E3C6888C3870F1BBB76ED323EFAE82363E1C285E6E3B2B2B24285E165EAF75CC816062118896E50526433BC913E1E00D081525353CFF4AFF70D04D79C9C1CE385175E30436E240E1C38602C5EBCD82828283082CE25BC475D26B3B5410846A207E0A1C7F1BCFD046100E892005C670DACC5C5C5E68C6F7B1C3D7AD458BA74A939936CF9DDFB55BB8BAD0E423008C01DFB7C0040E4E37293196059F62001B6A3D4D7D71B13264CB006E1837CC31C08C14824AD7D08AEB37F0F00A015FE35C08180BA6AD52A231A640DB1AC17B6CE08ABBFDD873D00423012250077D4520666840120FAE3713FEB87E06406389AE44374D3A64D6B727E613907317B028460C4ABE00FB59DA0DA28FF6524829FC787E500208A1C0EC77BD635C01DB904229C7DFBF619F7DC738FF5C37233D9132004239E03F0504B907D5A35C37FD9D6201CEE790461008802F9220CEB5920DAFB21B848BCFBEEBBC11F94FB3E7B048460C4730016A3FC41D68820085B03B06ED996FB59230C001D3F1657E9202AA741EB6C3366CCB006E127D8232004235E840BA6A1026D4B4138D4E3E786783C6B8401A083C83A5CFD55C872FAB248CF03DC113EFEF8E326E70FCEC9C939973D034230E22500A744106C4305E1B606E0E020CCD20800081F70AB55BBA1A5C7A8D03952075039634357B17E9986FA370F67EF81108C58D6D620DA5A108E34005BFF7E431233C20010768CF587CA6A1576AF0BF398273AEB8C102D79F9E597F9801C08C188AB00DCD6001A2E089F789C0158638D3000B412822D6D59F0CCB0F5CB31366DDAD4652158CE496C0DEDEC3D1082910801B8A520FC613B02707BFF3D0060B7101C08993A0CABEBDBF4ED9D795688609F7DF659937306B3F7609702FDC67F82EE43AAFD43B5AF5471EE93C5F1EAE7DDAAED526DA76ADBFDC5BA55B52DAAFD4DB58F54DBA81EBF415DBEAFDA5AD5FEA2DA1AD5FEACDA4AD5FEA85AAD6A6FABE691E257976FAAB654B5FF517FE735D516A99F5F55F7BDA22E7FAFDA4BAAFD4E5D7F4E5DCE536DAE6ABF556DB67A6CA5BA74ABFBCAD4E593EAFA0CD57E23DFB4A3DAA3EAB647542B55AD58DD3E45DD3659B507D5F507D4F522D5F2D5F571AAE5A9DBC6A896ABDA6875FBDDEAB651AA65AAEBE9AAA99B1CA9EAFA9DB23E4A5D1F265F2DA9DA90F4F4F4C1724A1B75FBCDEAF664D506A8EBD7ABEBFDD57DD7C849CFD5E3AE54ED2719191997A7A6A65E2ADFC6A3AEF756ED87EAFAC5EA71BDD47D17AAC7FEABBAAF87BAEDFCECECECEFC80712D4ED67CBF7C7AB76FA9021434E4D4E4EEE565A5A2AB3B6ED9D790D1584DB13808383306B8401A095106C9D19B65E976F72EB2AF2E519D67F0B7B0FB620E14A42960A5CA748E8CACACA3A63D8B06167491853D7BF2DE14C425A6666664F096DEAFAF7E43C8212E65490FB91843B0979EAFA6512FAD47DFFA16EBF4AC2A0AC8192702821513DEE46098D121ED5EDB74A9854B7DFAE6EFB99844C757D84844E099FCE4699EA7AB6BA9E232155B57B24B44A7855B78F9530ABAE17AAEBF74BC855D72749E895F0AB5A8984617F28FEFF129265DD95BAFE5F129ED575973F4CCF566D8E846C75FB33EAF25909DFAABD28615C42B97ADC1FFC217D89FF34364BD5F537FC61DEE37F2BABD61FF6FFE40FFFAB557B575E14A8C7AEF3BF48D8A8DA87FE170F9FA8F6A9FF4545BDFF4586BCD8F8D2FFE263AFFF7C8DF2A2E46BFF8B946FFC1D93B956EB7EB7AF4F5179CD4D45E5DEDB0ACB7D29F96E9FA3D0E59B5A3ACF779A75FF8E73D59E5FE0F2382D374998FEF0A21FF535BA9D7C8A7546F844FD800297B722D4B1925F5673856A3D9ADCE6F24DF407F4996DE8F069341A8D16A675354230805866CE040FBCE3571355E01D244D026EA1CBFBB0BE2E4158BFB8D1B7E5BB3DF3D5E30AC63CF1E6BFDC9AF1E07B175EF213E3FBFF768DF1ADB3CE3343F0D9DFEE615CFED3A16FAA807B8B04EA02B7774EE3733DB716B87D814F09E7CEA9FA9604E4FB2B3CBD8EFD7DDF6B37DD35FEC16B6ECDFCC7772FBE34CD0CD1EA394595CB2FB284EA11451535BDC3BF107BE594FC72EF93A1EE2B9859DBF3BE8A9AEFE8EB12FCE5DF15FCB8C2273D17C80B818272EFE4F1E5DEABFC2F0A02DB485E0C70F800889199E0D5F2CEA24C4031130C006D37E884134ED83FC8F9C0A366C073FB4A0ADD9E31FEB09B1A3C735B30D3D7B7D0553320BFECCD81DFEED16B7EEF2B6F6AB626F88757DC605CF0C3CBCD0FCB15CCACBE5D66971B03A7F736FDB30ED632035D5AEAEB66064C1598474D79F6B5DEFF91FCD50D3FFBE5241D6855102D6A0CB0F2B7CD103AAFF1F1DE5C09C7F7CEAA3BCF12DA07C9BF3FDFE59D1608ADEAF9E35C3597EABFA982F6521DBCE5DF2341DCFCFFCA2CB47FE65BFEAE7A31F0782054BB3C638FCD567B6670D8008881101C08BF96C7B02618002209C223F29E387CE388FB26AB40F87460C6D71AFC5400F6CFE496A89F7F3D7044DEAACB7F3AD4E837C8697CEFC7571937DD35EECFB9A573BE25C1576E939961B97DC8A8297F1D5F5E9DD6F8FBBCD3F42C6C41454D7F1556EF2E9C59F3031D8053F3CBE6F5BF2DE7E0C0E1F73ED4B82C42854F15C42524CB8CAC0EA8725FF07F40426D7E856F68E3BFDDFB7041B9E7011D88F32A7D675A1F2B815882B3FCAC977CC8DFD0F78F2FF75DD6F882C03B479E6F0665B7B7D812AA2773C800E8C210BC5296FD59C3AFE5319C1D0200DA4A9616643C38E7F7BDFEED9AFD390F3DEFD1015842652064BA7D7D1A6761BDB3FEFDDA94377E32E00EE3AA9BD38C134E38C10CC04996F304DF9653BC2EC93F3B7C53EAF8C07984AD6B83CD1959B7D7D5184A979E7D7BCE7F8E53C1F9EF12805580CD92FBF5BA6409B5124CF54CB02CC7089E55CE777B87E9EBB214C2BFAE3849CFE636FEECB9D50CDD95BE4B6406597EBF2CC9D0B3BEFA39E60C75E34CF12B666057815A7EFFB1E510A1D7380340944370B399DF108F71C7C27982E56F5B42BB9BBD072026C9FA57FF1AD7941B86E51E549743E5363D5B1A089AE5D5370CCE9CFCDE19677FC70CB8D70D19659E052278FDADCCA05E7ACDE06532139C7CD738734658AEEBF5C581C7A9702997B78CBCFFD7D7DD36EA90FADB258D33ADBE2981A05C51D35F0278E3755FD88E5FD62807D6ED967BFF6059BF3B4F3F46C2B60ECF856E6F9E047DF959D6FCCA3A63EBFF57FE0DD22480EB70CC320800B1CE7F46A22EFFC6B80913265843F05DEC19003147C2AF753DEDA8E2E796CA8CF02D990F4E97250AFA71B2A4E1C757DDFC7AFFDB72CC1960F930DC803B7257143EF9CAE92A7C8E6E12AACB7DA392FCA74FBB71C47D8135C397DF30ECAD24CB69D36446F5F29FDE9673F9F53F3B903CE2BEA9C7966178A7F9437296FC2C1F5E93651412548F2D49F064599739C8B285C6F5BEDE59AA3D27FF76733DF14C5FDF26415E05E56333BFEA7EB7B7587E9784FE63DBA4E652F3C381EA77C8AC71E0437DE59E3279BE2C0DE1C801108BFCA7CA3C28E153FD6CECDBB7AFABD7031F54C1BC3B7B06404C91E0A7039E5E0221A150D606CBD20447A1FB4559862033A4D70FCB9DD9ED9453CD35C072F687813FBF77656A6AEA49C1CB129A04CEF2EAEFF51B34D297D4F4FCC1D966C09D59DB7374E9FCBAEEFFFAC37D190FFE768935944BD0D4FFBE26FF5E97677A2040AB7FA7F5BEC60FD7791F96650C729F0473FD61B8C6DFBBF46C594B2C61B93160FBA6A8C75D2FFF76EB0C6F634056DBC3EDB95B7E3E765BE387E8386A00C43AEBBAE0850B17767A089E3D7BB63504CF638F008839FA6DFE30F41769A4480896C03B28FD8177CF3DFF02A3CF55FFEF7F6406D80C932E5F8604CC50BF4042E3B827DFB826E9D8176A04BE40E38A81C3477FEFC757EE97DF2F677990DBCC75BF2EEF2C09BF813346B8BC379A1FA2333F40E77D5C876E3D5B6CFE9DCAE517E90FC0357E88ADF1346C85E59EDF4970D6A75733CF7C619EFACC932A33BCFADF2E4B231AFFBD3537E92511324B2DBFCF3A3B2D6BA4CDD3B3A9C771F4008855D625117979799D7AAAB4FAFA7A73065AFFFDF4F4F4BEEC1100F128F82B8C25C0662745FE4D70C1CF0B04EC704F90306A5DCA20B3B312921BC3BBAF9B04581D80F59A6133BC967BB2ACD7F3CBBCD71EFB1DDE87E5BA3EC7B0AC236E0CCBDE3F98B3C42A70071EEB9F316EE5850200C41CFFF982DFD74174F1E2C59D16821F79E4914000962F86626F0048A420DC5E127C1B3AF0F70100825867836566F6D34F3F8D7A005EBA74A97519C411F9E657F60400827074023500200C1544AB74282D2A2A320E1C3810B500BC62C58A26CB20541BC31E0090285A5DC210E5E7030022909A9AFA5D15461B74309D366D9AF975C6D108C03939397C180E802D8270A433B98308C000D0F91C0EC775AAEDD10155D6ECEEDEBDBB43974004CD002F53E1FB4CB63C804414E99206964000401792AF58D6E70E9626B3B6F2B5C6ED3D0B4449498935FC12800110842DFAA926A7411BCE260380AE939696364885D4FDD6D02ADF28B769D3A688BF0843CE031C34FB6B2E81200003B08B147FC04D69E1FE06023000C406A7D3D94785D56D41E1D518376E9C317FFE7CA3AEAECE3C8B845E372C97127A65D678C18205C6C489138383AF7916083E0407C08EC2CD08B30402006290CCD6AA30FC58F0ACF0F134390F30A7410340103E167809C00010E33232322E544176AAF543736D6CB2B6781EDF0407004D83EF4C023000C48F9C9C9CD3FCEB859F900FB685582EB1C3E97456AB4BB70ACC23D5CFDDD96A00D094AC013692380D1A0000006CE65C360100000000000000000000000000000000000000000000000000000000000000000000E078FC1F86C6E7FD8DA71B8D0000000049454E44AE426082, '1');
INSERT INTO `act_ge_bytearray` VALUES ('a66481fbcf42483a935bc02524720eb0', '1', 'leave.bpmn20.xml', 'cfa612b47eee4250bd183b4a269e3bbe', 0x3C3F786D6C2076657273696F6E3D22312E302220656E636F64696E673D225554462D38223F3E0A3C646566696E6974696F6E7320786D6C6E733D22687474703A2F2F7777772E6F6D672E6F72672F737065632F42504D4E2F32303130303532342F4D4F44454C2220786D6C6E733A7873693D22687474703A2F2F7777772E77332E6F72672F323030312F584D4C536368656D612D696E7374616E63652220786D6C6E733A61637469766974693D22687474703A2F2F61637469766974692E6F72672F62706D6E2220786D6C6E733A62706D6E64693D22687474703A2F2F7777772E6F6D672E6F72672F737065632F42504D4E2F32303130303532342F44492220786D6C6E733A6F6D6764633D22687474703A2F2F7777772E6F6D672E6F72672F737065632F44442F32303130303532342F44432220786D6C6E733A6F6D6764693D22687474703A2F2F7777772E6F6D672E6F72672F737065632F44442F32303130303532342F44492220747970654C616E67756167653D22687474703A2F2F7777772E77332E6F72672F323030312F584D4C536368656D61222065787072657373696F6E4C616E67756167653D22687474703A2F2F7777772E77332E6F72672F313939392F585061746822207461726765744E616D6573706163653D22636F6D2E7468696E6B67656D2E6A6565736974652E6D6F64756C65732E6F612E6C65617665223E0A20203C70726F636573732069643D226C6561766522206E616D653D22E8AFB7E58187E6B581E7A88B2220697345786563757461626C653D2274727565223E0A202020203C646F63756D656E746174696F6E3EE8AFB7E58187E6B581E7A88BE6BC94E7A4BA3C2F646F63756D656E746174696F6E3E0A202020203C73746172744576656E742069643D2273746172746576656E743122206E616D653D225374617274222061637469766974693A696E69746961746F723D226170706C79557365724964223E3C2F73746172744576656E743E0A202020203C757365725461736B2069643D22646570744C6561646572417564697422206E616D653D22E983A8E997A8E9A286E5AFBCE5AEA1E689B9222061637469766974693A63616E64696461746547726F7570733D2264657074223E3C2F757365725461736B3E0A202020203C6578636C7573697665476174657761792069643D226578636C7573697665676174657761793522206E616D653D224578636C75736976652047617465776179223E3C2F6578636C7573697665476174657761793E0A202020203C757365725461736B2069643D226D6F646966794170706C7922206E616D653D22E8B083E695B4E794B3E8AFB7222061637469766974693A61737369676E65653D22247B6170706C795573657249647D223E0A2020202020203C657874656E73696F6E456C656D656E74733E0A20202020202020203C61637469766974693A7461736B4C697374656E6572206576656E743D22636F6D706C657465222064656C656761746545787072657373696F6E3D22247B6C656176654D6F6469667950726F636573736F727D223E3C2F61637469766974693A7461736B4C697374656E65723E0A2020202020203C2F657874656E73696F6E456C656D656E74733E0A202020203C2F757365725461736B3E0A202020203C757365725461736B2069643D226872417564697422206E616D653D22E4BABAE4BA8BE5AEA1E689B9222061637469766974693A63616E64696461746547726F7570733D226872223E3C2F757365725461736B3E0A202020203C6578636C7573697665476174657761792069643D226578636C7573697665676174657761793622206E616D653D224578636C75736976652047617465776179223E3C2F6578636C7573697665476174657761793E0A202020203C757365725461736B2069643D227265706F72744261636B22206E616D653D22E99480E58187222061637469766974693A61737369676E65653D22247B6170706C795573657249647D223E0A2020202020203C657874656E73696F6E456C656D656E74733E0A20202020202020203C61637469766974693A7461736B4C697374656E6572206576656E743D22636F6D706C657465222064656C656761746545787072657373696F6E3D22247B6C656176655265706F727450726F636573736F727D223E3C2F61637469766974693A7461736B4C697374656E65723E0A2020202020203C2F657874656E73696F6E456C656D656E74733E0A202020203C2F757365725461736B3E0A202020203C656E644576656E742069643D22656E646576656E743122206E616D653D22456E64223E3C2F656E644576656E743E0A202020203C6578636C7573697665476174657761792069643D226578636C7573697665676174657761793722206E616D653D224578636C75736976652047617465776179223E3C2F6578636C7573697665476174657761793E0A202020203C73657175656E6365466C6F772069643D22666C6F77322220736F757263655265663D2273746172746576656E743122207461726765745265663D22646570744C65616465724175646974223E3C2F73657175656E6365466C6F773E0A202020203C73657175656E6365466C6F772069643D22666C6F77332220736F757263655265663D22646570744C6561646572417564697422207461726765745265663D226578636C75736976656761746577617935223E3C2F73657175656E6365466C6F773E0A202020203C73657175656E6365466C6F772069643D22666C6F773422206E616D653D22E4B88DE5908CE6848F2220736F757263655265663D226578636C7573697665676174657761793522207461726765745265663D226D6F646966794170706C79223E0A2020202020203C636F6E646974696F6E45787072657373696F6E207873693A747970653D2274466F726D616C45787072657373696F6E223E3C215B43444154415B247B21646570744C6561646572506173737D5D5D3E3C2F636F6E646974696F6E45787072657373696F6E3E0A202020203C2F73657175656E6365466C6F773E0A202020203C73657175656E6365466C6F772069643D22666C6F773522206E616D653D22E5908CE6848F2220736F757263655265663D226578636C7573697665676174657761793522207461726765745265663D2268724175646974223E0A2020202020203C636F6E646974696F6E45787072657373696F6E207873693A747970653D2274466F726D616C45787072657373696F6E223E3C215B43444154415B247B646570744C6561646572506173737D5D5D3E3C2F636F6E646974696F6E45787072657373696F6E3E0A202020203C2F73657175656E6365466C6F773E0A202020203C73657175656E6365466C6F772069643D22666C6F77362220736F757263655265663D226872417564697422207461726765745265663D226578636C75736976656761746577617936223E3C2F73657175656E6365466C6F773E0A202020203C73657175656E6365466C6F772069643D22666C6F773722206E616D653D22E5908CE6848F2220736F757263655265663D226578636C7573697665676174657761793622207461726765745265663D227265706F72744261636B223E0A2020202020203C636F6E646974696F6E45787072657373696F6E207873693A747970653D2274466F726D616C45787072657373696F6E223E3C215B43444154415B247B6872506173737D5D5D3E3C2F636F6E646974696F6E45787072657373696F6E3E0A202020203C2F73657175656E6365466C6F773E0A202020203C73657175656E6365466C6F772069643D22666C6F77382220736F757263655265663D227265706F72744261636B22207461726765745265663D22656E646576656E7431223E3C2F73657175656E6365466C6F773E0A202020203C73657175656E6365466C6F772069643D22666C6F773922206E616D653D22E4B88DE5908CE6848F2220736F757263655265663D226578636C7573697665676174657761793622207461726765745265663D226D6F646966794170706C79223E0A2020202020203C636F6E646974696F6E45787072657373696F6E207873693A747970653D2274466F726D616C45787072657373696F6E223E3C215B43444154415B247B216872506173737D5D5D3E3C2F636F6E646974696F6E45787072657373696F6E3E0A202020203C2F73657175656E6365466C6F773E0A202020203C73657175656E6365466C6F772069643D22666C6F77313022206E616D653D22E9878DE696B0E794B3E8AFB72220736F757263655265663D226578636C7573697665676174657761793722207461726765745265663D22646570744C65616465724175646974223E0A2020202020203C636F6E646974696F6E45787072657373696F6E207873693A747970653D2274466F726D616C45787072657373696F6E223E3C215B43444154415B247B72654170706C797D5D5D3E3C2F636F6E646974696F6E45787072657373696F6E3E0A202020203C2F73657175656E6365466C6F773E0A202020203C73657175656E6365466C6F772069643D22666C6F7731312220736F757263655265663D226D6F646966794170706C7922207461726765745265663D226578636C75736976656761746577617937223E3C2F73657175656E6365466C6F773E0A202020203C73657175656E6365466C6F772069643D22666C6F77313222206E616D653D22E7BB93E69D9FE6B581E7A88B2220736F757263655265663D226578636C7573697665676174657761793722207461726765745265663D22656E646576656E7431223E0A2020202020203C636F6E646974696F6E45787072657373696F6E207873693A747970653D2274466F726D616C45787072657373696F6E223E3C215B43444154415B247B2172654170706C797D5D5D3E3C2F636F6E646974696F6E45787072657373696F6E3E0A202020203C2F73657175656E6365466C6F773E0A20203C2F70726F636573733E0A20203C62706D6E64693A42504D4E4469616772616D2069643D2242504D4E4469616772616D5F6C65617665223E0A202020203C62706D6E64693A42504D4E506C616E652062706D6E456C656D656E743D226C65617665222069643D2242504D4E506C616E655F6C65617665223E0A2020202020203C62706D6E64693A42504D4E53686170652062706D6E456C656D656E743D2273746172746576656E7431222069643D2242504D4E53686170655F73746172746576656E7431223E0A20202020202020203C6F6D6764633A426F756E6473206865696768743D2233352E30222077696474683D2233352E302220783D2231302E302220793D2239302E30223E3C2F6F6D6764633A426F756E64733E0A2020202020203C2F62706D6E64693A42504D4E53686170653E0A2020202020203C62706D6E64693A42504D4E53686170652062706D6E456C656D656E743D22646570744C65616465724175646974222069643D2242504D4E53686170655F646570744C65616465724175646974223E0A20202020202020203C6F6D6764633A426F756E6473206865696768743D2235352E30222077696474683D223130352E302220783D2239302E302220793D2238302E30223E3C2F6F6D6764633A426F756E64733E0A2020202020203C2F62706D6E64693A42504D4E53686170653E0A2020202020203C62706D6E64693A42504D4E53686170652062706D6E456C656D656E743D226578636C75736976656761746577617935222069643D2242504D4E53686170655F6578636C75736976656761746577617935223E0A20202020202020203C6F6D6764633A426F756E6473206865696768743D2234302E30222077696474683D2234302E302220783D223235302E302220793D2238372E30223E3C2F6F6D6764633A426F756E64733E0A2020202020203C2F62706D6E64693A42504D4E53686170653E0A2020202020203C62706D6E64693A42504D4E53686170652062706D6E456C656D656E743D226D6F646966794170706C79222069643D2242504D4E53686170655F6D6F646966794170706C79223E0A20202020202020203C6F6D6764633A426F756E6473206865696768743D2235352E30222077696474683D223130352E302220783D223231382E302220793D223139302E30223E3C2F6F6D6764633A426F756E64733E0A2020202020203C2F62706D6E64693A42504D4E53686170653E0A2020202020203C62706D6E64693A42504D4E53686170652062706D6E456C656D656E743D2268724175646974222069643D2242504D4E53686170655F68724175646974223E0A20202020202020203C6F6D6764633A426F756E6473206865696768743D2235352E30222077696474683D223130352E302220783D223335382E302220793D2238302E30223E3C2F6F6D6764633A426F756E64733E0A2020202020203C2F62706D6E64693A42504D4E53686170653E0A2020202020203C62706D6E64693A42504D4E53686170652062706D6E456C656D656E743D226578636C75736976656761746577617936222069643D2242504D4E53686170655F6578636C75736976656761746577617936223E0A20202020202020203C6F6D6764633A426F756E6473206865696768743D2234302E30222077696474683D2234302E302220783D223439352E302220793D2238372E30223E3C2F6F6D6764633A426F756E64733E0A2020202020203C2F62706D6E64693A42504D4E53686170653E0A2020202020203C62706D6E64693A42504D4E53686170652062706D6E456C656D656E743D227265706F72744261636B222069643D2242504D4E53686170655F7265706F72744261636B223E0A20202020202020203C6F6D6764633A426F756E6473206865696768743D2235352E30222077696474683D223130352E302220783D223539302E302220793D2238302E30223E3C2F6F6D6764633A426F756E64733E0A2020202020203C2F62706D6E64693A42504D4E53686170653E0A2020202020203C62706D6E64693A42504D4E53686170652062706D6E456C656D656E743D22656E646576656E7431222069643D2242504D4E53686170655F656E646576656E7431223E0A20202020202020203C6F6D6764633A426F756E6473206865696768743D2233352E30222077696474683D2233352E302220783D223632352E302220793D223238332E30223E3C2F6F6D6764633A426F756E64733E0A2020202020203C2F62706D6E64693A42504D4E53686170653E0A2020202020203C62706D6E64693A42504D4E53686170652062706D6E456C656D656E743D226578636C75736976656761746577617937222069643D2242504D4E53686170655F6578636C75736976656761746577617937223E0A20202020202020203C6F6D6764633A426F756E6473206865696768743D2234302E30222077696474683D2234302E302220783D223235302E302220793D223238302E30223E3C2F6F6D6764633A426F756E64733E0A2020202020203C2F62706D6E64693A42504D4E53686170653E0A2020202020203C62706D6E64693A42504D4E456467652062706D6E456C656D656E743D22666C6F7732222069643D2242504D4E456467655F666C6F7732223E0A20202020202020203C6F6D6764693A776179706F696E7420783D2234352E302220793D223130372E30223E3C2F6F6D6764693A776179706F696E743E0A20202020202020203C6F6D6764693A776179706F696E7420783D2239302E302220793D223130372E30223E3C2F6F6D6764693A776179706F696E743E0A2020202020203C2F62706D6E64693A42504D4E456467653E0A2020202020203C62706D6E64693A42504D4E456467652062706D6E456C656D656E743D22666C6F7733222069643D2242504D4E456467655F666C6F7733223E0A20202020202020203C6F6D6764693A776179706F696E7420783D223139352E302220793D223130372E30223E3C2F6F6D6764693A776179706F696E743E0A20202020202020203C6F6D6764693A776179706F696E7420783D223235302E302220793D223130372E30223E3C2F6F6D6764693A776179706F696E743E0A2020202020203C2F62706D6E64693A42504D4E456467653E0A2020202020203C62706D6E64693A42504D4E456467652062706D6E456C656D656E743D22666C6F7734222069643D2242504D4E456467655F666C6F7734223E0A20202020202020203C6F6D6764693A776179706F696E7420783D223237302E302220793D223132372E30223E3C2F6F6D6764693A776179706F696E743E0A20202020202020203C6F6D6764693A776179706F696E7420783D223237302E302220793D223139302E30223E3C2F6F6D6764693A776179706F696E743E0A20202020202020203C62706D6E64693A42504D4E4C6162656C3E0A202020202020202020203C6F6D6764633A426F756E6473206865696768743D2231342E30222077696474683D2233362E302220783D2231302E302220793D22302E30223E3C2F6F6D6764633A426F756E64733E0A20202020202020203C2F62706D6E64693A42504D4E4C6162656C3E0A2020202020203C2F62706D6E64693A42504D4E456467653E0A2020202020203C62706D6E64693A42504D4E456467652062706D6E456C656D656E743D22666C6F7735222069643D2242504D4E456467655F666C6F7735223E0A20202020202020203C6F6D6764693A776179706F696E7420783D223239302E302220793D223130372E30223E3C2F6F6D6764693A776179706F696E743E0A20202020202020203C6F6D6764693A776179706F696E7420783D223335382E302220793D223130372E30223E3C2F6F6D6764693A776179706F696E743E0A20202020202020203C62706D6E64693A42504D4E4C6162656C3E0A202020202020202020203C6F6D6764633A426F756E6473206865696768743D2231342E30222077696474683D2232342E302220783D222D32342E302220793D222D31372E30223E3C2F6F6D6764633A426F756E64733E0A20202020202020203C2F62706D6E64693A42504D4E4C6162656C3E0A2020202020203C2F62706D6E64693A42504D4E456467653E0A2020202020203C62706D6E64693A42504D4E456467652062706D6E456C656D656E743D22666C6F7736222069643D2242504D4E456467655F666C6F7736223E0A20202020202020203C6F6D6764693A776179706F696E7420783D223436332E302220793D223130372E30223E3C2F6F6D6764693A776179706F696E743E0A20202020202020203C6F6D6764693A776179706F696E7420783D223439352E302220793D223130372E30223E3C2F6F6D6764693A776179706F696E743E0A2020202020203C2F62706D6E64693A42504D4E456467653E0A2020202020203C62706D6E64693A42504D4E456467652062706D6E456C656D656E743D22666C6F7737222069643D2242504D4E456467655F666C6F7737223E0A20202020202020203C6F6D6764693A776179706F696E7420783D223533352E302220793D223130372E30223E3C2F6F6D6764693A776179706F696E743E0A20202020202020203C6F6D6764693A776179706F696E7420783D223539302E302220793D223130372E30223E3C2F6F6D6764693A776179706F696E743E0A20202020202020203C62706D6E64693A42504D4E4C6162656C3E0A202020202020202020203C6F6D6764633A426F756E6473206865696768743D2231342E30222077696474683D2232342E302220783D222D32322E302220793D222D31372E30223E3C2F6F6D6764633A426F756E64733E0A20202020202020203C2F62706D6E64693A42504D4E4C6162656C3E0A2020202020203C2F62706D6E64693A42504D4E456467653E0A2020202020203C62706D6E64693A42504D4E456467652062706D6E456C656D656E743D22666C6F7738222069643D2242504D4E456467655F666C6F7738223E0A20202020202020203C6F6D6764693A776179706F696E7420783D223634322E302220793D223133352E30223E3C2F6F6D6764693A776179706F696E743E0A20202020202020203C6F6D6764693A776179706F696E7420783D223634322E302220793D223238332E30223E3C2F6F6D6764693A776179706F696E743E0A2020202020203C2F62706D6E64693A42504D4E456467653E0A2020202020203C62706D6E64693A42504D4E456467652062706D6E456C656D656E743D22666C6F7739222069643D2242504D4E456467655F666C6F7739223E0A20202020202020203C6F6D6764693A776179706F696E7420783D223531352E302220793D223132372E30223E3C2F6F6D6764693A776179706F696E743E0A20202020202020203C6F6D6764693A776179706F696E7420783D223531342E302220793D223231372E30223E3C2F6F6D6764693A776179706F696E743E0A20202020202020203C6F6D6764693A776179706F696E7420783D223332332E302220793D223231372E30223E3C2F6F6D6764693A776179706F696E743E0A20202020202020203C62706D6E64693A42504D4E4C6162656C3E0A202020202020202020203C6F6D6764633A426F756E6473206865696768743D2231342E30222077696474683D2233362E302220783D2232342E302220793D22332E30223E3C2F6F6D6764633A426F756E64733E0A20202020202020203C2F62706D6E64693A42504D4E4C6162656C3E0A2020202020203C2F62706D6E64693A42504D4E456467653E0A2020202020203C62706D6E64693A42504D4E456467652062706D6E456C656D656E743D22666C6F773130222069643D2242504D4E456467655F666C6F773130223E0A20202020202020203C6F6D6764693A776179706F696E7420783D223235302E302220793D223330302E30223E3C2F6F6D6764693A776179706F696E743E0A20202020202020203C6F6D6764693A776179706F696E7420783D223134322E302220793D223239392E30223E3C2F6F6D6764693A776179706F696E743E0A20202020202020203C6F6D6764693A776179706F696E7420783D223134322E302220793D223133352E30223E3C2F6F6D6764693A776179706F696E743E0A20202020202020203C62706D6E64693A42504D4E4C6162656C3E0A202020202020202020203C6F6D6764633A426F756E6473206865696768743D2231342E30222077696474683D2234382E302220783D22382E302220793D222D312E30223E3C2F6F6D6764633A426F756E64733E0A20202020202020203C2F62706D6E64693A42504D4E4C6162656C3E0A2020202020203C2F62706D6E64693A42504D4E456467653E0A2020202020203C62706D6E64693A42504D4E456467652062706D6E456C656D656E743D22666C6F773131222069643D2242504D4E456467655F666C6F773131223E0A20202020202020203C6F6D6764693A776179706F696E7420783D223237302E302220793D223234352E30223E3C2F6F6D6764693A776179706F696E743E0A20202020202020203C6F6D6764693A776179706F696E7420783D223237302E302220793D223238302E30223E3C2F6F6D6764693A776179706F696E743E0A2020202020203C2F62706D6E64693A42504D4E456467653E0A2020202020203C62706D6E64693A42504D4E456467652062706D6E456C656D656E743D22666C6F773132222069643D2242504D4E456467655F666C6F773132223E0A20202020202020203C6F6D6764693A776179706F696E7420783D223239302E302220793D223330302E30223E3C2F6F6D6764693A776179706F696E743E0A20202020202020203C6F6D6764693A776179706F696E7420783D223632352E302220793D223330302E30223E3C2F6F6D6764693A776179706F696E743E0A20202020202020203C62706D6E64693A42504D4E4C6162656C3E0A202020202020202020203C6F6D6764633A426F756E6473206865696768743D2231342E30222077696474683D2234382E302220783D222D31352E302220793D222D32302E30223E3C2F6F6D6764633A426F756E64733E0A20202020202020203C2F62706D6E64693A42504D4E4C6162656C3E0A2020202020203C2F62706D6E64693A42504D4E456467653E0A202020203C2F62706D6E64693A42504D4E506C616E653E0A20203C2F62706D6E64693A42504D4E4469616772616D3E0A3C2F646566696E6974696F6E733E, '0');
INSERT INTO `act_ge_bytearray` VALUES ('f3c62a0961854da88d0332964f813cc3', '1', 'source', null, 0x7B22626F756E6473223A7B226C6F7765725269676874223A7B2278223A313438352E302C2279223A3730302E307D2C2275707065724C656674223A7B2278223A302E302C2279223A302E307D7D2C227265736F757263654964223A2263616E766173222C227374656E63696C223A7B226964223A2242504D4E4469616772616D227D2C227374656E63696C736574223A7B226E616D657370616365223A22687474703A2F2F62336D6E2E6F72672F7374656E63696C7365742F62706D6E322E3023222C2275726C223A222E2E2F656469746F722F7374656E63696C736574732F62706D6E322E302F62706D6E322E302E6A736F6E227D2C2270726F70657274696573223A7B2270726F636573735F6964223A226C65617665222C226E616D65223A22E8AFB7E58187E6B581E7A88B222C22646F63756D656E746174696F6E223A22E8AFB7E58187E6B581E7A88BE6BC94E7A4BA222C2270726F636573735F6E616D657370616365223A22636F6D2E7468696E6B67656D2E6A6565736974652E6D6F64756C65732E6F612E6C65617665222C226D65737361676573223A5B5D2C22657865637574696F6E6C697374656E657273223A7B22657865637574696F6E4C697374656E657273223A5B5D7D2C226576656E746C697374656E657273223A7B226576656E744C697374656E657273223A5B5D7D2C227369676E616C646566696E6974696F6E73223A5B5D2C226D657373616765646566696E6974696F6E73223A5B5D7D2C226368696C64536861706573223A5B7B22626F756E6473223A7B226C6F7765725269676874223A7B2278223A34352E302C2279223A3132352E307D2C2275707065724C656674223A7B2278223A31302E302C2279223A39302E307D7D2C227265736F757263654964223A2273746172746576656E7431222C226368696C64536861706573223A5B5D2C227374656E63696C223A7B226964223A2253746172744E6F6E654576656E74227D2C2270726F70657274696573223A7B226F766572726964656964223A2273746172746576656E7431222C226E616D65223A225374617274222C22696E69746961746F72223A226170706C79557365724964227D2C226F7574676F696E67223A5B7B227265736F757263654964223A22666C6F7732227D5D7D2C7B22626F756E6473223A7B226C6F7765725269676874223A7B2278223A3139352E302C2279223A3133352E307D2C2275707065724C656674223A7B2278223A39302E302C2279223A38302E307D7D2C227265736F757263654964223A22646570744C65616465724175646974222C226368696C64536861706573223A5B5D2C227374656E63696C223A7B226964223A22557365725461736B227D2C2270726F70657274696573223A7B226F766572726964656964223A22646570744C65616465724175646974222C226E616D65223A22E983A8E997A8E9A286E5AFBCE5AEA1E689B9222C22757365727461736B61737369676E6D656E74223A7B2261737369676E6D656E74223A7B2263616E64696461746547726F757073223A5B7B2276616C7565223A2264657074227D5D7D7D2C226173796E6368726F6E6F7573646566696E6974696F6E223A66616C73652C226578636C7573697665646566696E6974696F6E223A747275652C227461736B6C697374656E657273223A7B227461736B4C697374656E657273223A5B5D7D2C22657865637574696F6E6C697374656E657273223A7B22657865637574696F6E4C697374656E657273223A5B5D7D7D2C226F7574676F696E67223A5B7B227265736F757263654964223A22666C6F7733227D5D7D2C7B22626F756E6473223A7B226C6F7765725269676874223A7B2278223A3239302E302C2279223A3132372E307D2C2275707065724C656674223A7B2278223A3235302E302C2279223A38372E307D7D2C227265736F757263654964223A226578636C75736976656761746577617935222C226368696C64536861706573223A5B5D2C227374656E63696C223A7B226964223A224578636C757369766547617465776179227D2C2270726F70657274696573223A7B226F766572726964656964223A226578636C75736976656761746577617935222C226E616D65223A224578636C75736976652047617465776179227D2C226F7574676F696E67223A5B7B227265736F757263654964223A22666C6F7734227D2C7B227265736F757263654964223A22666C6F7735227D5D7D2C7B22626F756E6473223A7B226C6F7765725269676874223A7B2278223A3332332E302C2279223A3234352E307D2C2275707065724C656674223A7B2278223A3231382E302C2279223A3139302E307D7D2C227265736F757263654964223A226D6F646966794170706C79222C226368696C64536861706573223A5B5D2C227374656E63696C223A7B226964223A22557365725461736B227D2C2270726F70657274696573223A7B226F766572726964656964223A226D6F646966794170706C79222C226E616D65223A22E8B083E695B4E794B3E8AFB7222C22757365727461736B61737369676E6D656E74223A7B2261737369676E6D656E74223A7B2261737369676E6565223A22247B6170706C795573657249647D227D7D2C226173796E6368726F6E6F7573646566696E6974696F6E223A66616C73652C226578636C7573697665646566696E6974696F6E223A747275652C227461736B6C697374656E657273223A7B227461736B4C697374656E657273223A5B7B226576656E74223A22636F6D706C657465222C2264656C656761746545787072657373696F6E223A22247B6C656176654D6F6469667950726F636573736F727D227D5D7D2C22657865637574696F6E6C697374656E657273223A7B22657865637574696F6E4C697374656E657273223A5B5D7D7D2C226F7574676F696E67223A5B7B227265736F757263654964223A22666C6F773131227D5D7D2C7B22626F756E6473223A7B226C6F7765725269676874223A7B2278223A3436332E302C2279223A3133352E307D2C2275707065724C656674223A7B2278223A3335382E302C2279223A38302E307D7D2C227265736F757263654964223A2268724175646974222C226368696C64536861706573223A5B5D2C227374656E63696C223A7B226964223A22557365725461736B227D2C2270726F70657274696573223A7B226F766572726964656964223A2268724175646974222C226E616D65223A22E4BABAE4BA8BE5AEA1E689B9222C22757365727461736B61737369676E6D656E74223A7B2261737369676E6D656E74223A7B2263616E64696461746547726F757073223A5B7B2276616C7565223A226872227D5D7D7D2C226173796E6368726F6E6F7573646566696E6974696F6E223A66616C73652C226578636C7573697665646566696E6974696F6E223A747275652C227461736B6C697374656E657273223A7B227461736B4C697374656E657273223A5B5D7D2C22657865637574696F6E6C697374656E657273223A7B22657865637574696F6E4C697374656E657273223A5B5D7D7D2C226F7574676F696E67223A5B7B227265736F757263654964223A22666C6F7736227D5D7D2C7B22626F756E6473223A7B226C6F7765725269676874223A7B2278223A3533352E302C2279223A3132372E307D2C2275707065724C656674223A7B2278223A3439352E302C2279223A38372E307D7D2C227265736F757263654964223A226578636C75736976656761746577617936222C226368696C64536861706573223A5B5D2C227374656E63696C223A7B226964223A224578636C757369766547617465776179227D2C2270726F70657274696573223A7B226F766572726964656964223A226578636C75736976656761746577617936222C226E616D65223A224578636C75736976652047617465776179227D2C226F7574676F696E67223A5B7B227265736F757263654964223A22666C6F7737227D2C7B227265736F757263654964223A22666C6F7739227D5D7D2C7B22626F756E6473223A7B226C6F7765725269676874223A7B2278223A3639352E302C2279223A3133352E307D2C2275707065724C656674223A7B2278223A3539302E302C2279223A38302E307D7D2C227265736F757263654964223A227265706F72744261636B222C226368696C64536861706573223A5B5D2C227374656E63696C223A7B226964223A22557365725461736B227D2C2270726F70657274696573223A7B226F766572726964656964223A227265706F72744261636B222C226E616D65223A22E99480E58187222C22757365727461736B61737369676E6D656E74223A7B2261737369676E6D656E74223A7B2261737369676E6565223A22247B6170706C795573657249647D227D7D2C226173796E6368726F6E6F7573646566696E6974696F6E223A66616C73652C226578636C7573697665646566696E6974696F6E223A747275652C227461736B6C697374656E657273223A7B227461736B4C697374656E657273223A5B7B226576656E74223A22636F6D706C657465222C2264656C656761746545787072657373696F6E223A22247B6C656176655265706F727450726F636573736F727D227D5D7D2C22657865637574696F6E6C697374656E657273223A7B22657865637574696F6E4C697374656E657273223A5B5D7D7D2C226F7574676F696E67223A5B7B227265736F757263654964223A22666C6F7738227D5D7D2C7B22626F756E6473223A7B226C6F7765725269676874223A7B2278223A3636302E302C2279223A3331382E307D2C2275707065724C656674223A7B2278223A3632352E302C2279223A3238332E307D7D2C227265736F757263654964223A22656E646576656E7431222C226368696C64536861706573223A5B5D2C227374656E63696C223A7B226964223A22456E644E6F6E654576656E74227D2C2270726F70657274696573223A7B226F766572726964656964223A22656E646576656E7431222C226E616D65223A22456E64227D2C226F7574676F696E67223A5B5D7D2C7B22626F756E6473223A7B226C6F7765725269676874223A7B2278223A3239302E302C2279223A3332302E307D2C2275707065724C656674223A7B2278223A3235302E302C2279223A3238302E307D7D2C227265736F757263654964223A226578636C75736976656761746577617937222C226368696C64536861706573223A5B5D2C227374656E63696C223A7B226964223A224578636C757369766547617465776179227D2C2270726F70657274696573223A7B226F766572726964656964223A226578636C75736976656761746577617937222C226E616D65223A224578636C75736976652047617465776179227D2C226F7574676F696E67223A5B7B227265736F757263654964223A22666C6F773130227D2C7B227265736F757263654964223A22666C6F773132227D5D7D2C7B22626F756E6473223A7B226C6F7765725269676874223A7B2278223A3137322E302C2279223A3231322E307D2C2275707065724C656674223A7B2278223A3132382E302C2279223A3231322E307D7D2C227265736F757263654964223A22666C6F7732222C226368696C64536861706573223A5B5D2C227374656E63696C223A7B226964223A2253657175656E6365466C6F77227D2C22646F636B657273223A5B7B2278223A31372E352C2279223A31372E357D2C7B2278223A35322E352C2279223A32372E357D5D2C226F7574676F696E67223A5B7B227265736F757263654964223A22646570744C65616465724175646974227D5D2C22746172676574223A7B227265736F757263654964223A22646570744C65616465724175646974227D2C2270726F70657274696573223A7B226F766572726964656964223A22666C6F7732227D7D2C7B22626F756E6473223A7B226C6F7765725269676874223A7B2278223A3137322E302C2279223A3231322E307D2C2275707065724C656674223A7B2278223A3132382E302C2279223A3231322E307D7D2C227265736F757263654964223A22666C6F7733222C226368696C64536861706573223A5B5D2C227374656E63696C223A7B226964223A2253657175656E6365466C6F77227D2C22646F636B657273223A5B7B2278223A35322E352C2279223A32372E357D2C7B2278223A32302E302C2279223A32302E307D5D2C226F7574676F696E67223A5B7B227265736F757263654964223A226578636C75736976656761746577617935227D5D2C22746172676574223A7B227265736F757263654964223A226578636C75736976656761746577617935227D2C2270726F70657274696573223A7B226F766572726964656964223A22666C6F7733227D7D2C7B22626F756E6473223A7B226C6F7765725269676874223A7B2278223A3137322E302C2279223A3231322E307D2C2275707065724C656674223A7B2278223A3132382E302C2279223A3231322E307D7D2C227265736F757263654964223A22666C6F7734222C226368696C64536861706573223A5B5D2C227374656E63696C223A7B226964223A2253657175656E6365466C6F77227D2C22646F636B657273223A5B7B2278223A32302E302C2279223A32302E307D2C7B2278223A35322E352C2279223A32372E357D5D2C226F7574676F696E67223A5B7B227265736F757263654964223A226D6F646966794170706C79227D5D2C22746172676574223A7B227265736F757263654964223A226D6F646966794170706C79227D2C2270726F70657274696573223A7B226F766572726964656964223A22666C6F7734222C226E616D65223A22E4B88DE5908CE6848F222C22636F6E646974696F6E73657175656E6365666C6F77223A22247B21646570744C6561646572506173737D227D7D2C7B22626F756E6473223A7B226C6F7765725269676874223A7B2278223A3137322E302C2279223A3231322E307D2C2275707065724C656674223A7B2278223A3132382E302C2279223A3231322E307D7D2C227265736F757263654964223A22666C6F7735222C226368696C64536861706573223A5B5D2C227374656E63696C223A7B226964223A2253657175656E6365466C6F77227D2C22646F636B657273223A5B7B2278223A32302E302C2279223A32302E307D2C7B2278223A35322E352C2279223A32372E357D5D2C226F7574676F696E67223A5B7B227265736F757263654964223A2268724175646974227D5D2C22746172676574223A7B227265736F757263654964223A2268724175646974227D2C2270726F70657274696573223A7B226F766572726964656964223A22666C6F7735222C226E616D65223A22E5908CE6848F222C22636F6E646974696F6E73657175656E6365666C6F77223A22247B646570744C6561646572506173737D227D7D2C7B22626F756E6473223A7B226C6F7765725269676874223A7B2278223A3137322E302C2279223A3231322E307D2C2275707065724C656674223A7B2278223A3132382E302C2279223A3231322E307D7D2C227265736F757263654964223A22666C6F7736222C226368696C64536861706573223A5B5D2C227374656E63696C223A7B226964223A2253657175656E6365466C6F77227D2C22646F636B657273223A5B7B2278223A35322E352C2279223A32372E357D2C7B2278223A32302E302C2279223A32302E307D5D2C226F7574676F696E67223A5B7B227265736F757263654964223A226578636C75736976656761746577617936227D5D2C22746172676574223A7B227265736F757263654964223A226578636C75736976656761746577617936227D2C2270726F70657274696573223A7B226F766572726964656964223A22666C6F7736227D7D2C7B22626F756E6473223A7B226C6F7765725269676874223A7B2278223A3137322E302C2279223A3231322E307D2C2275707065724C656674223A7B2278223A3132382E302C2279223A3231322E307D7D2C227265736F757263654964223A22666C6F7737222C226368696C64536861706573223A5B5D2C227374656E63696C223A7B226964223A2253657175656E6365466C6F77227D2C22646F636B657273223A5B7B2278223A32302E302C2279223A32302E307D2C7B2278223A35322E352C2279223A32372E357D5D2C226F7574676F696E67223A5B7B227265736F757263654964223A227265706F72744261636B227D5D2C22746172676574223A7B227265736F757263654964223A227265706F72744261636B227D2C2270726F70657274696573223A7B226F766572726964656964223A22666C6F7737222C226E616D65223A22E5908CE6848F222C22636F6E646974696F6E73657175656E6365666C6F77223A22247B6872506173737D227D7D2C7B22626F756E6473223A7B226C6F7765725269676874223A7B2278223A3137322E302C2279223A3231322E307D2C2275707065724C656674223A7B2278223A3132382E302C2279223A3231322E307D7D2C227265736F757263654964223A22666C6F7738222C226368696C64536861706573223A5B5D2C227374656E63696C223A7B226964223A2253657175656E6365466C6F77227D2C22646F636B657273223A5B7B2278223A35322E352C2279223A32372E357D2C7B2278223A31372E352C2279223A31372E357D5D2C226F7574676F696E67223A5B7B227265736F757263654964223A22656E646576656E7431227D5D2C22746172676574223A7B227265736F757263654964223A22656E646576656E7431227D2C2270726F70657274696573223A7B226F766572726964656964223A22666C6F7738227D7D2C7B22626F756E6473223A7B226C6F7765725269676874223A7B2278223A3137322E302C2279223A3231322E307D2C2275707065724C656674223A7B2278223A3132382E302C2279223A3231322E307D7D2C227265736F757263654964223A22666C6F7739222C226368696C64536861706573223A5B5D2C227374656E63696C223A7B226964223A2253657175656E6365466C6F77227D2C22646F636B657273223A5B7B2278223A32302E302C2279223A32302E307D2C7B2278223A3531342E302C2279223A3231372E307D2C7B2278223A35322E352C2279223A32372E357D5D2C226F7574676F696E67223A5B7B227265736F757263654964223A226D6F646966794170706C79227D5D2C22746172676574223A7B227265736F757263654964223A226D6F646966794170706C79227D2C2270726F70657274696573223A7B226F766572726964656964223A22666C6F7739222C226E616D65223A22E4B88DE5908CE6848F222C22636F6E646974696F6E73657175656E6365666C6F77223A22247B216872506173737D227D7D2C7B22626F756E6473223A7B226C6F7765725269676874223A7B2278223A3137322E302C2279223A3231322E307D2C2275707065724C656674223A7B2278223A3132382E302C2279223A3231322E307D7D2C227265736F757263654964223A22666C6F773130222C226368696C64536861706573223A5B5D2C227374656E63696C223A7B226964223A2253657175656E6365466C6F77227D2C22646F636B657273223A5B7B2278223A32302E302C2279223A32302E307D2C7B2278223A3134322E302C2279223A3239392E307D2C7B2278223A35322E352C2279223A32372E357D5D2C226F7574676F696E67223A5B7B227265736F757263654964223A22646570744C65616465724175646974227D5D2C22746172676574223A7B227265736F757263654964223A22646570744C65616465724175646974227D2C2270726F70657274696573223A7B226F766572726964656964223A22666C6F773130222C226E616D65223A22E9878DE696B0E794B3E8AFB7222C22636F6E646974696F6E73657175656E6365666C6F77223A22247B72654170706C797D227D7D2C7B22626F756E6473223A7B226C6F7765725269676874223A7B2278223A3137322E302C2279223A3231322E307D2C2275707065724C656674223A7B2278223A3132382E302C2279223A3231322E307D7D2C227265736F757263654964223A22666C6F773131222C226368696C64536861706573223A5B5D2C227374656E63696C223A7B226964223A2253657175656E6365466C6F77227D2C22646F636B657273223A5B7B2278223A35322E352C2279223A32372E357D2C7B2278223A32302E302C2279223A32302E307D5D2C226F7574676F696E67223A5B7B227265736F757263654964223A226578636C75736976656761746577617937227D5D2C22746172676574223A7B227265736F757263654964223A226578636C75736976656761746577617937227D2C2270726F70657274696573223A7B226F766572726964656964223A22666C6F773131227D7D2C7B22626F756E6473223A7B226C6F7765725269676874223A7B2278223A3137322E302C2279223A3231322E307D2C2275707065724C656674223A7B2278223A3132382E302C2279223A3231322E307D7D2C227265736F757263654964223A22666C6F773132222C226368696C64536861706573223A5B5D2C227374656E63696C223A7B226964223A2253657175656E6365466C6F77227D2C22646F636B657273223A5B7B2278223A32302E302C2279223A32302E307D2C7B2278223A31372E352C2279223A31372E357D5D2C226F7574676F696E67223A5B7B227265736F757263654964223A22656E646576656E7431227D5D2C22746172676574223A7B227265736F757263654964223A22656E646576656E7431227D2C2270726F70657274696573223A7B226F766572726964656964223A22666C6F773132222C226E616D65223A22E7BB93E69D9FE6B581E7A88B222C22636F6E646974696F6E73657175656E6365666C6F77223A22247B2172654170706C797D227D7D5D7D, null);

-- ----------------------------
-- Table structure for act_ge_property
-- ----------------------------
DROP TABLE IF EXISTS `act_ge_property`;
CREATE TABLE `act_ge_property` (
  `NAME_` varchar(64) COLLATE utf8_bin NOT NULL DEFAULT '',
  `VALUE_` varchar(300) COLLATE utf8_bin DEFAULT NULL,
  `REV_` int(11) DEFAULT NULL,
  PRIMARY KEY (`NAME_`)
) ENGINE=InnoDB DEFAULT CHARSET=utf8 COLLATE=utf8_bin;

-- ----------------------------
-- Records of act_ge_property
-- ----------------------------
INSERT INTO `act_ge_property` VALUES ('next.dbid', '1', '1');
INSERT INTO `act_ge_property` VALUES ('schema.history', 'create(5.15.1) upgrade(5.15.1->5.21.0.0)', '2');
INSERT INTO `act_ge_property` VALUES ('schema.version', '5.21.0.0', '2');

-- ----------------------------
-- Table structure for act_hi_actinst
-- ----------------------------
DROP TABLE IF EXISTS `act_hi_actinst`;
CREATE TABLE `act_hi_actinst` (
  `ID_` varchar(64) COLLATE utf8_bin NOT NULL,
  `PROC_DEF_ID_` varchar(64) COLLATE utf8_bin NOT NULL,
  `PROC_INST_ID_` varchar(64) COLLATE utf8_bin NOT NULL,
  `EXECUTION_ID_` varchar(64) COLLATE utf8_bin NOT NULL,
  `ACT_ID_` varchar(255) COLLATE utf8_bin NOT NULL,
  `TASK_ID_` varchar(64) COLLATE utf8_bin DEFAULT NULL,
  `CALL_PROC_INST_ID_` varchar(64) COLLATE utf8_bin DEFAULT NULL,
  `ACT_NAME_` varchar(255) COLLATE utf8_bin DEFAULT NULL,
  `ACT_TYPE_` varchar(255) COLLATE utf8_bin NOT NULL,
  `ASSIGNEE_` varchar(255) COLLATE utf8_bin DEFAULT NULL,
  `START_TIME_` datetime NOT NULL,
  `END_TIME_` datetime DEFAULT NULL,
  `DURATION_` bigint(20) DEFAULT NULL,
  `TENANT_ID_` varchar(255) COLLATE utf8_bin DEFAULT '',
  PRIMARY KEY (`ID_`),
  KEY `ACT_IDX_HI_ACT_INST_START` (`START_TIME_`),
  KEY `ACT_IDX_HI_ACT_INST_END` (`END_TIME_`),
  KEY `ACT_IDX_HI_ACT_INST_PROCINST` (`PROC_INST_ID_`,`ACT_ID_`),
  KEY `ACT_IDX_HI_ACT_INST_EXEC` (`EXECUTION_ID_`,`ACT_ID_`)
) ENGINE=InnoDB DEFAULT CHARSET=utf8 COLLATE=utf8_bin;

-- ----------------------------
-- Records of act_hi_actinst
-- ----------------------------
INSERT INTO `act_hi_actinst` VALUES ('3df0998c38e84f13b212b0298e091b31', 'test_audit:1:327a5ee34e1d448ba6675284c74e2c91', 'f722cea019b8439da4fec7b97f8db977', 'f722cea019b8439da4fec7b97f8db977', 'audit', '0d44a0d8f04041aa8e90c50a5c7799c3', null, '薪酬主管初审', 'userTask', 'thinkgem', '2016-11-25 13:46:43', '2016-11-25 13:46:56', '12655', '');
INSERT INTO `act_hi_actinst` VALUES ('605f171ca382406fb3f7688a58052f8d', 'test_audit:1:327a5ee34e1d448ba6675284c74e2c91', 'f722cea019b8439da4fec7b97f8db977', 'f722cea019b8439da4fec7b97f8db977', 'sid-C28BB5F6-013D-4570-B432-61B380C1F46F', null, null, null, 'exclusiveGateway', null, '2016-11-25 13:46:56', '2016-11-25 13:46:56', '16', '');
INSERT INTO `act_hi_actinst` VALUES ('a356fbf15fd349aeb37d4f109d55bbb5', 'test_audit:1:327a5ee34e1d448ba6675284c74e2c91', 'f722cea019b8439da4fec7b97f8db977', 'f722cea019b8439da4fec7b97f8db977', 'start', null, null, '启动审批', 'startEvent', null, '2016-11-25 13:46:43', '2016-11-25 13:46:43', '30', '');
INSERT INTO `act_hi_actinst` VALUES ('a71d950d253047068e9dc067bdd15d43', 'test_audit:1:327a5ee34e1d448ba6675284c74e2c91', 'f722cea019b8439da4fec7b97f8db977', 'f722cea019b8439da4fec7b97f8db977', 'audit2', 'c1439b0137f4468597ef82d924be5bd1', null, '集团人力资源部部长审核', 'userTask', 'thinkgem', '2016-11-25 13:46:56', '2016-11-25 13:47:38', '41933', '');
INSERT INTO `act_hi_actinst` VALUES ('c1cdf38f6ec347b3896e6d30f60f10d9', 'leave:2:ae3a4d258ece4c2cb3439564e8f0241c', 'e75cfe03009b4a38a1f4366c48ae5ef9', 'e75cfe03009b4a38a1f4366c48ae5ef9', 'deptLeaderAudit', '9892a387407c449f9a121b8d9613cdfc', null, '部门领导审批', 'userTask', null, '2017-03-09 13:30:55', null, null, '');
INSERT INTO `act_hi_actinst` VALUES ('edf20beade7f42fea06d8b0f55d1a08d', 'test_audit:1:327a5ee34e1d448ba6675284c74e2c91', 'f722cea019b8439da4fec7b97f8db977', 'f722cea019b8439da4fec7b97f8db977', 'audit3', '86f102e10f274e0796eff5137b3255e8', null, '集团人力资源部分管领导审核', 'userTask', 'thinkgem', '2016-11-25 13:47:38', null, null, '');
INSERT INTO `act_hi_actinst` VALUES ('f90d296d6ac743e4b1b8505329a0f951', 'test_audit:1:327a5ee34e1d448ba6675284c74e2c91', 'f722cea019b8439da4fec7b97f8db977', 'f722cea019b8439da4fec7b97f8db977', 'sid-ED46FE41-A0FD-496D-86DC-2C97AF5735F0', null, null, null, 'exclusiveGateway', null, '2016-11-25 13:47:38', '2016-11-25 13:47:38', '1', '');
INSERT INTO `act_hi_actinst` VALUES ('ffc7dc6512be4dbfa29797e2841e3cad', 'leave:2:ae3a4d258ece4c2cb3439564e8f0241c', 'e75cfe03009b4a38a1f4366c48ae5ef9', 'e75cfe03009b4a38a1f4366c48ae5ef9', 'startevent1', null, null, 'Start', 'startEvent', null, '2017-03-09 13:30:55', '2017-03-09 13:30:55', '1', '');

-- ----------------------------
-- Table structure for act_hi_attachment
-- ----------------------------
DROP TABLE IF EXISTS `act_hi_attachment`;
CREATE TABLE `act_hi_attachment` (
  `ID_` varchar(64) COLLATE utf8_bin NOT NULL,
  `REV_` int(11) DEFAULT NULL,
  `USER_ID_` varchar(255) COLLATE utf8_bin DEFAULT NULL,
  `NAME_` varchar(255) COLLATE utf8_bin DEFAULT NULL,
  `DESCRIPTION_` varchar(4000) COLLATE utf8_bin DEFAULT NULL,
  `TYPE_` varchar(255) COLLATE utf8_bin DEFAULT NULL,
  `TASK_ID_` varchar(64) COLLATE utf8_bin DEFAULT NULL,
  `PROC_INST_ID_` varchar(64) COLLATE utf8_bin DEFAULT NULL,
  `URL_` varchar(4000) COLLATE utf8_bin DEFAULT NULL,
  `CONTENT_ID_` varchar(64) COLLATE utf8_bin DEFAULT NULL,
  `TIME_` datetime DEFAULT NULL,
  PRIMARY KEY (`ID_`)
) ENGINE=InnoDB DEFAULT CHARSET=utf8 COLLATE=utf8_bin;

-- ----------------------------
-- Records of act_hi_attachment
-- ----------------------------

-- ----------------------------
-- Table structure for act_hi_comment
-- ----------------------------
DROP TABLE IF EXISTS `act_hi_comment`;
CREATE TABLE `act_hi_comment` (
  `ID_` varchar(64) COLLATE utf8_bin NOT NULL,
  `TYPE_` varchar(255) COLLATE utf8_bin DEFAULT NULL,
  `TIME_` datetime NOT NULL,
  `USER_ID_` varchar(255) COLLATE utf8_bin DEFAULT NULL,
  `TASK_ID_` varchar(64) COLLATE utf8_bin DEFAULT NULL,
  `PROC_INST_ID_` varchar(64) COLLATE utf8_bin DEFAULT NULL,
  `ACTION_` varchar(255) COLLATE utf8_bin DEFAULT NULL,
  `MESSAGE_` varchar(4000) COLLATE utf8_bin DEFAULT NULL,
  `FULL_MSG_` longblob,
  PRIMARY KEY (`ID_`)
) ENGINE=InnoDB DEFAULT CHARSET=utf8 COLLATE=utf8_bin;

-- ----------------------------
-- Records of act_hi_comment
-- ----------------------------
INSERT INTO `act_hi_comment` VALUES ('930a972f27754e99826addc955afb007', 'comment', '2016-11-25 13:46:56', null, '0d44a0d8f04041aa8e90c50a5c7799c3', 'f722cea019b8439da4fec7b97f8db977', 'AddComment', '[同意] 2222222222', 0x5BE5908CE6848F5D2032323232323232323232);
INSERT INTO `act_hi_comment` VALUES ('c6f00380c54d4ca9af1a6c20d39b5a65', 'comment', '2016-11-25 13:47:38', null, 'c1439b0137f4468597ef82d924be5bd1', 'f722cea019b8439da4fec7b97f8db977', 'AddComment', '[同意] 2222222222', 0x5BE5908CE6848F5D2032323232323232323232);

-- ----------------------------
-- Table structure for act_hi_detail
-- ----------------------------
DROP TABLE IF EXISTS `act_hi_detail`;
CREATE TABLE `act_hi_detail` (
  `ID_` varchar(64) COLLATE utf8_bin NOT NULL,
  `TYPE_` varchar(255) COLLATE utf8_bin NOT NULL,
  `PROC_INST_ID_` varchar(64) COLLATE utf8_bin DEFAULT NULL,
  `EXECUTION_ID_` varchar(64) COLLATE utf8_bin DEFAULT NULL,
  `TASK_ID_` varchar(64) COLLATE utf8_bin DEFAULT NULL,
  `ACT_INST_ID_` varchar(64) COLLATE utf8_bin DEFAULT NULL,
  `NAME_` varchar(255) COLLATE utf8_bin NOT NULL,
  `VAR_TYPE_` varchar(255) COLLATE utf8_bin DEFAULT NULL,
  `REV_` int(11) DEFAULT NULL,
  `TIME_` datetime NOT NULL,
  `BYTEARRAY_ID_` varchar(64) COLLATE utf8_bin DEFAULT NULL,
  `DOUBLE_` double DEFAULT NULL,
  `LONG_` bigint(20) DEFAULT NULL,
  `TEXT_` varchar(4000) COLLATE utf8_bin DEFAULT NULL,
  `TEXT2_` varchar(4000) COLLATE utf8_bin DEFAULT NULL,
  PRIMARY KEY (`ID_`),
  KEY `ACT_IDX_HI_DETAIL_PROC_INST` (`PROC_INST_ID_`),
  KEY `ACT_IDX_HI_DETAIL_ACT_INST` (`ACT_INST_ID_`),
  KEY `ACT_IDX_HI_DETAIL_TIME` (`TIME_`),
  KEY `ACT_IDX_HI_DETAIL_NAME` (`NAME_`),
  KEY `ACT_IDX_HI_DETAIL_TASK_ID` (`TASK_ID_`)
) ENGINE=InnoDB DEFAULT CHARSET=utf8 COLLATE=utf8_bin;

-- ----------------------------
-- Records of act_hi_detail
-- ----------------------------
INSERT INTO `act_hi_detail` VALUES ('1fb16ff7ac5d4239be9064b2f988af51', 'VariableUpdate', 'e75cfe03009b4a38a1f4366c48ae5ef9', 'e75cfe03009b4a38a1f4366c48ae5ef9', null, 'ffc7dc6512be4dbfa29797e2841e3cad', 'busId', 'string', '0', '2017-03-09 13:30:55', null, null, null, '9543b50bf5c24a08aaff5b5bf90e8ada', null);
INSERT INTO `act_hi_detail` VALUES ('246b397498b0484eb5037cbb9f6cf949', 'VariableUpdate', 'f722cea019b8439da4fec7b97f8db977', 'f722cea019b8439da4fec7b97f8db977', null, '3df0998c38e84f13b212b0298e091b31', 'pass', 'string', '0', '2016-11-25 13:46:56', null, null, null, '1', null);
INSERT INTO `act_hi_detail` VALUES ('274ac15d6e7247848b1b7f9ca33643ca', 'VariableUpdate', 'e75cfe03009b4a38a1f4366c48ae5ef9', 'e75cfe03009b4a38a1f4366c48ae5ef9', null, null, 'applyUserId', 'string', '0', '2017-03-09 13:30:55', null, null, null, 'thinkgem', null);
INSERT INTO `act_hi_detail` VALUES ('4d9c487426df448990722d6b8d39ea1a', 'VariableUpdate', 'f722cea019b8439da4fec7b97f8db977', 'f722cea019b8439da4fec7b97f8db977', null, null, 'apply', 'string', '0', '2016-11-25 13:46:43', null, null, null, 'thinkgem', null);
INSERT INTO `act_hi_detail` VALUES ('92942ea1044d4bc3bee96cbe0bc1c558', 'VariableUpdate', 'f722cea019b8439da4fec7b97f8db977', 'f722cea019b8439da4fec7b97f8db977', null, 'a356fbf15fd349aeb37d4f109d55bbb5', 'title', 'string', '0', '2016-11-25 13:46:43', null, null, null, '1', null);
INSERT INTO `act_hi_detail` VALUES ('bb777f3139174457b90448728d3bef34', 'VariableUpdate', 'e75cfe03009b4a38a1f4366c48ae5ef9', 'e75cfe03009b4a38a1f4366c48ae5ef9', null, 'ffc7dc6512be4dbfa29797e2841e3cad', 'type', 'string', '0', '2017-03-09 13:30:55', null, null, null, 'leave', null);
INSERT INTO `act_hi_detail` VALUES ('f92293dc6ca6497e831a5dc79e520b1c', 'VariableUpdate', 'f722cea019b8439da4fec7b97f8db977', 'f722cea019b8439da4fec7b97f8db977', null, 'a71d950d253047068e9dc067bdd15d43', 'pass', 'string', '1', '2016-11-25 13:47:38', null, null, null, '1', null);

-- ----------------------------
-- Table structure for act_hi_identitylink
-- ----------------------------
DROP TABLE IF EXISTS `act_hi_identitylink`;
CREATE TABLE `act_hi_identitylink` (
  `ID_` varchar(64) COLLATE utf8_bin NOT NULL DEFAULT '',
  `GROUP_ID_` varchar(255) COLLATE utf8_bin DEFAULT NULL,
  `TYPE_` varchar(255) COLLATE utf8_bin DEFAULT NULL,
  `USER_ID_` varchar(255) COLLATE utf8_bin DEFAULT NULL,
  `TASK_ID_` varchar(64) COLLATE utf8_bin DEFAULT NULL,
  `PROC_INST_ID_` varchar(64) COLLATE utf8_bin DEFAULT NULL,
  PRIMARY KEY (`ID_`),
  KEY `ACT_IDX_HI_IDENT_LNK_USER` (`USER_ID_`),
  KEY `ACT_IDX_HI_IDENT_LNK_TASK` (`TASK_ID_`),
  KEY `ACT_IDX_HI_IDENT_LNK_PROCINST` (`PROC_INST_ID_`)
) ENGINE=InnoDB DEFAULT CHARSET=utf8 COLLATE=utf8_bin;

-- ----------------------------
-- Records of act_hi_identitylink
-- ----------------------------
INSERT INTO `act_hi_identitylink` VALUES ('448aa8e2f9824239bb563c944a7064a8', null, 'starter', 'thinkgem', null, 'e75cfe03009b4a38a1f4366c48ae5ef9');
INSERT INTO `act_hi_identitylink` VALUES ('6a40930c550c44f596ef4bbfa36b4728', 'dept', 'candidate', null, '9892a387407c449f9a121b8d9613cdfc', null);
INSERT INTO `act_hi_identitylink` VALUES ('ef3adbe14ff842049b118ab62478ce16', null, 'starter', 'thinkgem', null, 'f722cea019b8439da4fec7b97f8db977');

-- ----------------------------
-- Table structure for act_hi_procinst
-- ----------------------------
DROP TABLE IF EXISTS `act_hi_procinst`;
CREATE TABLE `act_hi_procinst` (
  `ID_` varchar(64) COLLATE utf8_bin NOT NULL,
  `PROC_INST_ID_` varchar(64) COLLATE utf8_bin NOT NULL,
  `BUSINESS_KEY_` varchar(255) COLLATE utf8_bin DEFAULT NULL,
  `PROC_DEF_ID_` varchar(64) COLLATE utf8_bin NOT NULL,
  `START_TIME_` datetime NOT NULL,
  `END_TIME_` datetime DEFAULT NULL,
  `DURATION_` bigint(20) DEFAULT NULL,
  `START_USER_ID_` varchar(255) COLLATE utf8_bin DEFAULT NULL,
  `START_ACT_ID_` varchar(255) COLLATE utf8_bin DEFAULT NULL,
  `END_ACT_ID_` varchar(255) COLLATE utf8_bin DEFAULT NULL,
  `SUPER_PROCESS_INSTANCE_ID_` varchar(64) COLLATE utf8_bin DEFAULT NULL,
  `DELETE_REASON_` varchar(4000) COLLATE utf8_bin DEFAULT NULL,
  `TENANT_ID_` varchar(255) COLLATE utf8_bin DEFAULT '',
  `NAME_` varchar(255) COLLATE utf8_bin DEFAULT NULL,
  PRIMARY KEY (`ID_`),
  UNIQUE KEY `PROC_INST_ID_` (`PROC_INST_ID_`),
  KEY `ACT_IDX_HI_PRO_INST_END` (`END_TIME_`),
  KEY `ACT_IDX_HI_PRO_I_BUSKEY` (`BUSINESS_KEY_`)
) ENGINE=InnoDB DEFAULT CHARSET=utf8 COLLATE=utf8_bin;

-- ----------------------------
-- Records of act_hi_procinst
-- ----------------------------
INSERT INTO `act_hi_procinst` VALUES ('e75cfe03009b4a38a1f4366c48ae5ef9', 'e75cfe03009b4a38a1f4366c48ae5ef9', '9543b50bf5c24a08aaff5b5bf90e8ada', 'leave:2:ae3a4d258ece4c2cb3439564e8f0241c', '2017-03-09 13:30:55', null, null, 'thinkgem', 'startevent1', null, null, null, '', null);
INSERT INTO `act_hi_procinst` VALUES ('f722cea019b8439da4fec7b97f8db977', 'f722cea019b8439da4fec7b97f8db977', 'oa_test_audit:ebb966855e734d6b81871a61cfb139a7', 'test_audit:1:327a5ee34e1d448ba6675284c74e2c91', '2016-11-25 13:46:43', null, null, 'thinkgem', 'start', null, null, null, '', null);

-- ----------------------------
-- Table structure for act_hi_taskinst
-- ----------------------------
DROP TABLE IF EXISTS `act_hi_taskinst`;
CREATE TABLE `act_hi_taskinst` (
  `ID_` varchar(64) COLLATE utf8_bin NOT NULL,
  `PROC_DEF_ID_` varchar(64) COLLATE utf8_bin DEFAULT NULL,
  `TASK_DEF_KEY_` varchar(255) COLLATE utf8_bin DEFAULT NULL,
  `PROC_INST_ID_` varchar(64) COLLATE utf8_bin DEFAULT NULL,
  `EXECUTION_ID_` varchar(64) COLLATE utf8_bin DEFAULT NULL,
  `NAME_` varchar(255) COLLATE utf8_bin DEFAULT NULL,
  `PARENT_TASK_ID_` varchar(64) COLLATE utf8_bin DEFAULT NULL,
  `DESCRIPTION_` varchar(4000) COLLATE utf8_bin DEFAULT NULL,
  `OWNER_` varchar(255) COLLATE utf8_bin DEFAULT NULL,
  `ASSIGNEE_` varchar(255) COLLATE utf8_bin DEFAULT NULL,
  `START_TIME_` datetime NOT NULL,
  `CLAIM_TIME_` datetime DEFAULT NULL,
  `END_TIME_` datetime DEFAULT NULL,
  `DURATION_` bigint(20) DEFAULT NULL,
  `DELETE_REASON_` varchar(4000) COLLATE utf8_bin DEFAULT NULL,
  `PRIORITY_` int(11) DEFAULT NULL,
  `DUE_DATE_` datetime DEFAULT NULL,
  `FORM_KEY_` varchar(255) COLLATE utf8_bin DEFAULT NULL,
  `CATEGORY_` varchar(255) COLLATE utf8_bin DEFAULT NULL,
  `TENANT_ID_` varchar(255) COLLATE utf8_bin DEFAULT '',
  PRIMARY KEY (`ID_`),
  KEY `ACT_IDX_HI_TASK_INST_PROCINST` (`PROC_INST_ID_`)
) ENGINE=InnoDB DEFAULT CHARSET=utf8 COLLATE=utf8_bin;

-- ----------------------------
-- Records of act_hi_taskinst
-- ----------------------------
INSERT INTO `act_hi_taskinst` VALUES ('0d44a0d8f04041aa8e90c50a5c7799c3', 'test_audit:1:327a5ee34e1d448ba6675284c74e2c91', 'audit', 'f722cea019b8439da4fec7b97f8db977', 'f722cea019b8439da4fec7b97f8db977', '薪酬主管初审', null, null, null, 'thinkgem', '2016-11-25 13:46:43', null, '2016-11-25 13:46:56', '12639', 'completed', '50', null, null, null, '');
INSERT INTO `act_hi_taskinst` VALUES ('86f102e10f274e0796eff5137b3255e8', 'test_audit:1:327a5ee34e1d448ba6675284c74e2c91', 'audit3', 'f722cea019b8439da4fec7b97f8db977', 'f722cea019b8439da4fec7b97f8db977', '集团人力资源部分管领导审核', null, null, null, 'thinkgem', '2016-11-25 13:47:38', null, null, null, null, '50', null, null, null, '');
INSERT INTO `act_hi_taskinst` VALUES ('9892a387407c449f9a121b8d9613cdfc', 'leave:2:ae3a4d258ece4c2cb3439564e8f0241c', 'deptLeaderAudit', 'e75cfe03009b4a38a1f4366c48ae5ef9', 'e75cfe03009b4a38a1f4366c48ae5ef9', '部门领导审批', null, null, null, null, '2017-03-09 13:30:55', null, null, null, null, '50', null, null, null, '');
INSERT INTO `act_hi_taskinst` VALUES ('c1439b0137f4468597ef82d924be5bd1', 'test_audit:1:327a5ee34e1d448ba6675284c74e2c91', 'audit2', 'f722cea019b8439da4fec7b97f8db977', 'f722cea019b8439da4fec7b97f8db977', '集团人力资源部部长审核', null, null, null, 'thinkgem', '2016-11-25 13:46:56', null, '2016-11-25 13:47:38', '41917', 'completed', '50', null, null, null, '');

-- ----------------------------
-- Table structure for act_hi_varinst
-- ----------------------------
DROP TABLE IF EXISTS `act_hi_varinst`;
CREATE TABLE `act_hi_varinst` (
  `ID_` varchar(64) COLLATE utf8_bin NOT NULL,
  `PROC_INST_ID_` varchar(64) COLLATE utf8_bin DEFAULT NULL,
  `EXECUTION_ID_` varchar(64) COLLATE utf8_bin DEFAULT NULL,
  `TASK_ID_` varchar(64) COLLATE utf8_bin DEFAULT NULL,
  `NAME_` varchar(255) COLLATE utf8_bin NOT NULL,
  `VAR_TYPE_` varchar(100) COLLATE utf8_bin DEFAULT NULL,
  `REV_` int(11) DEFAULT NULL,
  `BYTEARRAY_ID_` varchar(64) COLLATE utf8_bin DEFAULT NULL,
  `DOUBLE_` double DEFAULT NULL,
  `LONG_` bigint(20) DEFAULT NULL,
  `TEXT_` varchar(4000) COLLATE utf8_bin DEFAULT NULL,
  `TEXT2_` varchar(4000) COLLATE utf8_bin DEFAULT NULL,
  `CREATE_TIME_` datetime DEFAULT NULL,
  `LAST_UPDATED_TIME_` datetime DEFAULT NULL,
  PRIMARY KEY (`ID_`),
  KEY `ACT_IDX_HI_PROCVAR_PROC_INST` (`PROC_INST_ID_`),
  KEY `ACT_IDX_HI_PROCVAR_NAME_TYPE` (`NAME_`,`VAR_TYPE_`),
  KEY `ACT_IDX_HI_PROCVAR_TASK_ID` (`TASK_ID_`)
) ENGINE=InnoDB DEFAULT CHARSET=utf8 COLLATE=utf8_bin;

-- ----------------------------
-- Records of act_hi_varinst
-- ----------------------------
INSERT INTO `act_hi_varinst` VALUES ('96fc92e532034ccd9d3a5f3956c106f1', 'e75cfe03009b4a38a1f4366c48ae5ef9', 'e75cfe03009b4a38a1f4366c48ae5ef9', null, 'type', 'string', '0', null, null, null, 'leave', null, '2017-03-09 13:30:55', '2017-03-09 13:30:55');
INSERT INTO `act_hi_varinst` VALUES ('970a15886de340b49ed7d8cd52161442', 'e75cfe03009b4a38a1f4366c48ae5ef9', 'e75cfe03009b4a38a1f4366c48ae5ef9', null, 'applyUserId', 'string', '0', null, null, null, 'thinkgem', null, '2017-03-09 13:30:55', '2017-03-09 13:30:55');
INSERT INTO `act_hi_varinst` VALUES ('dac7e9c87f2440cd955180a2b6181ccf', 'f722cea019b8439da4fec7b97f8db977', 'f722cea019b8439da4fec7b97f8db977', null, 'pass', 'string', '1', null, null, null, '1', null, '2016-11-25 13:46:56', '2016-11-25 13:47:38');
INSERT INTO `act_hi_varinst` VALUES ('ea3d341e924546e987f83b7b207f3127', 'f722cea019b8439da4fec7b97f8db977', 'f722cea019b8439da4fec7b97f8db977', null, 'title', 'string', '0', null, null, null, '1', null, '2016-11-25 13:46:43', '2016-11-25 13:46:43');
INSERT INTO `act_hi_varinst` VALUES ('ed437109fdf247b18669f1cb4593d63b', 'f722cea019b8439da4fec7b97f8db977', 'f722cea019b8439da4fec7b97f8db977', null, 'apply', 'string', '0', null, null, null, 'thinkgem', null, '2016-11-25 13:46:43', '2016-11-25 13:46:43');
INSERT INTO `act_hi_varinst` VALUES ('fa2b5cad6db64b0f9a5e4d470fb40f8e', 'e75cfe03009b4a38a1f4366c48ae5ef9', 'e75cfe03009b4a38a1f4366c48ae5ef9', null, 'busId', 'string', '0', null, null, null, '9543b50bf5c24a08aaff5b5bf90e8ada', null, '2017-03-09 13:30:55', '2017-03-09 13:30:55');

-- ----------------------------
-- Table structure for act_id_group
-- ----------------------------
DROP TABLE IF EXISTS `act_id_group`;
CREATE TABLE `act_id_group` (
  `ID_` varchar(64) COLLATE utf8_bin NOT NULL DEFAULT '',
  `REV_` int(11) DEFAULT NULL,
  `NAME_` varchar(255) COLLATE utf8_bin DEFAULT NULL,
  `TYPE_` varchar(255) COLLATE utf8_bin DEFAULT NULL,
  PRIMARY KEY (`ID_`)
) ENGINE=InnoDB DEFAULT CHARSET=utf8 COLLATE=utf8_bin;

-- ----------------------------
-- Records of act_id_group
-- ----------------------------

-- ----------------------------
-- Table structure for act_id_info
-- ----------------------------
DROP TABLE IF EXISTS `act_id_info`;
CREATE TABLE `act_id_info` (
  `ID_` varchar(64) COLLATE utf8_bin NOT NULL DEFAULT '',
  `REV_` int(11) DEFAULT NULL,
  `USER_ID_` varchar(64) COLLATE utf8_bin DEFAULT NULL,
  `TYPE_` varchar(64) COLLATE utf8_bin DEFAULT NULL,
  `KEY_` varchar(255) COLLATE utf8_bin DEFAULT NULL,
  `VALUE_` varchar(255) COLLATE utf8_bin DEFAULT NULL,
  `PASSWORD_` longblob,
  `PARENT_ID_` varchar(255) COLLATE utf8_bin DEFAULT NULL,
  PRIMARY KEY (`ID_`)
) ENGINE=InnoDB DEFAULT CHARSET=utf8 COLLATE=utf8_bin;

-- ----------------------------
-- Records of act_id_info
-- ----------------------------

-- ----------------------------
-- Table structure for act_id_membership
-- ----------------------------
DROP TABLE IF EXISTS `act_id_membership`;
CREATE TABLE `act_id_membership` (
  `USER_ID_` varchar(64) COLLATE utf8_bin NOT NULL DEFAULT '',
  `GROUP_ID_` varchar(64) COLLATE utf8_bin NOT NULL DEFAULT '',
  PRIMARY KEY (`USER_ID_`,`GROUP_ID_`),
  KEY `ACT_FK_MEMB_GROUP` (`GROUP_ID_`),
  CONSTRAINT `ACT_FK_MEMB_GROUP` FOREIGN KEY (`GROUP_ID_`) REFERENCES `act_id_group` (`ID_`),
  CONSTRAINT `ACT_FK_MEMB_USER` FOREIGN KEY (`USER_ID_`) REFERENCES `act_id_user` (`ID_`)
) ENGINE=InnoDB DEFAULT CHARSET=utf8 COLLATE=utf8_bin;

-- ----------------------------
-- Records of act_id_membership
-- ----------------------------

-- ----------------------------
-- Table structure for act_id_user
-- ----------------------------
DROP TABLE IF EXISTS `act_id_user`;
CREATE TABLE `act_id_user` (
  `ID_` varchar(64) COLLATE utf8_bin NOT NULL DEFAULT '',
  `REV_` int(11) DEFAULT NULL,
  `FIRST_` varchar(255) COLLATE utf8_bin DEFAULT NULL,
  `LAST_` varchar(255) COLLATE utf8_bin DEFAULT NULL,
  `EMAIL_` varchar(255) COLLATE utf8_bin DEFAULT NULL,
  `PWD_` varchar(255) COLLATE utf8_bin DEFAULT NULL,
  `PICTURE_ID_` varchar(64) COLLATE utf8_bin DEFAULT NULL,
  PRIMARY KEY (`ID_`)
) ENGINE=InnoDB DEFAULT CHARSET=utf8 COLLATE=utf8_bin;

-- ----------------------------
-- Records of act_id_user
-- ----------------------------

-- ----------------------------
-- Table structure for act_procdef_info
-- ----------------------------
DROP TABLE IF EXISTS `act_procdef_info`;
CREATE TABLE `act_procdef_info` (
  `ID_` varchar(64) COLLATE utf8_bin NOT NULL,
  `PROC_DEF_ID_` varchar(64) COLLATE utf8_bin NOT NULL,
  `REV_` int(11) DEFAULT NULL,
  `INFO_JSON_ID_` varchar(64) COLLATE utf8_bin DEFAULT NULL,
  PRIMARY KEY (`ID_`),
  UNIQUE KEY `ACT_UNIQ_INFO_PROCDEF` (`PROC_DEF_ID_`),
  KEY `ACT_IDX_INFO_PROCDEF` (`PROC_DEF_ID_`),
  KEY `ACT_FK_INFO_JSON_BA` (`INFO_JSON_ID_`),
  CONSTRAINT `ACT_FK_INFO_JSON_BA` FOREIGN KEY (`INFO_JSON_ID_`) REFERENCES `act_ge_bytearray` (`ID_`),
  CONSTRAINT `ACT_FK_INFO_PROCDEF` FOREIGN KEY (`PROC_DEF_ID_`) REFERENCES `act_re_procdef` (`ID_`)
) ENGINE=InnoDB DEFAULT CHARSET=utf8 COLLATE=utf8_bin;

-- ----------------------------
-- Records of act_procdef_info
-- ----------------------------

-- ----------------------------
-- Table structure for act_re_deployment
-- ----------------------------
DROP TABLE IF EXISTS `act_re_deployment`;
CREATE TABLE `act_re_deployment` (
  `ID_` varchar(64) COLLATE utf8_bin NOT NULL DEFAULT '',
  `NAME_` varchar(255) COLLATE utf8_bin DEFAULT NULL,
  `CATEGORY_` varchar(255) COLLATE utf8_bin DEFAULT NULL,
  `TENANT_ID_` varchar(255) COLLATE utf8_bin DEFAULT '',
  `DEPLOY_TIME_` timestamp NULL DEFAULT NULL,
  PRIMARY KEY (`ID_`)
) ENGINE=InnoDB DEFAULT CHARSET=utf8 COLLATE=utf8_bin;

-- ----------------------------
-- Records of act_re_deployment
-- ----------------------------
INSERT INTO `act_re_deployment` VALUES ('c55551be84674fe89db8d50871dc499e', 'SpringAutoDeployment', null, '', '2016-09-25 12:52:30');
INSERT INTO `act_re_deployment` VALUES ('cfa612b47eee4250bd183b4a269e3bbe', null, null, '', '2017-03-09 13:30:34');
INSERT INTO `act_re_deployment` VALUES ('e08dd2faf5a5449f92324c839e84a29b', 'leave.bpmn20.xml', null, '', '2017-03-09 13:30:41');

-- ----------------------------
-- Table structure for act_re_model
-- ----------------------------
DROP TABLE IF EXISTS `act_re_model`;
CREATE TABLE `act_re_model` (
  `ID_` varchar(64) COLLATE utf8_bin NOT NULL,
  `REV_` int(11) DEFAULT NULL,
  `NAME_` varchar(255) COLLATE utf8_bin DEFAULT NULL,
  `KEY_` varchar(255) COLLATE utf8_bin DEFAULT NULL,
  `CATEGORY_` varchar(255) COLLATE utf8_bin DEFAULT NULL,
  `CREATE_TIME_` timestamp NULL DEFAULT NULL,
  `LAST_UPDATE_TIME_` timestamp NULL DEFAULT NULL,
  `VERSION_` int(11) DEFAULT NULL,
  `META_INFO_` varchar(4000) COLLATE utf8_bin DEFAULT NULL,
  `DEPLOYMENT_ID_` varchar(64) COLLATE utf8_bin DEFAULT NULL,
  `EDITOR_SOURCE_VALUE_ID_` varchar(64) COLLATE utf8_bin DEFAULT NULL,
  `EDITOR_SOURCE_EXTRA_VALUE_ID_` varchar(64) COLLATE utf8_bin DEFAULT NULL,
  `TENANT_ID_` varchar(255) COLLATE utf8_bin DEFAULT '',
  PRIMARY KEY (`ID_`),
  KEY `ACT_FK_MODEL_SOURCE` (`EDITOR_SOURCE_VALUE_ID_`),
  KEY `ACT_FK_MODEL_SOURCE_EXTRA` (`EDITOR_SOURCE_EXTRA_VALUE_ID_`),
  KEY `ACT_FK_MODEL_DEPLOYMENT` (`DEPLOYMENT_ID_`),
  CONSTRAINT `ACT_FK_MODEL_DEPLOYMENT` FOREIGN KEY (`DEPLOYMENT_ID_`) REFERENCES `act_re_deployment` (`ID_`),
  CONSTRAINT `ACT_FK_MODEL_SOURCE` FOREIGN KEY (`EDITOR_SOURCE_VALUE_ID_`) REFERENCES `act_ge_bytearray` (`ID_`),
  CONSTRAINT `ACT_FK_MODEL_SOURCE_EXTRA` FOREIGN KEY (`EDITOR_SOURCE_EXTRA_VALUE_ID_`) REFERENCES `act_ge_bytearray` (`ID_`)
) ENGINE=InnoDB DEFAULT CHARSET=utf8 COLLATE=utf8_bin;

-- ----------------------------
-- Records of act_re_model
-- ----------------------------
INSERT INTO `act_re_model` VALUES ('2689792fb62e448ab146ed728dabdc74', '2', 'leave.bpmn20.xml', 'leave', '1', '2017-03-09 13:30:37', '2017-03-09 13:30:37', '1', '{\"name\":\"请假流程\",\"revision\":1,\"description\":\"请假流程演示\"}', 'cfa612b47eee4250bd183b4a269e3bbe', 'f3c62a0961854da88d0332964f813cc3', null, '');

-- ----------------------------
-- Table structure for act_re_procdef
-- ----------------------------
DROP TABLE IF EXISTS `act_re_procdef`;
CREATE TABLE `act_re_procdef` (
  `ID_` varchar(64) COLLATE utf8_bin NOT NULL,
  `REV_` int(11) DEFAULT NULL,
  `CATEGORY_` varchar(255) COLLATE utf8_bin DEFAULT NULL,
  `NAME_` varchar(255) COLLATE utf8_bin DEFAULT NULL,
  `KEY_` varchar(255) COLLATE utf8_bin NOT NULL,
  `VERSION_` int(11) NOT NULL,
  `DEPLOYMENT_ID_` varchar(64) COLLATE utf8_bin DEFAULT NULL,
  `RESOURCE_NAME_` varchar(4000) COLLATE utf8_bin DEFAULT NULL,
  `DGRM_RESOURCE_NAME_` varchar(4000) COLLATE utf8_bin DEFAULT NULL,
  `DESCRIPTION_` varchar(4000) COLLATE utf8_bin DEFAULT NULL,
  `HAS_START_FORM_KEY_` tinyint(4) DEFAULT NULL,
  `SUSPENSION_STATE_` int(11) DEFAULT NULL,
  `TENANT_ID_` varchar(255) COLLATE utf8_bin DEFAULT '',
  `HAS_GRAPHICAL_NOTATION_` tinyint(4) DEFAULT NULL,
  PRIMARY KEY (`ID_`),
  UNIQUE KEY `ACT_UNIQ_PROCDEF` (`KEY_`,`VERSION_`,`TENANT_ID_`)
) ENGINE=InnoDB DEFAULT CHARSET=utf8 COLLATE=utf8_bin;

-- ----------------------------
-- Records of act_re_procdef
-- ----------------------------
INSERT INTO `act_re_procdef` VALUES ('leave:1:4d81b488c23a43e4b71c2b9205c238eb', '2', '1', '请假流程', 'leave', '1', 'cfa612b47eee4250bd183b4a269e3bbe', 'leave.bpmn20.xml', 'leave.leave.png', '请假流程演示', '0', '1', '', '1');
INSERT INTO `act_re_procdef` VALUES ('leave:2:ae3a4d258ece4c2cb3439564e8f0241c', '2', '1', '请假流程', 'leave', '2', 'e08dd2faf5a5449f92324c839e84a29b', 'leave.bpmn20.xml', 'leave.leave.png', '请假流程演示', '0', '1', '', '1');
INSERT INTO `act_re_procdef` VALUES ('test_audit:1:327a5ee34e1d448ba6675284c74e2c91', '1', 'http://www.activiti.org/test', '流程审批测试流程', 'test_audit', '1', 'c55551be84674fe89db8d50871dc499e', 'test_audit.bpmn20.xml', 'test_audit.png', null, '1', '1', '', '1');

-- ----------------------------
-- Table structure for act_ru_event_subscr
-- ----------------------------
DROP TABLE IF EXISTS `act_ru_event_subscr`;
CREATE TABLE `act_ru_event_subscr` (
  `ID_` varchar(64) COLLATE utf8_bin NOT NULL,
  `REV_` int(11) DEFAULT NULL,
  `EVENT_TYPE_` varchar(255) COLLATE utf8_bin NOT NULL,
  `EVENT_NAME_` varchar(255) COLLATE utf8_bin DEFAULT NULL,
  `EXECUTION_ID_` varchar(64) COLLATE utf8_bin DEFAULT NULL,
  `PROC_INST_ID_` varchar(64) COLLATE utf8_bin DEFAULT NULL,
  `ACTIVITY_ID_` varchar(64) COLLATE utf8_bin DEFAULT NULL,
  `CONFIGURATION_` varchar(255) COLLATE utf8_bin DEFAULT NULL,
  `CREATED_` timestamp NOT NULL DEFAULT CURRENT_TIMESTAMP,
  `PROC_DEF_ID_` varchar(64) COLLATE utf8_bin DEFAULT NULL,
  `TENANT_ID_` varchar(255) COLLATE utf8_bin DEFAULT '',
  PRIMARY KEY (`ID_`),
  KEY `ACT_IDX_EVENT_SUBSCR_CONFIG_` (`CONFIGURATION_`),
  KEY `ACT_FK_EVENT_EXEC` (`EXECUTION_ID_`),
  CONSTRAINT `ACT_FK_EVENT_EXEC` FOREIGN KEY (`EXECUTION_ID_`) REFERENCES `act_ru_execution` (`ID_`)
) ENGINE=InnoDB DEFAULT CHARSET=utf8 COLLATE=utf8_bin;

-- ----------------------------
-- Records of act_ru_event_subscr
-- ----------------------------

-- ----------------------------
-- Table structure for act_ru_execution
-- ----------------------------
DROP TABLE IF EXISTS `act_ru_execution`;
CREATE TABLE `act_ru_execution` (
  `ID_` varchar(64) COLLATE utf8_bin NOT NULL DEFAULT '',
  `REV_` int(11) DEFAULT NULL,
  `PROC_INST_ID_` varchar(64) COLLATE utf8_bin DEFAULT NULL,
  `BUSINESS_KEY_` varchar(255) COLLATE utf8_bin DEFAULT NULL,
  `PARENT_ID_` varchar(64) COLLATE utf8_bin DEFAULT NULL,
  `PROC_DEF_ID_` varchar(64) COLLATE utf8_bin DEFAULT NULL,
  `SUPER_EXEC_` varchar(64) COLLATE utf8_bin DEFAULT NULL,
  `ACT_ID_` varchar(255) COLLATE utf8_bin DEFAULT NULL,
  `IS_ACTIVE_` tinyint(4) DEFAULT NULL,
  `IS_CONCURRENT_` tinyint(4) DEFAULT NULL,
  `IS_SCOPE_` tinyint(4) DEFAULT NULL,
  `IS_EVENT_SCOPE_` tinyint(4) DEFAULT NULL,
  `SUSPENSION_STATE_` int(11) DEFAULT NULL,
  `CACHED_ENT_STATE_` int(11) DEFAULT NULL,
  `TENANT_ID_` varchar(255) COLLATE utf8_bin DEFAULT '',
  `NAME_` varchar(255) COLLATE utf8_bin DEFAULT NULL,
  `LOCK_TIME_` timestamp NULL DEFAULT NULL,
  PRIMARY KEY (`ID_`),
  KEY `ACT_IDX_EXEC_BUSKEY` (`BUSINESS_KEY_`),
  KEY `ACT_FK_EXE_PROCINST` (`PROC_INST_ID_`),
  KEY `ACT_FK_EXE_PARENT` (`PARENT_ID_`),
  KEY `ACT_FK_EXE_SUPER` (`SUPER_EXEC_`),
  KEY `ACT_FK_EXE_PROCDEF` (`PROC_DEF_ID_`),
  CONSTRAINT `ACT_FK_EXE_PARENT` FOREIGN KEY (`PARENT_ID_`) REFERENCES `act_ru_execution` (`ID_`),
  CONSTRAINT `ACT_FK_EXE_PROCDEF` FOREIGN KEY (`PROC_DEF_ID_`) REFERENCES `act_re_procdef` (`ID_`),
  CONSTRAINT `ACT_FK_EXE_PROCINST` FOREIGN KEY (`PROC_INST_ID_`) REFERENCES `act_ru_execution` (`ID_`) ON DELETE CASCADE ON UPDATE CASCADE,
  CONSTRAINT `ACT_FK_EXE_SUPER` FOREIGN KEY (`SUPER_EXEC_`) REFERENCES `act_ru_execution` (`ID_`)
) ENGINE=InnoDB DEFAULT CHARSET=utf8 COLLATE=utf8_bin;

-- ----------------------------
-- Records of act_ru_execution
-- ----------------------------
INSERT INTO `act_ru_execution` VALUES ('e75cfe03009b4a38a1f4366c48ae5ef9', '1', 'e75cfe03009b4a38a1f4366c48ae5ef9', '9543b50bf5c24a08aaff5b5bf90e8ada', null, 'leave:2:ae3a4d258ece4c2cb3439564e8f0241c', null, 'deptLeaderAudit', '1', '0', '1', '0', '1', '2', '', null, null);
INSERT INTO `act_ru_execution` VALUES ('f722cea019b8439da4fec7b97f8db977', '3', 'f722cea019b8439da4fec7b97f8db977', 'oa_test_audit:ebb966855e734d6b81871a61cfb139a7', null, 'test_audit:1:327a5ee34e1d448ba6675284c74e2c91', null, 'audit3', '1', '0', '1', '0', '1', '2', '', null, null);

-- ----------------------------
-- Table structure for act_ru_identitylink
-- ----------------------------
DROP TABLE IF EXISTS `act_ru_identitylink`;
CREATE TABLE `act_ru_identitylink` (
  `ID_` varchar(64) COLLATE utf8_bin NOT NULL DEFAULT '',
  `REV_` int(11) DEFAULT NULL,
  `GROUP_ID_` varchar(255) COLLATE utf8_bin DEFAULT NULL,
  `TYPE_` varchar(255) COLLATE utf8_bin DEFAULT NULL,
  `USER_ID_` varchar(255) COLLATE utf8_bin DEFAULT NULL,
  `TASK_ID_` varchar(64) COLLATE utf8_bin DEFAULT NULL,
  `PROC_INST_ID_` varchar(64) COLLATE utf8_bin DEFAULT NULL,
  `PROC_DEF_ID_` varchar(64) COLLATE utf8_bin DEFAULT NULL,
  PRIMARY KEY (`ID_`),
  KEY `ACT_IDX_IDENT_LNK_USER` (`USER_ID_`),
  KEY `ACT_IDX_IDENT_LNK_GROUP` (`GROUP_ID_`),
  KEY `ACT_IDX_ATHRZ_PROCEDEF` (`PROC_DEF_ID_`),
  KEY `ACT_FK_TSKASS_TASK` (`TASK_ID_`),
  KEY `ACT_FK_IDL_PROCINST` (`PROC_INST_ID_`),
  CONSTRAINT `ACT_FK_ATHRZ_PROCEDEF` FOREIGN KEY (`PROC_DEF_ID_`) REFERENCES `act_re_procdef` (`ID_`),
  CONSTRAINT `ACT_FK_IDL_PROCINST` FOREIGN KEY (`PROC_INST_ID_`) REFERENCES `act_ru_execution` (`ID_`),
  CONSTRAINT `ACT_FK_TSKASS_TASK` FOREIGN KEY (`TASK_ID_`) REFERENCES `act_ru_task` (`ID_`)
) ENGINE=InnoDB DEFAULT CHARSET=utf8 COLLATE=utf8_bin;

-- ----------------------------
-- Records of act_ru_identitylink
-- ----------------------------
INSERT INTO `act_ru_identitylink` VALUES ('448aa8e2f9824239bb563c944a7064a8', '1', null, 'starter', 'thinkgem', null, 'e75cfe03009b4a38a1f4366c48ae5ef9', null);
INSERT INTO `act_ru_identitylink` VALUES ('6a40930c550c44f596ef4bbfa36b4728', '1', 'dept', 'candidate', null, '9892a387407c449f9a121b8d9613cdfc', null, null);
INSERT INTO `act_ru_identitylink` VALUES ('ef3adbe14ff842049b118ab62478ce16', '1', null, 'starter', 'thinkgem', null, 'f722cea019b8439da4fec7b97f8db977', null);

-- ----------------------------
-- Table structure for act_ru_job
-- ----------------------------
DROP TABLE IF EXISTS `act_ru_job`;
CREATE TABLE `act_ru_job` (
  `ID_` varchar(64) COLLATE utf8_bin NOT NULL,
  `REV_` int(11) DEFAULT NULL,
  `TYPE_` varchar(255) COLLATE utf8_bin NOT NULL,
  `LOCK_EXP_TIME_` timestamp NULL DEFAULT NULL,
  `LOCK_OWNER_` varchar(255) COLLATE utf8_bin DEFAULT NULL,
  `EXCLUSIVE_` tinyint(1) DEFAULT NULL,
  `EXECUTION_ID_` varchar(64) COLLATE utf8_bin DEFAULT NULL,
  `PROCESS_INSTANCE_ID_` varchar(64) COLLATE utf8_bin DEFAULT NULL,
  `PROC_DEF_ID_` varchar(64) COLLATE utf8_bin DEFAULT NULL,
  `RETRIES_` int(11) DEFAULT NULL,
  `EXCEPTION_STACK_ID_` varchar(64) COLLATE utf8_bin DEFAULT NULL,
  `EXCEPTION_MSG_` varchar(4000) COLLATE utf8_bin DEFAULT NULL,
  `DUEDATE_` timestamp NULL DEFAULT NULL,
  `REPEAT_` varchar(255) COLLATE utf8_bin DEFAULT NULL,
  `HANDLER_TYPE_` varchar(255) COLLATE utf8_bin DEFAULT NULL,
  `HANDLER_CFG_` varchar(4000) COLLATE utf8_bin DEFAULT NULL,
  `TENANT_ID_` varchar(255) COLLATE utf8_bin DEFAULT '',
  PRIMARY KEY (`ID_`),
  KEY `ACT_FK_JOB_EXCEPTION` (`EXCEPTION_STACK_ID_`),
  CONSTRAINT `ACT_FK_JOB_EXCEPTION` FOREIGN KEY (`EXCEPTION_STACK_ID_`) REFERENCES `act_ge_bytearray` (`ID_`)
) ENGINE=InnoDB DEFAULT CHARSET=utf8 COLLATE=utf8_bin;

-- ----------------------------
-- Records of act_ru_job
-- ----------------------------

-- ----------------------------
-- Table structure for act_ru_task
-- ----------------------------
DROP TABLE IF EXISTS `act_ru_task`;
CREATE TABLE `act_ru_task` (
  `ID_` varchar(64) COLLATE utf8_bin NOT NULL DEFAULT '',
  `REV_` int(11) DEFAULT NULL,
  `EXECUTION_ID_` varchar(64) COLLATE utf8_bin DEFAULT NULL,
  `PROC_INST_ID_` varchar(64) COLLATE utf8_bin DEFAULT NULL,
  `PROC_DEF_ID_` varchar(64) COLLATE utf8_bin DEFAULT NULL,
  `NAME_` varchar(255) COLLATE utf8_bin DEFAULT NULL,
  `PARENT_TASK_ID_` varchar(64) COLLATE utf8_bin DEFAULT NULL,
  `DESCRIPTION_` varchar(4000) COLLATE utf8_bin DEFAULT NULL,
  `TASK_DEF_KEY_` varchar(255) COLLATE utf8_bin DEFAULT NULL,
  `OWNER_` varchar(255) COLLATE utf8_bin DEFAULT NULL,
  `ASSIGNEE_` varchar(255) COLLATE utf8_bin DEFAULT NULL,
  `DELEGATION_` varchar(64) COLLATE utf8_bin DEFAULT NULL,
  `PRIORITY_` int(11) DEFAULT NULL,
  `CREATE_TIME_` timestamp NULL DEFAULT NULL,
  `DUE_DATE_` datetime DEFAULT NULL,
  `CATEGORY_` varchar(255) COLLATE utf8_bin DEFAULT NULL,
  `SUSPENSION_STATE_` int(11) DEFAULT NULL,
  `TENANT_ID_` varchar(255) COLLATE utf8_bin DEFAULT '',
  `FORM_KEY_` varchar(255) COLLATE utf8_bin DEFAULT NULL,
  PRIMARY KEY (`ID_`),
  KEY `ACT_IDX_TASK_CREATE` (`CREATE_TIME_`),
  KEY `ACT_FK_TASK_EXE` (`EXECUTION_ID_`),
  KEY `ACT_FK_TASK_PROCINST` (`PROC_INST_ID_`),
  KEY `ACT_FK_TASK_PROCDEF` (`PROC_DEF_ID_`),
  CONSTRAINT `ACT_FK_TASK_EXE` FOREIGN KEY (`EXECUTION_ID_`) REFERENCES `act_ru_execution` (`ID_`),
  CONSTRAINT `ACT_FK_TASK_PROCDEF` FOREIGN KEY (`PROC_DEF_ID_`) REFERENCES `act_re_procdef` (`ID_`),
  CONSTRAINT `ACT_FK_TASK_PROCINST` FOREIGN KEY (`PROC_INST_ID_`) REFERENCES `act_ru_execution` (`ID_`)
) ENGINE=InnoDB DEFAULT CHARSET=utf8 COLLATE=utf8_bin;

-- ----------------------------
-- Records of act_ru_task
-- ----------------------------
INSERT INTO `act_ru_task` VALUES ('86f102e10f274e0796eff5137b3255e8', '1', 'f722cea019b8439da4fec7b97f8db977', 'f722cea019b8439da4fec7b97f8db977', 'test_audit:1:327a5ee34e1d448ba6675284c74e2c91', '集团人力资源部分管领导审核', null, null, 'audit3', null, 'thinkgem', null, '50', '2016-11-25 13:47:38', null, null, '1', '', null);
INSERT INTO `act_ru_task` VALUES ('9892a387407c449f9a121b8d9613cdfc', '1', 'e75cfe03009b4a38a1f4366c48ae5ef9', 'e75cfe03009b4a38a1f4366c48ae5ef9', 'leave:2:ae3a4d258ece4c2cb3439564e8f0241c', '部门领导审批', null, null, 'deptLeaderAudit', null, null, null, '50', '2017-03-09 13:30:55', null, null, '1', '', null);

-- ----------------------------
-- Table structure for act_ru_variable
-- ----------------------------
DROP TABLE IF EXISTS `act_ru_variable`;
CREATE TABLE `act_ru_variable` (
  `ID_` varchar(64) COLLATE utf8_bin NOT NULL,
  `REV_` int(11) DEFAULT NULL,
  `TYPE_` varchar(255) COLLATE utf8_bin NOT NULL,
  `NAME_` varchar(255) COLLATE utf8_bin NOT NULL,
  `EXECUTION_ID_` varchar(64) COLLATE utf8_bin DEFAULT NULL,
  `PROC_INST_ID_` varchar(64) COLLATE utf8_bin DEFAULT NULL,
  `TASK_ID_` varchar(64) COLLATE utf8_bin DEFAULT NULL,
  `BYTEARRAY_ID_` varchar(64) COLLATE utf8_bin DEFAULT NULL,
  `DOUBLE_` double DEFAULT NULL,
  `LONG_` bigint(20) DEFAULT NULL,
  `TEXT_` varchar(4000) COLLATE utf8_bin DEFAULT NULL,
  `TEXT2_` varchar(4000) COLLATE utf8_bin DEFAULT NULL,
  PRIMARY KEY (`ID_`),
  KEY `ACT_IDX_VARIABLE_TASK_ID` (`TASK_ID_`),
  KEY `ACT_FK_VAR_EXE` (`EXECUTION_ID_`),
  KEY `ACT_FK_VAR_PROCINST` (`PROC_INST_ID_`),
  KEY `ACT_FK_VAR_BYTEARRAY` (`BYTEARRAY_ID_`),
  CONSTRAINT `ACT_FK_VAR_BYTEARRAY` FOREIGN KEY (`BYTEARRAY_ID_`) REFERENCES `act_ge_bytearray` (`ID_`),
  CONSTRAINT `ACT_FK_VAR_EXE` FOREIGN KEY (`EXECUTION_ID_`) REFERENCES `act_ru_execution` (`ID_`),
  CONSTRAINT `ACT_FK_VAR_PROCINST` FOREIGN KEY (`PROC_INST_ID_`) REFERENCES `act_ru_execution` (`ID_`)
) ENGINE=InnoDB DEFAULT CHARSET=utf8 COLLATE=utf8_bin;

-- ----------------------------
-- Records of act_ru_variable
-- ----------------------------
INSERT INTO `act_ru_variable` VALUES ('96fc92e532034ccd9d3a5f3956c106f1', '1', 'string', 'type', 'e75cfe03009b4a38a1f4366c48ae5ef9', 'e75cfe03009b4a38a1f4366c48ae5ef9', null, null, null, null, 'leave', null);
INSERT INTO `act_ru_variable` VALUES ('970a15886de340b49ed7d8cd52161442', '1', 'string', 'applyUserId', 'e75cfe03009b4a38a1f4366c48ae5ef9', 'e75cfe03009b4a38a1f4366c48ae5ef9', null, null, null, null, 'thinkgem', null);
INSERT INTO `act_ru_variable` VALUES ('dac7e9c87f2440cd955180a2b6181ccf', '1', 'string', 'pass', 'f722cea019b8439da4fec7b97f8db977', 'f722cea019b8439da4fec7b97f8db977', null, null, null, null, '1', null);
INSERT INTO `act_ru_variable` VALUES ('ea3d341e924546e987f83b7b207f3127', '1', 'string', 'title', 'f722cea019b8439da4fec7b97f8db977', 'f722cea019b8439da4fec7b97f8db977', null, null, null, null, '1', null);
INSERT INTO `act_ru_variable` VALUES ('ed437109fdf247b18669f1cb4593d63b', '1', 'string', 'apply', 'f722cea019b8439da4fec7b97f8db977', 'f722cea019b8439da4fec7b97f8db977', null, null, null, null, 'thinkgem', null);
INSERT INTO `act_ru_variable` VALUES ('fa2b5cad6db64b0f9a5e4d470fb40f8e', '1', 'string', 'busId', 'e75cfe03009b4a38a1f4366c48ae5ef9', 'e75cfe03009b4a38a1f4366c48ae5ef9', null, null, null, null, '9543b50bf5c24a08aaff5b5bf90e8ada', null);

-- ----------------------------
-- Table structure for cms_article
-- ----------------------------
DROP TABLE IF EXISTS `cms_article`;
CREATE TABLE `cms_article` (
  `id` varchar(64) COLLATE utf8_bin NOT NULL COMMENT '编号',
  `category_id` varchar(64) COLLATE utf8_bin NOT NULL COMMENT '栏目编号',
  `title` varchar(255) COLLATE utf8_bin NOT NULL COMMENT '标题',
  `link` varchar(255) COLLATE utf8_bin DEFAULT NULL COMMENT '文章链接',
  `color` varchar(50) COLLATE utf8_bin DEFAULT NULL COMMENT '标题颜色',
  `image` varchar(255) COLLATE utf8_bin DEFAULT NULL COMMENT '文章图片',
  `keywords` varchar(255) COLLATE utf8_bin DEFAULT NULL COMMENT '关键字',
  `description` varchar(255) COLLATE utf8_bin DEFAULT NULL COMMENT '描述、摘要',
  `weight` int(11) DEFAULT '0' COMMENT '权重，越大越靠前',
  `weight_date` datetime DEFAULT NULL COMMENT '权重期限',
  `hits` int(11) DEFAULT '0' COMMENT '点击数',
  `posid` varchar(10) COLLATE utf8_bin DEFAULT NULL COMMENT '推荐位，多选',
  `custom_content_view` varchar(255) COLLATE utf8_bin DEFAULT NULL COMMENT '自定义内容视图',
  `view_config` text COLLATE utf8_bin COMMENT '视图配置',
  `create_by` varchar(64) COLLATE utf8_bin DEFAULT NULL COMMENT '创建者',
  `create_date` datetime DEFAULT NULL COMMENT '创建时间',
  `update_by` varchar(64) COLLATE utf8_bin DEFAULT NULL COMMENT '更新者',
  `update_date` datetime DEFAULT NULL COMMENT '更新时间',
  `remarks` varchar(255) COLLATE utf8_bin DEFAULT NULL COMMENT '备注信息',
  `del_flag` char(1) COLLATE utf8_bin NOT NULL DEFAULT '0' COMMENT '删除标记',
  PRIMARY KEY (`id`),
  KEY `cms_article_create_by` (`create_by`),
  KEY `cms_article_title` (`title`),
  KEY `cms_article_keywords` (`keywords`),
  KEY `cms_article_del_flag` (`del_flag`),
  KEY `cms_article_weight` (`weight`),
  KEY `cms_article_update_date` (`update_date`),
  KEY `cms_article_category_id` (`category_id`)
) ENGINE=InnoDB DEFAULT CHARSET=utf8 COLLATE=utf8_bin COMMENT='文章表';

-- ----------------------------
-- Records of cms_article
-- ----------------------------
INSERT INTO `cms_article` VALUES ('1', '3', '文章标题标题标题标题', '', 'green', '', '关键字1,关键字2', '', '0', null, '13', ',null,', '', '', '1', '2013-05-27 08:00:00', '1', '2017-03-09 19:24:15', null, '0');
INSERT INTO `cms_article` VALUES ('10', '4', '文章标题标题标题标题', null, null, null, '关键字1,关键字2', null, '0', null, '0', null, null, null, '1', '2013-05-27 08:00:00', '1', '2013-05-27 08:00:00', null, '0');
INSERT INTO `cms_article` VALUES ('11', '5', '文章标题标题标题标题', null, null, null, '关键字1,关键字2', null, '0', null, '0', null, null, null, '1', '2013-05-27 08:00:00', '1', '2013-05-27 08:00:00', null, '0');
INSERT INTO `cms_article` VALUES ('12', '5', '文章标题标题标题标题', null, null, null, '关键字1,关键字2', null, '0', null, '0', null, null, null, '1', '2013-05-27 08:00:00', '1', '2013-05-27 08:00:00', null, '0');
INSERT INTO `cms_article` VALUES ('13', '5', '文章标题标题标题标题', null, null, null, '关键字1,关键字2', null, '0', null, '0', null, null, null, '1', '2013-05-27 08:00:00', '1', '2013-05-27 08:00:00', null, '0');
INSERT INTO `cms_article` VALUES ('14', '7', '文章标题标题标题标题', null, null, null, '关键字1,关键字2', null, '0', null, '0', null, null, null, '1', '2013-05-27 08:00:00', '1', '2013-05-27 08:00:00', null, '0');
INSERT INTO `cms_article` VALUES ('15', '7', '文章标题标题标题标题', null, null, null, '关键字1,关键字2', null, '0', null, '0', null, null, null, '1', '2013-05-27 08:00:00', '1', '2013-05-27 08:00:00', null, '0');
INSERT INTO `cms_article` VALUES ('16', '7', '文章标题标题标题标题', null, null, null, '关键字1,关键字2', null, '0', null, '0', null, null, null, '1', '2013-05-27 08:00:00', '1', '2013-05-27 08:00:00', null, '0');
INSERT INTO `cms_article` VALUES ('17', '7', '文章标题标题标题标题', null, null, null, '关键字1,关键字2', null, '0', null, '0', null, null, null, '1', '2013-05-27 08:00:00', '1', '2013-05-27 08:00:00', null, '0');
INSERT INTO `cms_article` VALUES ('18', '8', '文章标题标题标题标题', null, null, null, '关键字1,关键字2', null, '0', null, '0', null, null, null, '1', '2013-05-27 08:00:00', '1', '2013-05-27 08:00:00', null, '0');
INSERT INTO `cms_article` VALUES ('19', '8', '文章标题标题标题标题', null, null, null, '关键字1,关键字2', null, '0', null, '0', null, null, null, '1', '2013-05-27 08:00:00', '1', '2013-05-27 08:00:00', null, '0');
INSERT INTO `cms_article` VALUES ('2', '3', '文章标题标题标题标题', '', 'red', '', '关键字1,关键字2', '', '0', null, '12', ',null,', '', '', '1', '2013-05-27 08:00:00', '1', '2017-03-09 19:36:38', null, '0');
INSERT INTO `cms_article` VALUES ('20', '8', '文章标题标题标题标题', null, null, null, '关键字1,关键字2', null, '0', null, '0', null, null, null, '1', '2013-05-27 08:00:00', '1', '2013-05-27 08:00:00', null, '0');
INSERT INTO `cms_article` VALUES ('21', '8', '文章标题标题标题标题', null, null, null, '关键字1,关键字2', null, '0', null, '0', null, null, null, '1', '2013-05-27 08:00:00', '1', '2013-05-27 08:00:00', null, '0');
INSERT INTO `cms_article` VALUES ('22', '9', '文章标题标题标题标题', null, null, null, '关键字1,关键字2', null, '0', null, '0', null, null, null, '1', '2013-05-27 08:00:00', '1', '2013-05-27 08:00:00', null, '0');
INSERT INTO `cms_article` VALUES ('23', '9', '文章标题标题标题标题', null, null, null, '关键字1,关键字2', null, '0', null, '0', null, null, null, '1', '2013-05-27 08:00:00', '1', '2013-05-27 08:00:00', null, '0');
INSERT INTO `cms_article` VALUES ('24', '9', '文章标题标题标题标题', null, null, null, '关键字1,关键字2', null, '0', null, '0', null, null, null, '1', '2013-05-27 08:00:00', '1', '2013-05-27 08:00:00', null, '0');
INSERT INTO `cms_article` VALUES ('25', '9', '文章标题标题标题标题', null, null, null, '关键字1,关键字2', null, '0', null, '0', null, null, null, '1', '2013-05-27 08:00:00', '1', '2013-05-27 08:00:00', null, '0');
INSERT INTO `cms_article` VALUES ('26', '9', '文章标题标题标题标题', null, null, null, '关键字1,关键字2', null, '0', null, '0', null, null, null, '1', '2013-05-27 08:00:00', '1', '2013-05-27 08:00:00', null, '0');
INSERT INTO `cms_article` VALUES ('27', '11', '文章标题标题标题标题', null, null, null, '关键字1,关键字2', null, '0', null, '0', null, null, null, '1', '2013-05-27 08:00:00', '1', '2013-05-27 08:00:00', null, '0');
INSERT INTO `cms_article` VALUES ('28', '11', '文章标题标题标题标题', null, null, null, '关键字1,关键字2', null, '0', null, '0', null, null, null, '1', '2013-05-27 08:00:00', '1', '2013-05-27 08:00:00', null, '0');
INSERT INTO `cms_article` VALUES ('29', '11', '文章标题标题标题标题', null, null, null, '关键字1,关键字2', null, '0', null, '0', null, null, null, '1', '2013-05-27 08:00:00', '1', '2013-05-27 08:00:00', null, '0');
INSERT INTO `cms_article` VALUES ('3', '3', '文章标题标题标题标题', null, null, null, '关键字1,关键字2', null, '0', null, '0', null, null, null, '1', '2013-05-27 08:00:00', '1', '2013-05-27 08:00:00', null, '0');
INSERT INTO `cms_article` VALUES ('30', '11', '文章标题标题标题标题', null, null, null, '关键字1,关键字2', null, '0', null, '0', null, null, null, '1', '2013-05-27 08:00:00', '1', '2013-05-27 08:00:00', null, '0');
INSERT INTO `cms_article` VALUES ('31', '11', '文章标题标题标题标题', null, null, null, '关键字1,关键字2', null, '0', null, '0', null, null, null, '1', '2013-05-27 08:00:00', '1', '2013-05-27 08:00:00', null, '0');
INSERT INTO `cms_article` VALUES ('32', '12', '文章标题标题标题标题', null, null, null, '关键字1,关键字2', null, '0', null, '0', null, null, null, '1', '2013-05-27 08:00:00', '1', '2013-05-27 08:00:00', null, '0');
INSERT INTO `cms_article` VALUES ('33', '12', '文章标题标题标题标题', null, null, null, '关键字1,关键字2', null, '0', null, '0', null, null, null, '1', '2013-05-27 08:00:00', '1', '2013-05-27 08:00:00', null, '0');
INSERT INTO `cms_article` VALUES ('34', '12', '文章标题标题标题标题', null, null, null, '关键字1,关键字2', null, '0', null, '0', null, null, null, '1', '2013-05-27 08:00:00', '1', '2013-05-27 08:00:00', null, '0');
INSERT INTO `cms_article` VALUES ('35', '12', '文章标题标题标题标题', null, null, null, '关键字1,关键字2', null, '0', null, '0', null, null, null, '1', '2013-05-27 08:00:00', '1', '2013-05-27 08:00:00', null, '0');
INSERT INTO `cms_article` VALUES ('36', '12', '文章标题标题标题标题', null, null, null, '关键字1,关键字2', null, '0', null, '0', null, null, null, '1', '2013-05-27 08:00:00', '1', '2013-05-27 08:00:00', null, '0');
INSERT INTO `cms_article` VALUES ('37', '13', '文章标题标题标题标题', null, null, null, '关键字1,关键字2', null, '0', null, '0', null, null, null, '1', '2013-05-27 08:00:00', '1', '2013-05-27 08:00:00', null, '0');
INSERT INTO `cms_article` VALUES ('38', '13', '文章标题标题标题标题', null, null, null, '关键字1,关键字2', null, '0', null, '0', null, null, null, '1', '2013-05-27 08:00:00', '1', '2013-05-27 08:00:00', null, '0');
INSERT INTO `cms_article` VALUES ('39', '13', '文章标题标题标题标题', null, null, null, '关键字1,关键字2', null, '0', null, '0', null, null, null, '1', '2013-05-27 08:00:00', '1', '2013-05-27 08:00:00', null, '0');
INSERT INTO `cms_article` VALUES ('4', '3', '文章标题标题标题标题', null, 'green', null, '关键字1,关键字2', null, '0', null, '0', null, null, null, '1', '2013-05-27 08:00:00', '1', '2013-05-27 08:00:00', null, '0');
INSERT INTO `cms_article` VALUES ('40', '13', '文章标题标题标题标题', null, null, null, '关键字1,关键字2', null, '0', null, '0', null, null, null, '1', '2013-05-27 08:00:00', '1', '2013-05-27 08:00:00', null, '0');
INSERT INTO `cms_article` VALUES ('41', '14', '文章标题标题标题标题', null, null, null, '关键字1,关键字2', null, '0', null, '0', null, null, null, '1', '2013-05-27 08:00:00', '1', '2013-05-27 08:00:00', null, '0');
INSERT INTO `cms_article` VALUES ('42', '14', '文章标题标题标题标题', null, null, null, '关键字1,关键字2', null, '0', null, '0', null, null, null, '1', '2013-05-27 08:00:00', '1', '2013-05-27 08:00:00', null, '0');
INSERT INTO `cms_article` VALUES ('43', '14', '文章标题标题标题标题', null, null, null, '关键字1,关键字2', null, '0', null, '0', null, null, null, '1', '2013-05-27 08:00:00', '1', '2013-05-27 08:00:00', null, '0');
INSERT INTO `cms_article` VALUES ('44', '14', '文章标题标题标题标题', null, null, null, '关键字1,关键字2', null, '0', null, '0', null, null, null, '1', '2013-05-27 08:00:00', '1', '2013-05-27 08:00:00', null, '0');
INSERT INTO `cms_article` VALUES ('45', '14', '文章标题标题标题标题', null, null, null, '关键字1,关键字2', null, '0', null, '0', null, null, null, '1', '2013-05-27 08:00:00', '1', '2013-05-27 08:00:00', null, '0');
INSERT INTO `cms_article` VALUES ('46', '15', '文章标题标题标题标题', null, null, null, '关键字1,关键字2', null, '0', null, '0', null, null, null, '1', '2013-05-27 08:00:00', '1', '2013-05-27 08:00:00', null, '0');
INSERT INTO `cms_article` VALUES ('47', '15', '文章标题标题标题标题', null, null, null, '关键字1,关键字2', null, '0', null, '0', null, null, null, '1', '2013-05-27 08:00:00', '1', '2013-05-27 08:00:00', null, '0');
INSERT INTO `cms_article` VALUES ('48', '15', '文章标题标题标题标题', null, null, null, '关键字1,关键字2', null, '0', null, '0', null, null, null, '1', '2013-05-27 08:00:00', '1', '2013-05-27 08:00:00', null, '0');
INSERT INTO `cms_article` VALUES ('49', '16', '文章标题标题标题标题', null, null, null, '关键字1,关键字2', null, '0', null, '0', null, null, null, '1', '2013-05-27 08:00:00', '1', '2013-05-27 08:00:00', null, '0');
INSERT INTO `cms_article` VALUES ('5', '3', '文章标题标题标题标题', null, null, null, '关键字1,关键字2', null, '0', null, '0', null, null, null, '1', '2013-05-27 08:00:00', '1', '2013-05-27 08:00:00', null, '0');
INSERT INTO `cms_article` VALUES ('50', '17', '文章标题标题标题标题', null, null, null, '关键字1,关键字2', null, '0', null, '0', null, null, null, '1', '2013-05-27 08:00:00', '1', '2013-05-27 08:00:00', null, '0');
INSERT INTO `cms_article` VALUES ('51', '17', '文章标题标题标题标题', null, null, null, '关键字1,关键字2', null, '0', null, '0', null, null, null, '1', '2013-05-27 08:00:00', '1', '2013-05-27 08:00:00', null, '0');
INSERT INTO `cms_article` VALUES ('52', '26', '文章标题标题标题标题', null, null, null, '关键字1,关键字2', null, '0', null, '0', null, null, null, '1', '2013-05-27 08:00:00', '1', '2013-05-27 08:00:00', null, '0');
INSERT INTO `cms_article` VALUES ('53', '26', '文章标题标题标题标题', null, null, null, '关键字1,关键字2', null, '0', null, '0', null, null, null, '1', '2013-05-27 08:00:00', '1', '2013-05-27 08:00:00', null, '0');
INSERT INTO `cms_article` VALUES ('6', '3', '文章标题标题标题标题', null, null, null, '关键字1,关键字2', null, '0', null, '0', null, null, null, '1', '2013-05-27 08:00:00', '1', '2013-05-27 08:00:00', null, '0');
INSERT INTO `cms_article` VALUES ('7', '4', '文章标题标题标题标题', null, null, null, '关键字1,关键字2', null, '0', null, '1', null, null, null, '1', '2013-05-27 08:00:00', '1', '2013-05-27 08:00:00', null, '0');
INSERT INTO `cms_article` VALUES ('8', '4', '文章标题标题标题标题', '', 'blue', '', '关键字1,关键字2', '', '0', null, '2', ',null,', '', '', '1', '2013-05-27 08:00:00', '1', '2017-03-09 18:51:36', null, '0');
INSERT INTO `cms_article` VALUES ('9', '4', '文章标题标题标题标题', null, null, null, '关键字1,关键字2', null, '0', null, '0', null, null, null, '1', '2013-05-27 08:00:00', '1', '2013-05-27 08:00:00', null, '0');

-- ----------------------------
-- Table structure for cms_article_data
-- ----------------------------
DROP TABLE IF EXISTS `cms_article_data`;
CREATE TABLE `cms_article_data` (
  `id` varchar(64) COLLATE utf8_bin NOT NULL COMMENT '编号',
  `content` text COLLATE utf8_bin COMMENT '文章内容',
  `copyfrom` varchar(255) COLLATE utf8_bin DEFAULT NULL COMMENT '文章来源',
  `relation` varchar(255) COLLATE utf8_bin DEFAULT NULL COMMENT '相关文章',
  `allow_comment` char(1) COLLATE utf8_bin DEFAULT NULL COMMENT '是否允许评论',
  PRIMARY KEY (`id`)
) ENGINE=InnoDB DEFAULT CHARSET=utf8 COLLATE=utf8_bin COMMENT='文章详表';

-- ----------------------------
-- Records of cms_article_data
-- ----------------------------
INSERT INTO `cms_article_data` VALUES ('1', 0x3C703E3C766964656F20636C6173733D22656475692D75706C6F61642D766964656F2020766A732D64656661756C742D736B696E20766964656F2D6A732220636F6E74726F6C733D2222207072656C6F61643D226E6F6E65222077696474683D2234323022206865696768743D2232383022207372633D22687474703A2F2F6C6F63616C686F73743A383038302F6A656574632F75706C6F61642F313438393035383630333236345F3736373533302E6176692220646174612D73657475703D227B7D223E3C2F766964656F3E3C2F703E, '来源', '1,2,3,', '1');
INSERT INTO `cms_article_data` VALUES ('10', 0xE69687E7ABA0E58685E5AEB9E58685E5AEB9E58685E5AEB9E58685E5AEB9, '来源', '1,2,3', '1');
INSERT INTO `cms_article_data` VALUES ('11', 0xE69687E7ABA0E58685E5AEB9E58685E5AEB9E58685E5AEB9E58685E5AEB9, '来源', '1,2,3', '1');
INSERT INTO `cms_article_data` VALUES ('12', 0xE69687E7ABA0E58685E5AEB9E58685E5AEB9E58685E5AEB9E58685E5AEB9, '来源', '1,2,3', '1');
INSERT INTO `cms_article_data` VALUES ('13', 0xE69687E7ABA0E58685E5AEB9E58685E5AEB9E58685E5AEB9E58685E5AEB9, '来源', '1,2,3', '1');
INSERT INTO `cms_article_data` VALUES ('14', 0xE69687E7ABA0E58685E5AEB9E58685E5AEB9E58685E5AEB9E58685E5AEB9, '来源', '1,2,3', '1');
INSERT INTO `cms_article_data` VALUES ('15', 0xE69687E7ABA0E58685E5AEB9E58685E5AEB9E58685E5AEB9E58685E5AEB9, '来源', '1,2,3', '1');
INSERT INTO `cms_article_data` VALUES ('16', 0xE69687E7ABA0E58685E5AEB9E58685E5AEB9E58685E5AEB9E58685E5AEB9, '来源', '1,2,3', '1');
INSERT INTO `cms_article_data` VALUES ('17', 0xE69687E7ABA0E58685E5AEB9E58685E5AEB9E58685E5AEB9E58685E5AEB9, '来源', '1,2,3', '1');
INSERT INTO `cms_article_data` VALUES ('18', 0xE69687E7ABA0E58685E5AEB9E58685E5AEB9E58685E5AEB9E58685E5AEB9, '来源', '1,2,3', '1');
INSERT INTO `cms_article_data` VALUES ('19', 0xE69687E7ABA0E58685E5AEB9E58685E5AEB9E58685E5AEB9E58685E5AEB9, '来源', '1,2,3', '1');
INSERT INTO `cms_article_data` VALUES ('2', 0x3C703E3C766964656F20636C6173733D22656475692D75706C6F61642D766964656F2020766A732D64656661756C742D736B696E20202020766964656F2D6A732220636F6E74726F6C733D2222207072656C6F61643D226E6F6E65222077696474683D2234323022206865696768743D22323830222073726320646174612D73657475703D227B7D223E3C2F766964656F3E3C2F703E3C707265207374796C653D226261636B67726F756E643A20726762283234352C203234352C20323435293B20666F6E743A20313270782F6E6F726D616C20436F6E736F6C61732C202671756F743B436F7572696572204E65772671756F743B2C20436F75726965722C206D6F6E6F73706163653B206D617267696E3A203130707820307078203070783B2070616464696E673A20313070783B20626F726465723A2031707820646F7474656420726762283131392C203133362C203835293B2077696474683A2036383570783B20746578742D616C69676E3A206C6566743B20636F6C6F723A2072676228302C20302C2030293B20746578742D7472616E73666F726D3A206E6F6E653B20746578742D696E64656E743A203070783B206C65747465722D73706163696E673A206E6F726D616C3B20776F72642D73706163696E673A203070783B207769646F77733A20313B20666F6E742D73697A652D61646A7573743A206E6F6E653B20666F6E742D737472657463683A206E6F726D616C3B202D7765626B69742D746578742D7374726F6B652D77696474683A203070783B223EE682A8E79A84E6B58FE8A788E599A8E4B88DE694AFE68C81266E6273703B766964656F266E6273703BE6A087E7ADBEE380823C2F7072653E3C703E266E6273703B3C2F703E, '来源', '1,2,3,', '1');
INSERT INTO `cms_article_data` VALUES ('20', 0xE69687E7ABA0E58685E5AEB9E58685E5AEB9E58685E5AEB9E58685E5AEB9, '来源', '1,2,3', '1');
INSERT INTO `cms_article_data` VALUES ('21', 0xE69687E7ABA0E58685E5AEB9E58685E5AEB9E58685E5AEB9E58685E5AEB9, '来源', '1,2,3', '1');
INSERT INTO `cms_article_data` VALUES ('22', 0xE69687E7ABA0E58685E5AEB9E58685E5AEB9E58685E5AEB9E58685E5AEB9, '来源', '1,2,3', '1');
INSERT INTO `cms_article_data` VALUES ('23', 0xE69687E7ABA0E58685E5AEB9E58685E5AEB9E58685E5AEB9E58685E5AEB9, '来源', '1,2,3', '1');
INSERT INTO `cms_article_data` VALUES ('24', 0xE69687E7ABA0E58685E5AEB9E58685E5AEB9E58685E5AEB9E58685E5AEB9, '来源', '1,2,3', '1');
INSERT INTO `cms_article_data` VALUES ('25', 0xE69687E7ABA0E58685E5AEB9E58685E5AEB9E58685E5AEB9E58685E5AEB9, '来源', '1,2,3', '1');
INSERT INTO `cms_article_data` VALUES ('26', 0xE69687E7ABA0E58685E5AEB9E58685E5AEB9E58685E5AEB9E58685E5AEB9, '来源', '1,2,3', '1');
INSERT INTO `cms_article_data` VALUES ('27', 0xE69687E7ABA0E58685E5AEB9E58685E5AEB9E58685E5AEB9E58685E5AEB9, '来源', '1,2,3', '1');
INSERT INTO `cms_article_data` VALUES ('28', 0xE69687E7ABA0E58685E5AEB9E58685E5AEB9E58685E5AEB9E58685E5AEB9, '来源', '1,2,3', '1');
INSERT INTO `cms_article_data` VALUES ('29', 0xE69687E7ABA0E58685E5AEB9E58685E5AEB9E58685E5AEB9E58685E5AEB9, '来源', '1,2,3', '1');
INSERT INTO `cms_article_data` VALUES ('3', 0xE69687E7ABA0E58685E5AEB9E58685E5AEB9E58685E5AEB9E58685E5AEB9, '来源', '1,2,3', '1');
INSERT INTO `cms_article_data` VALUES ('30', 0xE69687E7ABA0E58685E5AEB9E58685E5AEB9E58685E5AEB9E58685E5AEB9, '来源', '1,2,3', '1');
INSERT INTO `cms_article_data` VALUES ('31', 0xE69687E7ABA0E58685E5AEB9E58685E5AEB9E58685E5AEB9E58685E5AEB9, '来源', '1,2,3', '1');
INSERT INTO `cms_article_data` VALUES ('32', 0xE69687E7ABA0E58685E5AEB9E58685E5AEB9E58685E5AEB9E58685E5AEB9, '来源', '1,2,3', '1');
INSERT INTO `cms_article_data` VALUES ('33', 0xE69687E7ABA0E58685E5AEB9E58685E5AEB9E58685E5AEB9E58685E5AEB9, '来源', '1,2,3', '1');
INSERT INTO `cms_article_data` VALUES ('34', 0xE69687E7ABA0E58685E5AEB9E58685E5AEB9E58685E5AEB9E58685E5AEB9, '来源', '1,2,3', '1');
INSERT INTO `cms_article_data` VALUES ('35', 0xE69687E7ABA0E58685E5AEB9E58685E5AEB9E58685E5AEB9E58685E5AEB9, '来源', '1,2,3', '1');
INSERT INTO `cms_article_data` VALUES ('36', 0xE69687E7ABA0E58685E5AEB9E58685E5AEB9E58685E5AEB9E58685E5AEB9, '来源', '1,2,3', '1');
INSERT INTO `cms_article_data` VALUES ('37', 0xE69687E7ABA0E58685E5AEB9E58685E5AEB9E58685E5AEB9E58685E5AEB9, '来源', '1,2,3', '1');
INSERT INTO `cms_article_data` VALUES ('38', 0xE69687E7ABA0E58685E5AEB9E58685E5AEB9E58685E5AEB9E58685E5AEB9, '来源', '1,2,3', '1');
INSERT INTO `cms_article_data` VALUES ('39', 0xE69687E7ABA0E58685E5AEB9E58685E5AEB9E58685E5AEB9E58685E5AEB9, '来源', '1,2,3', '1');
INSERT INTO `cms_article_data` VALUES ('4', 0xE69687E7ABA0E58685E5AEB9E58685E5AEB9E58685E5AEB9E58685E5AEB9, '来源', '1,2,3', '1');
INSERT INTO `cms_article_data` VALUES ('40', 0xE69687E7ABA0E58685E5AEB9E58685E5AEB9E58685E5AEB9E58685E5AEB9, '来源', '1,2,3', '1');
INSERT INTO `cms_article_data` VALUES ('41', 0xE69687E7ABA0E58685E5AEB9E58685E5AEB9E58685E5AEB9E58685E5AEB9, '来源', '1,2,3', '1');
INSERT INTO `cms_article_data` VALUES ('42', 0xE69687E7ABA0E58685E5AEB9E58685E5AEB9E58685E5AEB9E58685E5AEB9, '来源', '1,2,3', '1');
INSERT INTO `cms_article_data` VALUES ('43', 0xE69687E7ABA0E58685E5AEB9E58685E5AEB9E58685E5AEB9E58685E5AEB9, '来源', '1,2,3', '1');
INSERT INTO `cms_article_data` VALUES ('44', 0xE69687E7ABA0E58685E5AEB9E58685E5AEB9E58685E5AEB9E58685E5AEB9, '来源', '1,2,3', '1');
INSERT INTO `cms_article_data` VALUES ('45', 0xE69687E7ABA0E58685E5AEB9E58685E5AEB9E58685E5AEB9E58685E5AEB9, '来源', '1,2,3', '1');
INSERT INTO `cms_article_data` VALUES ('46', 0xE69687E7ABA0E58685E5AEB9E58685E5AEB9E58685E5AEB9E58685E5AEB9, '来源', '1,2,3', '1');
INSERT INTO `cms_article_data` VALUES ('47', 0xE69687E7ABA0E58685E5AEB9E58685E5AEB9E58685E5AEB9E58685E5AEB9, '来源', '1,2,3', '1');
INSERT INTO `cms_article_data` VALUES ('48', 0xE69687E7ABA0E58685E5AEB9E58685E5AEB9E58685E5AEB9E58685E5AEB9, '来源', '1,2,3', '1');
INSERT INTO `cms_article_data` VALUES ('49', 0xE69687E7ABA0E58685E5AEB9E58685E5AEB9E58685E5AEB9E58685E5AEB9, '来源', '1,2,3', '1');
INSERT INTO `cms_article_data` VALUES ('5', 0xE69687E7ABA0E58685E5AEB9E58685E5AEB9E58685E5AEB9E58685E5AEB9, '来源', '1,2,3', '1');
INSERT INTO `cms_article_data` VALUES ('50', 0xE69687E7ABA0E58685E5AEB9E58685E5AEB9E58685E5AEB9E58685E5AEB9, '来源', '1,2,3', '1');
INSERT INTO `cms_article_data` VALUES ('51', 0xE69687E7ABA0E58685E5AEB9E58685E5AEB9E58685E5AEB9E58685E5AEB9, '来源', '1,2,3', '1');
INSERT INTO `cms_article_data` VALUES ('52', 0xE69687E7ABA0E58685E5AEB9E58685E5AEB9E58685E5AEB9E58685E5AEB9, '来源', '1,2,3', '1');
INSERT INTO `cms_article_data` VALUES ('53', 0xE69687E7ABA0E58685E5AEB9E58685E5AEB9E58685E5AEB9E58685E5AEB9, '来源', '1,2,3', '1');
INSERT INTO `cms_article_data` VALUES ('6', 0xE69687E7ABA0E58685E5AEB9E58685E5AEB9E58685E5AEB9E58685E5AEB9, '来源', '1,2,3', '1');
INSERT INTO `cms_article_data` VALUES ('7', 0xE69687E7ABA0E58685E5AEB9E58685E5AEB9E58685E5AEB9E58685E5AEB9, '来源', '1,2,3', '1');
INSERT INTO `cms_article_data` VALUES ('8', 0x3C70207374796C653D226C696E652D6865696768743A20313670783B223E3C696D67207372633D22687474703A2F2F6C6F63616C686F73743A383038302F6A656574632F7374617469632F75656469746F722F6469616C6F67732F6174746163686D656E742F66696C6554797065496D616765732F69636F6E5F7478742E676966222F3E3C61207469746C653D22313438393035363638383431345F3536323636312E74787422207374796C653D22636F6C6F723A2072676228302C203130322C20323034293B20666F6E742D73697A653A20313270783B2220687265663D22687474703A2F2F6C6F63616C686F73743A383038302F6A656574632F75706C6F61642F313438393035363638383431345F3536323636312E747874223E313438393035363638383431345F3536323636312E7478743C2F613E3C2F703E3C703E3C2F703E, '来源', '1,2,3,', '1');
INSERT INTO `cms_article_data` VALUES ('9', 0xE69687E7ABA0E58685E5AEB9E58685E5AEB9E58685E5AEB9E58685E5AEB9, '来源', '1,2,3', '1');

-- ----------------------------
-- Table structure for cms_category
-- ----------------------------
DROP TABLE IF EXISTS `cms_category`;
CREATE TABLE `cms_category` (
  `id` varchar(64) COLLATE utf8_bin NOT NULL COMMENT '编号',
  `parent_id` varchar(64) COLLATE utf8_bin NOT NULL COMMENT '父级编号',
  `parent_ids` varchar(2000) COLLATE utf8_bin NOT NULL COMMENT '所有父级编号',
  `site_id` varchar(64) COLLATE utf8_bin DEFAULT '1' COMMENT '站点编号',
  `office_id` varchar(64) COLLATE utf8_bin DEFAULT NULL COMMENT '归属机构',
  `module` varchar(20) COLLATE utf8_bin DEFAULT NULL COMMENT '栏目模块',
  `name` varchar(100) COLLATE utf8_bin NOT NULL COMMENT '栏目名称',
  `image` varchar(255) COLLATE utf8_bin DEFAULT NULL COMMENT '栏目图片',
  `href` varchar(255) COLLATE utf8_bin DEFAULT NULL COMMENT '链接',
  `target` varchar(20) COLLATE utf8_bin DEFAULT NULL COMMENT '目标',
  `description` varchar(255) COLLATE utf8_bin DEFAULT NULL COMMENT '描述',
  `keywords` varchar(255) COLLATE utf8_bin DEFAULT NULL COMMENT '关键字',
  `sort` int(11) DEFAULT '30' COMMENT '排序（升序）',
  `in_menu` char(1) COLLATE utf8_bin DEFAULT '1' COMMENT '是否在导航中显示',
  `in_list` char(1) COLLATE utf8_bin DEFAULT '1' COMMENT '是否在分类页中显示列表',
  `show_modes` char(1) COLLATE utf8_bin DEFAULT '0' COMMENT '展现方式',
  `allow_comment` char(1) COLLATE utf8_bin DEFAULT NULL COMMENT '是否允许评论',
  `is_audit` char(1) COLLATE utf8_bin DEFAULT NULL COMMENT '是否需要审核',
  `custom_list_view` varchar(255) COLLATE utf8_bin DEFAULT NULL COMMENT '自定义列表视图',
  `custom_content_view` varchar(255) COLLATE utf8_bin DEFAULT NULL COMMENT '自定义内容视图',
  `view_config` text COLLATE utf8_bin COMMENT '视图配置',
  `create_by` varchar(64) COLLATE utf8_bin DEFAULT NULL COMMENT '创建者',
  `create_date` datetime DEFAULT NULL COMMENT '创建时间',
  `update_by` varchar(64) COLLATE utf8_bin DEFAULT NULL COMMENT '更新者',
  `update_date` datetime DEFAULT NULL COMMENT '更新时间',
  `remarks` varchar(255) COLLATE utf8_bin DEFAULT NULL COMMENT '备注信息',
  `del_flag` char(1) COLLATE utf8_bin NOT NULL DEFAULT '0' COMMENT '删除标记',
  PRIMARY KEY (`id`),
  KEY `cms_category_parent_id` (`parent_id`),
  KEY `cms_category_module` (`module`),
  KEY `cms_category_name` (`name`),
  KEY `cms_category_sort` (`sort`),
  KEY `cms_category_del_flag` (`del_flag`),
  KEY `cms_category_office_id` (`office_id`),
  KEY `cms_category_site_id` (`site_id`)
) ENGINE=InnoDB DEFAULT CHARSET=utf8 COLLATE=utf8_bin COMMENT='栏目表';

-- ----------------------------
-- Records of cms_category
-- ----------------------------
INSERT INTO `cms_category` VALUES ('1', '0', '0,', '0', '1', null, '顶级栏目', null, null, null, null, null, '0', '1', '1', '0', '0', '1', null, null, null, '1', '2013-05-27 08:00:00', '1', '2013-05-27 08:00:00', null, '0');
INSERT INTO `cms_category` VALUES ('10', '1', '0,1,', '1', '4', 'article', '软件介绍', null, null, null, null, null, '20', '1', '1', '0', '1', '0', null, null, null, '1', '2013-05-27 08:00:00', '1', '2013-05-27 08:00:00', null, '0');
INSERT INTO `cms_category` VALUES ('11', '10', '0,1,10,', '1', '4', 'article', '网络工具', null, null, null, null, null, '30', '1', '1', '0', '1', '0', null, null, null, '1', '2013-05-27 08:00:00', '1', '2013-05-27 08:00:00', null, '0');
INSERT INTO `cms_category` VALUES ('12', '10', '0,1,10,', '1', '4', 'article', '浏览工具', null, null, null, null, null, '40', '1', '1', '0', '1', '0', null, null, null, '1', '2013-05-27 08:00:00', '1', '2013-05-27 08:00:00', null, '0');
INSERT INTO `cms_category` VALUES ('13', '10', '0,1,10,', '1', '4', 'article', '浏览辅助', null, null, null, null, null, '50', '1', '1', '0', '1', '0', null, null, null, '1', '2013-05-27 08:00:00', '1', '2013-05-27 08:00:00', null, '0');
INSERT INTO `cms_category` VALUES ('14', '10', '0,1,10,', '1', '4', 'article', '网络优化', null, null, null, null, null, '50', '1', '1', '0', '1', '0', null, null, null, '1', '2013-05-27 08:00:00', '1', '2013-05-27 08:00:00', null, '0');
INSERT INTO `cms_category` VALUES ('15', '10', '0,1,10,', '1', '4', 'article', '邮件处理', null, null, null, null, null, '50', '1', '1', '0', '1', '0', null, null, null, '1', '2013-05-27 08:00:00', '1', '2013-05-27 08:00:00', null, '0');
INSERT INTO `cms_category` VALUES ('16', '10', '0,1,10,', '1', '4', 'article', '下载工具', null, null, null, null, null, '50', '1', '1', '0', '1', '0', null, null, null, '1', '2013-05-27 08:00:00', '1', '2013-05-27 08:00:00', null, '0');
INSERT INTO `cms_category` VALUES ('17', '10', '0,1,10,', '1', '4', 'article', '搜索工具', null, null, null, null, null, '50', '1', '1', '2', '1', '0', null, null, null, '1', '2013-05-27 08:00:00', '1', '2013-05-27 08:00:00', null, '0');
INSERT INTO `cms_category` VALUES ('18', '1', '0,1,', '1', '5', 'link', '友情链接', null, null, null, null, null, '90', '1', '1', '0', '1', '0', null, null, null, '1', '2013-05-27 08:00:00', '1', '2013-05-27 08:00:00', null, '0');
INSERT INTO `cms_category` VALUES ('19', '18', '0,1,18,', '1', '5', 'link', '常用网站', null, null, null, null, null, '50', '1', '1', '0', '1', '0', null, null, null, '1', '2013-05-27 08:00:00', '1', '2013-05-27 08:00:00', null, '0');
INSERT INTO `cms_category` VALUES ('2', '1', '0,1,', '1', '3', 'article', '组织机构', null, null, null, null, null, '10', '1', '1', '0', '0', '1', null, null, null, '1', '2013-05-27 08:00:00', '1', '2013-05-27 08:00:00', null, '0');
INSERT INTO `cms_category` VALUES ('20', '18', '0,1,18,', '1', '5', 'link', '门户网站', null, null, null, null, null, '50', '1', '1', '0', '1', '0', null, null, null, '1', '2013-05-27 08:00:00', '1', '2013-05-27 08:00:00', null, '0');
INSERT INTO `cms_category` VALUES ('21', '18', '0,1,18,', '1', '5', 'link', '购物网站', null, null, null, null, null, '50', '1', '1', '0', '1', '0', null, null, null, '1', '2013-05-27 08:00:00', '1', '2013-05-27 08:00:00', null, '0');
INSERT INTO `cms_category` VALUES ('22', '18', '0,1,18,', '1', '5', 'link', '交友社区', null, null, null, null, null, '50', '1', '1', '0', '1', '0', null, null, null, '1', '2013-05-27 08:00:00', '1', '2013-05-27 08:00:00', null, '0');
INSERT INTO `cms_category` VALUES ('23', '18', '0,1,18,', '1', '5', 'link', '音乐视频', null, null, null, null, null, '50', '1', '1', '0', '1', '0', null, null, null, '1', '2013-05-27 08:00:00', '1', '2013-05-27 08:00:00', null, '0');
INSERT INTO `cms_category` VALUES ('24', '1', '0,1,', '1', '6', null, '百度一下', null, 'http://www.baidu.com', '_blank', null, null, '90', '1', '1', '0', '1', '0', null, null, null, '1', '2013-05-27 08:00:00', '1', '2013-05-27 08:00:00', null, '0');
INSERT INTO `cms_category` VALUES ('25', '1', '0,1,', '1', '6', null, '全文检索', null, '/search', null, null, null, '90', '0', '1', '0', '1', '0', null, null, null, '1', '2013-05-27 08:00:00', '1', '2013-05-27 08:00:00', null, '0');
INSERT INTO `cms_category` VALUES ('26', '1', '0,1,', '2', '6', 'article', '测试栏目', null, null, null, null, null, '90', '1', '1', '0', '1', '0', null, null, null, '1', '2013-05-27 08:00:00', '1', '2013-05-27 08:00:00', null, '0');
INSERT INTO `cms_category` VALUES ('27', '1', '0,1,', '1', '6', null, '公共留言', null, '/guestbook', null, null, null, '90', '1', '1', '0', '1', '0', null, null, null, '1', '2013-05-27 08:00:00', '1', '2013-05-27 08:00:00', null, '0');
INSERT INTO `cms_category` VALUES ('3', '2', '0,1,2,', '1', '3', 'article', '网站简介', null, null, null, null, null, '30', '1', '1', '0', '0', '1', null, null, null, '1', '2013-05-27 08:00:00', '1', '2013-05-27 08:00:00', null, '0');
INSERT INTO `cms_category` VALUES ('4', '2', '0,1,2,', '1', '3', 'article', '内部机构', null, null, null, null, null, '40', '1', '1', '0', '0', '1', null, null, null, '1', '2013-05-27 08:00:00', '1', '2013-05-27 08:00:00', null, '0');
INSERT INTO `cms_category` VALUES ('5', '2', '0,1,2,', '1', '3', 'article', '地方机构', null, null, null, null, null, '50', '1', '1', '0', '0', '1', null, null, null, '1', '2013-05-27 08:00:00', '1', '2013-05-27 08:00:00', null, '0');
INSERT INTO `cms_category` VALUES ('6', '1', '0,1,', '1', '3', 'article', '质量检验', null, null, null, null, null, '20', '1', '1', '1', '1', '0', null, null, null, '1', '2013-05-27 08:00:00', '1', '2013-05-27 08:00:00', null, '0');
INSERT INTO `cms_category` VALUES ('7', '6', '0,1,6,', '1', '3', 'article', '产品质量', null, null, null, null, null, '30', '1', '1', '0', '1', '0', null, null, null, '1', '2013-05-27 08:00:00', '1', '2013-05-27 08:00:00', null, '0');
INSERT INTO `cms_category` VALUES ('8', '6', '0,1,6,', '1', '3', 'article', '技术质量', null, null, null, null, null, '40', '1', '1', '0', '1', '0', null, null, null, '1', '2013-05-27 08:00:00', '1', '2013-05-27 08:00:00', null, '0');
INSERT INTO `cms_category` VALUES ('9', '6', '0,1,6,', '1', '3', 'article', '工程质量', null, null, null, null, null, '50', '1', '1', '0', '1', '0', null, null, null, '1', '2013-05-27 08:00:00', '1', '2013-05-27 08:00:00', null, '0');

-- ----------------------------
-- Table structure for cms_comment
-- ----------------------------
DROP TABLE IF EXISTS `cms_comment`;
CREATE TABLE `cms_comment` (
  `id` varchar(64) COLLATE utf8_bin NOT NULL COMMENT '编号',
  `category_id` varchar(64) COLLATE utf8_bin NOT NULL COMMENT '栏目编号',
  `content_id` varchar(64) COLLATE utf8_bin NOT NULL COMMENT '栏目内容的编号',
  `title` varchar(255) COLLATE utf8_bin DEFAULT NULL COMMENT '栏目内容的标题',
  `content` varchar(255) COLLATE utf8_bin DEFAULT NULL COMMENT '评论内容',
  `name` varchar(100) COLLATE utf8_bin DEFAULT NULL COMMENT '评论姓名',
  `ip` varchar(100) COLLATE utf8_bin DEFAULT NULL COMMENT '评论IP',
  `create_date` datetime NOT NULL COMMENT '评论时间',
  `audit_user_id` varchar(64) COLLATE utf8_bin DEFAULT NULL COMMENT '审核人',
  `audit_date` datetime DEFAULT NULL COMMENT '审核时间',
  `del_flag` char(1) COLLATE utf8_bin NOT NULL DEFAULT '0' COMMENT '删除标记',
  PRIMARY KEY (`id`),
  KEY `cms_comment_category_id` (`category_id`),
  KEY `cms_comment_content_id` (`content_id`),
  KEY `cms_comment_status` (`del_flag`)
) ENGINE=InnoDB DEFAULT CHARSET=utf8 COLLATE=utf8_bin COMMENT='评论表';

-- ----------------------------
-- Records of cms_comment
-- ----------------------------

-- ----------------------------
-- Table structure for cms_guestbook
-- ----------------------------
DROP TABLE IF EXISTS `cms_guestbook`;
CREATE TABLE `cms_guestbook` (
  `id` varchar(64) COLLATE utf8_bin NOT NULL COMMENT '编号',
  `type` char(1) COLLATE utf8_bin NOT NULL COMMENT '留言分类',
  `content` varchar(255) COLLATE utf8_bin NOT NULL COMMENT '留言内容',
  `name` varchar(100) COLLATE utf8_bin NOT NULL COMMENT '姓名',
  `email` varchar(100) COLLATE utf8_bin NOT NULL COMMENT '邮箱',
  `phone` varchar(100) COLLATE utf8_bin NOT NULL COMMENT '电话',
  `workunit` varchar(100) COLLATE utf8_bin NOT NULL COMMENT '单位',
  `ip` varchar(100) COLLATE utf8_bin NOT NULL COMMENT 'IP',
  `create_date` datetime NOT NULL COMMENT '留言时间',
  `re_user_id` varchar(64) COLLATE utf8_bin DEFAULT NULL COMMENT '回复人',
  `re_date` datetime DEFAULT NULL COMMENT '回复时间',
  `re_content` varchar(100) COLLATE utf8_bin DEFAULT NULL COMMENT '回复内容',
  `del_flag` char(1) COLLATE utf8_bin NOT NULL DEFAULT '0' COMMENT '删除标记',
  PRIMARY KEY (`id`),
  KEY `cms_guestbook_del_flag` (`del_flag`)
) ENGINE=InnoDB DEFAULT CHARSET=utf8 COLLATE=utf8_bin COMMENT='留言板';

-- ----------------------------
-- Records of cms_guestbook
-- ----------------------------

-- ----------------------------
-- Table structure for cms_link
-- ----------------------------
DROP TABLE IF EXISTS `cms_link`;
CREATE TABLE `cms_link` (
  `id` varchar(64) COLLATE utf8_bin NOT NULL COMMENT '编号',
  `category_id` varchar(64) COLLATE utf8_bin NOT NULL COMMENT '栏目编号',
  `title` varchar(255) COLLATE utf8_bin NOT NULL COMMENT '链接名称',
  `color` varchar(50) COLLATE utf8_bin DEFAULT NULL COMMENT '标题颜色',
  `image` varchar(255) COLLATE utf8_bin DEFAULT NULL COMMENT '链接图片',
  `href` varchar(255) COLLATE utf8_bin DEFAULT NULL COMMENT '链接地址',
  `weight` int(11) DEFAULT '0' COMMENT '权重，越大越靠前',
  `weight_date` datetime DEFAULT NULL COMMENT '权重期限',
  `create_by` varchar(64) COLLATE utf8_bin DEFAULT NULL COMMENT '创建者',
  `create_date` datetime DEFAULT NULL COMMENT '创建时间',
  `update_by` varchar(64) COLLATE utf8_bin DEFAULT NULL COMMENT '更新者',
  `update_date` datetime DEFAULT NULL COMMENT '更新时间',
  `remarks` varchar(255) COLLATE utf8_bin DEFAULT NULL COMMENT '备注信息',
  `del_flag` char(1) COLLATE utf8_bin NOT NULL DEFAULT '0' COMMENT '删除标记',
  PRIMARY KEY (`id`),
  KEY `cms_link_category_id` (`category_id`),
  KEY `cms_link_title` (`title`),
  KEY `cms_link_del_flag` (`del_flag`),
  KEY `cms_link_weight` (`weight`),
  KEY `cms_link_create_by` (`create_by`),
  KEY `cms_link_update_date` (`update_date`)
) ENGINE=InnoDB DEFAULT CHARSET=utf8 COLLATE=utf8_bin COMMENT='友情链接';

-- ----------------------------
-- Records of cms_link
-- ----------------------------
INSERT INTO `cms_link` VALUES ('1', '19', 'JeeSite', null, null, 'http://thinkgem.github.com/jeesite', '0', null, '1', '2013-05-27 08:00:00', '1', '2013-05-27 08:00:00', null, '0');
INSERT INTO `cms_link` VALUES ('10', '22', '58同城', null, null, 'http://www.58.com/', '0', null, '1', '2013-05-27 08:00:00', '1', '2013-05-27 08:00:00', null, '0');
INSERT INTO `cms_link` VALUES ('11', '23', '视频大全', null, null, 'http://v.360.cn/', '0', null, '1', '2013-05-27 08:00:00', '1', '2013-05-27 08:00:00', null, '0');
INSERT INTO `cms_link` VALUES ('12', '23', '凤凰网', null, null, 'http://www.ifeng.com/', '0', null, '1', '2013-05-27 08:00:00', '1', '2013-05-27 08:00:00', null, '0');
INSERT INTO `cms_link` VALUES ('2', '19', 'ThinkGem', null, null, 'http://thinkgem.iteye.com/', '0', null, '1', '2013-05-27 08:00:00', '1', '2013-05-27 08:00:00', null, '0');
INSERT INTO `cms_link` VALUES ('3', '19', '百度一下', null, null, 'http://www.baidu.com', '0', null, '1', '2013-05-27 08:00:00', '1', '2013-05-27 08:00:00', null, '0');
INSERT INTO `cms_link` VALUES ('4', '19', '谷歌搜索', null, null, 'http://www.google.com', '0', null, '1', '2013-05-27 08:00:00', '1', '2013-05-27 08:00:00', null, '0');
INSERT INTO `cms_link` VALUES ('5', '20', '新浪网', null, null, 'http://www.sina.com.cn', '0', null, '1', '2013-05-27 08:00:00', '1', '2013-05-27 08:00:00', null, '0');
INSERT INTO `cms_link` VALUES ('6', '20', '腾讯网', null, null, 'http://www.qq.com/', '0', null, '1', '2013-05-27 08:00:00', '1', '2013-05-27 08:00:00', null, '0');
INSERT INTO `cms_link` VALUES ('7', '21', '淘宝网', null, null, 'http://www.taobao.com/', '0', null, '1', '2013-05-27 08:00:00', '1', '2013-05-27 08:00:00', null, '0');
INSERT INTO `cms_link` VALUES ('8', '21', '新华网', null, null, 'http://www.xinhuanet.com/', '0', null, '1', '2013-05-27 08:00:00', '1', '2013-05-27 08:00:00', null, '0');
INSERT INTO `cms_link` VALUES ('9', '22', '赶集网', null, null, 'http://www.ganji.com/', '0', null, '1', '2013-05-27 08:00:00', '1', '2013-05-27 08:00:00', null, '0');

-- ----------------------------
-- Table structure for cms_site
-- ----------------------------
DROP TABLE IF EXISTS `cms_site`;
CREATE TABLE `cms_site` (
  `id` varchar(64) COLLATE utf8_bin NOT NULL COMMENT '编号',
  `name` varchar(100) COLLATE utf8_bin NOT NULL COMMENT '站点名称',
  `title` varchar(100) COLLATE utf8_bin NOT NULL COMMENT '站点标题',
  `logo` varchar(255) COLLATE utf8_bin DEFAULT NULL COMMENT '站点Logo',
  `domain` varchar(255) COLLATE utf8_bin DEFAULT NULL COMMENT '站点域名',
  `description` varchar(255) COLLATE utf8_bin DEFAULT NULL COMMENT '描述',
  `keywords` varchar(255) COLLATE utf8_bin DEFAULT NULL COMMENT '关键字',
  `theme` varchar(255) COLLATE utf8_bin DEFAULT 'default' COMMENT '主题',
  `copyright` text COLLATE utf8_bin COMMENT '版权信息',
  `custom_index_view` varchar(255) COLLATE utf8_bin DEFAULT NULL COMMENT '自定义站点首页视图',
  `create_by` varchar(64) COLLATE utf8_bin DEFAULT NULL COMMENT '创建者',
  `create_date` datetime DEFAULT NULL COMMENT '创建时间',
  `update_by` varchar(64) COLLATE utf8_bin DEFAULT NULL COMMENT '更新者',
  `update_date` datetime DEFAULT NULL COMMENT '更新时间',
  `remarks` varchar(255) COLLATE utf8_bin DEFAULT NULL COMMENT '备注信息',
  `del_flag` char(1) COLLATE utf8_bin NOT NULL DEFAULT '0' COMMENT '删除标记',
  PRIMARY KEY (`id`),
  KEY `cms_site_del_flag` (`del_flag`)
) ENGINE=InnoDB DEFAULT CHARSET=utf8 COLLATE=utf8_bin COMMENT='站点表';

-- ----------------------------
-- Records of cms_site
-- ----------------------------
INSERT INTO `cms_site` VALUES ('1', '默认站点', 'JeeSite Web', null, null, 'JeeSite', 'JeeSite', 'basic', 0x436F707972696768742026636F70793B20323031322D32303133203C6120687265663D27687474703A2F2F7468696E6B67656D2E69746579652E636F6D27207461726765743D275F626C616E6B273E5468696E6B47656D3C2F613E202D20506F7765726564204279203C6120687265663D2768747470733A2F2F6769746875622E636F6D2F7468696E6B67656D2F6A65657369746527207461726765743D275F626C616E6B273E4A6565536974653C2F613E2056312E30, null, '1', '2013-05-27 08:00:00', '1', '2013-05-27 08:00:00', null, '0');
INSERT INTO `cms_site` VALUES ('2', '子站点测试', 'JeeSite Subsite', null, null, 'JeeSite subsite', 'JeeSite subsite', 'basic', 0x436F707972696768742026636F70793B20323031322D32303133203C6120687265663D27687474703A2F2F7468696E6B67656D2E69746579652E636F6D27207461726765743D275F626C616E6B273E5468696E6B47656D3C2F613E202D20506F7765726564204279203C6120687265663D2768747470733A2F2F6769746875622E636F6D2F7468696E6B67656D2F6A65657369746527207461726765743D275F626C616E6B273E4A6565536974653C2F613E2056312E30, null, '1', '2013-05-27 08:00:00', '1', '2013-05-27 08:00:00', null, '0');

-- ----------------------------
-- Table structure for gen_scheme
-- ----------------------------
DROP TABLE IF EXISTS `gen_scheme`;
CREATE TABLE `gen_scheme` (
  `id` varchar(64) COLLATE utf8_bin NOT NULL COMMENT '编号',
  `name` varchar(200) COLLATE utf8_bin DEFAULT NULL COMMENT '名称',
  `category` varchar(2000) COLLATE utf8_bin DEFAULT NULL COMMENT '分类',
  `package_name` varchar(500) COLLATE utf8_bin DEFAULT NULL COMMENT '生成包路径',
  `module_name` varchar(30) COLLATE utf8_bin DEFAULT NULL COMMENT '生成模块名',
  `sub_module_name` varchar(30) COLLATE utf8_bin DEFAULT NULL COMMENT '生成子模块名',
  `function_name` varchar(500) COLLATE utf8_bin DEFAULT NULL COMMENT '生成功能名',
  `function_name_simple` varchar(100) COLLATE utf8_bin DEFAULT NULL COMMENT '生成功能名（简写）',
  `function_author` varchar(100) COLLATE utf8_bin DEFAULT NULL COMMENT '生成功能作者',
  `gen_table_id` varchar(200) COLLATE utf8_bin DEFAULT NULL COMMENT '生成表编号',
  `create_by` varchar(64) COLLATE utf8_bin DEFAULT NULL COMMENT '创建者',
  `create_date` datetime DEFAULT NULL COMMENT '创建时间',
  `update_by` varchar(64) COLLATE utf8_bin DEFAULT NULL COMMENT '更新者',
  `update_date` datetime DEFAULT NULL COMMENT '更新时间',
  `remarks` varchar(255) COLLATE utf8_bin DEFAULT NULL COMMENT '备注信息',
  `del_flag` char(1) COLLATE utf8_bin NOT NULL DEFAULT '0' COMMENT '删除标记（0：正常；1：删除）',
  PRIMARY KEY (`id`),
  KEY `gen_scheme_del_flag` (`del_flag`)
) ENGINE=InnoDB DEFAULT CHARSET=utf8 COLLATE=utf8_bin COMMENT='生成方案';

-- ----------------------------
-- Records of gen_scheme
-- ----------------------------
INSERT INTO `gen_scheme` VALUES ('35a13dc260284a728a270db3f382664b', '树结构', 'treeTable', 'com.thinkgem.jeesite.modules', 'test', null, '树结构生成', '树结构', 'ThinkGem', 'f6e4dafaa72f4c509636484715f33a96', '1', '2013-08-12 13:10:05', '1', '2013-08-12 13:10:05', null, '0');
INSERT INTO `gen_scheme` VALUES ('4bb6ae9e9d7149ef9d91af5ef7b2772c', '定时任务', 'curd', 'com.thinkgem.jeesite.modules', 'sys', '', '定时任务', '定时任务', '大胖老师', '9fc5e55ba3c2427c9da93f02c3f9a3a9', '1', '2016-11-24 18:47:20', '1', '2016-11-24 18:47:20', '', '0');
INSERT INTO `gen_scheme` VALUES ('9c9de9db6da743bb899036c6546061ac', '单表', 'curd', 'com.thinkgem.jeesite.modules', 'test', null, '单表生成', '单表', 'ThinkGem', 'aef6f1fc948f4c9ab1c1b780bc471cc2', '1', '2013-08-12 13:10:05', '1', '2013-08-12 13:10:05', null, '0');
INSERT INTO `gen_scheme` VALUES ('e6d905fd236b46d1af581dd32bdfb3b0', '主子表', 'curd_many', 'com.thinkgem.jeesite.modules', 'test', null, '主子表生成', '主子表', 'ThinkGem', '43d6d5acffa14c258340ce6765e46c6f', '1', '2013-08-12 13:10:05', '1', '2013-08-12 13:10:05', null, '0');

-- ----------------------------
-- Table structure for gen_table
-- ----------------------------
DROP TABLE IF EXISTS `gen_table`;
CREATE TABLE `gen_table` (
  `id` varchar(64) COLLATE utf8_bin NOT NULL COMMENT '编号',
  `name` varchar(200) COLLATE utf8_bin DEFAULT NULL COMMENT '名称',
  `comments` varchar(500) COLLATE utf8_bin DEFAULT NULL COMMENT '描述',
  `class_name` varchar(100) COLLATE utf8_bin DEFAULT NULL COMMENT '实体类名称',
  `parent_table` varchar(200) COLLATE utf8_bin DEFAULT NULL COMMENT '关联父表',
  `parent_table_fk` varchar(100) COLLATE utf8_bin DEFAULT NULL COMMENT '关联父表外键',
  `create_by` varchar(64) COLLATE utf8_bin DEFAULT NULL COMMENT '创建者',
  `create_date` datetime DEFAULT NULL COMMENT '创建时间',
  `update_by` varchar(64) COLLATE utf8_bin DEFAULT NULL COMMENT '更新者',
  `update_date` datetime DEFAULT NULL COMMENT '更新时间',
  `remarks` varchar(255) COLLATE utf8_bin DEFAULT NULL COMMENT '备注信息',
  `del_flag` char(1) COLLATE utf8_bin NOT NULL DEFAULT '0' COMMENT '删除标记（0：正常；1：删除）',
  PRIMARY KEY (`id`),
  KEY `gen_table_name` (`name`),
  KEY `gen_table_del_flag` (`del_flag`)
) ENGINE=InnoDB DEFAULT CHARSET=utf8 COLLATE=utf8_bin COMMENT='业务表';

-- ----------------------------
-- Records of gen_table
-- ----------------------------
INSERT INTO `gen_table` VALUES ('43d6d5acffa14c258340ce6765e46c6f', 'test_data_main', '业务数据表', 'TestDataMain', null, null, '1', '2013-08-12 13:10:05', '1', '2013-08-12 13:10:05', null, '0');
INSERT INTO `gen_table` VALUES ('6e05c389f3c6415ea34e55e9dfb28934', 'test_data_child', '业务数据子表', 'TestDataChild', 'test_data_main', 'test_data_main_id', '1', '2013-08-12 13:10:05', '1', '2013-08-12 13:10:05', null, '0');
INSERT INTO `gen_table` VALUES ('9fc5e55ba3c2427c9da93f02c3f9a3a9', 'sys_schedule_job', '定时任务管理', 'SysScheduleJob', '', '', '1', '2016-11-24 18:44:14', '1', '2016-11-24 18:46:34', '', '0');
INSERT INTO `gen_table` VALUES ('aef6f1fc948f4c9ab1c1b780bc471cc2', 'test_data', '业务数据表', 'TestData', null, null, '1', '2013-08-12 13:10:05', '1', '2013-08-12 13:10:05', null, '0');
INSERT INTO `gen_table` VALUES ('f6e4dafaa72f4c509636484715f33a96', 'test_tree', '树结构表', 'TestTree', null, null, '1', '2013-08-12 13:10:05', '1', '2013-08-12 13:10:05', null, '0');

-- ----------------------------
-- Table structure for gen_table_column
-- ----------------------------
DROP TABLE IF EXISTS `gen_table_column`;
CREATE TABLE `gen_table_column` (
  `id` varchar(64) COLLATE utf8_bin NOT NULL COMMENT '编号',
  `gen_table_id` varchar(64) COLLATE utf8_bin DEFAULT NULL COMMENT '归属表编号',
  `name` varchar(200) COLLATE utf8_bin DEFAULT NULL COMMENT '名称',
  `comments` varchar(500) COLLATE utf8_bin DEFAULT NULL COMMENT '描述',
  `jdbc_type` varchar(100) COLLATE utf8_bin DEFAULT NULL COMMENT '列的数据类型的字节长度',
  `java_type` varchar(500) COLLATE utf8_bin DEFAULT NULL COMMENT 'JAVA类型',
  `java_field` varchar(200) COLLATE utf8_bin DEFAULT NULL COMMENT 'JAVA字段名',
  `is_pk` char(1) COLLATE utf8_bin DEFAULT NULL COMMENT '是否主键',
  `is_null` char(1) COLLATE utf8_bin DEFAULT NULL COMMENT '是否可为空',
  `is_insert` char(1) COLLATE utf8_bin DEFAULT NULL COMMENT '是否为插入字段',
  `is_edit` char(1) COLLATE utf8_bin DEFAULT NULL COMMENT '是否编辑字段',
  `is_list` char(1) COLLATE utf8_bin DEFAULT NULL COMMENT '是否列表字段',
  `is_query` char(1) COLLATE utf8_bin DEFAULT NULL COMMENT '是否查询字段',
  `query_type` varchar(200) COLLATE utf8_bin DEFAULT NULL COMMENT '查询方式（等于、不等于、大于、小于、范围、左LIKE、右LIKE、左右LIKE）',
  `show_type` varchar(200) COLLATE utf8_bin DEFAULT NULL COMMENT '字段生成方案（文本框、文本域、下拉框、复选框、单选框、字典选择、人员选择、部门选择、区域选择）',
  `dict_type` varchar(200) COLLATE utf8_bin DEFAULT NULL COMMENT '字典类型',
  `settings` varchar(2000) COLLATE utf8_bin DEFAULT NULL COMMENT '其它设置（扩展字段JSON）',
  `sort` decimal(10,0) DEFAULT NULL COMMENT '排序（升序）',
  `create_by` varchar(64) COLLATE utf8_bin DEFAULT NULL COMMENT '创建者',
  `create_date` datetime DEFAULT NULL COMMENT '创建时间',
  `update_by` varchar(64) COLLATE utf8_bin DEFAULT NULL COMMENT '更新者',
  `update_date` datetime DEFAULT NULL COMMENT '更新时间',
  `remarks` varchar(255) COLLATE utf8_bin DEFAULT NULL COMMENT '备注信息',
  `del_flag` char(1) COLLATE utf8_bin NOT NULL DEFAULT '0' COMMENT '删除标记（0：正常；1：删除）',
  PRIMARY KEY (`id`),
  KEY `gen_table_column_table_id` (`gen_table_id`),
  KEY `gen_table_column_name` (`name`),
  KEY `gen_table_column_sort` (`sort`),
  KEY `gen_table_column_del_flag` (`del_flag`)
) ENGINE=InnoDB DEFAULT CHARSET=utf8 COLLATE=utf8_bin COMMENT='业务表字段';

-- ----------------------------
-- Records of gen_table_column
-- ----------------------------
INSERT INTO `gen_table_column` VALUES ('05da9890f3964f73bd2aba512911d332', '9fc5e55ba3c2427c9da93f02c3f9a3a9', 'bean_class', '执行class类', 'varchar(255)', 'String', 'beanClass', null, '1', '1', '1', null, null, '=', 'input', '', null, '70', '1', '2016-11-24 18:44:14', '1', '2016-11-24 18:46:34', null, '0');
INSERT INTO `gen_table_column` VALUES ('069b6988470e475ebdc36234a3e41aa3', '9fc5e55ba3c2427c9da93f02c3f9a3a9', 'spring_id', 'spring_id', 'varchar(255)', 'String', 'springId', null, '1', '1', '1', null, null, '=', 'input', '', null, '90', '1', '2016-11-24 18:44:15', '1', '2016-11-24 18:46:35', null, '0');
INSERT INTO `gen_table_column` VALUES ('0902a0cb3e8f434280c20e9d771d0658', 'aef6f1fc948f4c9ab1c1b780bc471cc2', 'sex', '性别', 'char(1)', 'String', 'sex', '0', '1', '1', '1', '1', '1', '=', 'radiobox', 'sex', null, '6', '1', '2013-08-12 13:10:05', '1', '2013-08-12 13:10:05', null, '0');
INSERT INTO `gen_table_column` VALUES ('0beec5b5da2146e795d5c80ae5968053', '9fc5e55ba3c2427c9da93f02c3f9a3a9', 'job_status', '任务状态', 'varchar(255)', 'String', 'jobStatus', null, '1', '1', '1', '1', null, '=', 'input', '', null, '40', '1', '2016-11-24 18:44:14', '1', '2016-11-24 18:46:34', null, '0');
INSERT INTO `gen_table_column` VALUES ('103fc05c88ff40639875c2111881996a', 'aef6f1fc948f4c9ab1c1b780bc471cc2', 'create_date', '创建时间', 'timestamp(6)', 'java.util.Date', 'createDate', '0', '0', '1', '0', '0', '0', '=', 'dateselect', null, null, '9', '1', '2013-08-12 13:10:05', '1', '2013-08-12 13:10:05', null, '0');
INSERT INTO `gen_table_column` VALUES ('12fa38dd986e41908f7fefa5839d1220', '6e05c389f3c6415ea34e55e9dfb28934', 'create_by', '创建者', 'varchar2(64)', 'com.thinkgem.jeesite.modules.modules.sys.entity.User', 'createBy.id', '0', '0', '1', '0', '0', '0', '=', 'input', null, null, '4', '1', '2013-08-12 13:10:05', '1', '2013-08-12 13:10:05', null, '0');
INSERT INTO `gen_table_column` VALUES ('195ee9241f954d008fe01625f4adbfef', 'f6e4dafaa72f4c509636484715f33a96', 'create_by', '创建者', 'varchar2(64)', 'com.thinkgem.jeesite.modules.modules.sys.entity.User', 'createBy.id', '0', '0', '1', '0', '0', '0', '=', 'input', null, null, '6', '1', '2013-08-12 13:10:05', '1', '2013-08-12 13:10:05', null, '0');
INSERT INTO `gen_table_column` VALUES ('19c6478b8ff54c60910c2e4fc3d27503', '43d6d5acffa14c258340ce6765e46c6f', 'id', '编号', 'varchar2(64)', 'String', 'id', '1', '0', '1', '0', '0', '0', '=', 'input', null, null, '1', '1', '2013-08-12 13:10:05', '1', '2013-08-12 13:10:05', null, '0');
INSERT INTO `gen_table_column` VALUES ('1ac6562f753d4e599693840651ab2bf7', '43d6d5acffa14c258340ce6765e46c6f', 'in_date', '加入日期', 'date(7)', 'java.util.Date', 'inDate', '0', '1', '1', '1', '0', '0', '=', 'dateselect', null, null, '7', '1', '2013-08-12 13:10:05', '1', '2013-08-12 13:10:05', null, '0');
INSERT INTO `gen_table_column` VALUES ('1b8eb55f65284fa6b0a5879b6d8ad3ec', 'aef6f1fc948f4c9ab1c1b780bc471cc2', 'in_date', '加入日期', 'date(7)', 'java.util.Date', 'inDate', '0', '1', '1', '1', '0', '1', 'between', 'dateselect', null, null, '7', '1', '2013-08-12 13:10:05', '1', '2013-08-12 13:10:05', null, '0');
INSERT INTO `gen_table_column` VALUES ('1d5ca4d114be41e99f8dc42a682ba609', 'aef6f1fc948f4c9ab1c1b780bc471cc2', 'user_id', '归属用户', 'varchar2(64)', 'com.thinkgem.jeesite.modules.modules.sys.entity.User', 'user.id|name', '0', '1', '1', '1', '1', '1', '=', 'userselect', null, null, '2', '1', '2013-08-12 13:10:05', '1', '2013-08-12 13:10:05', null, '0');
INSERT INTO `gen_table_column` VALUES ('21756504ffdc487eb167a823f89c0c06', '43d6d5acffa14c258340ce6765e46c6f', 'update_by', '更新者', 'varchar2(64)', 'com.thinkgem.jeesite.modules.modules.sys.entity.User', 'updateBy.id', '0', '0', '1', '1', '0', '0', '=', 'input', null, null, '10', '1', '2013-08-12 13:10:05', '1', '2013-08-12 13:10:05', null, '0');
INSERT INTO `gen_table_column` VALUES ('24bbdc0a555e4412a106ab1c5f03008e', 'f6e4dafaa72f4c509636484715f33a96', 'parent_ids', '所有父级编号', 'varchar2(2000)', 'String', 'parentIds', '0', '0', '1', '1', '0', '0', 'like', 'input', null, null, '3', '1', '2013-08-12 13:10:05', '1', '2013-08-12 13:10:05', null, '0');
INSERT INTO `gen_table_column` VALUES ('2b061dba79b241faab133748383ad960', '9fc5e55ba3c2427c9da93f02c3f9a3a9', 'method_name', '方法名称', 'varchar(255)', 'String', 'methodName', null, '1', '1', '1', null, null, '=', 'input', '', null, '100', '1', '2016-11-24 18:44:15', '1', '2016-11-24 18:46:35', null, '0');
INSERT INTO `gen_table_column` VALUES ('33152ce420904594b3eac796a27f0560', '6e05c389f3c6415ea34e55e9dfb28934', 'id', '编号', 'varchar2(64)', 'String', 'id', '1', '0', '1', '0', '0', '0', '=', 'input', null, null, '1', '1', '2013-08-12 13:10:05', '1', '2013-08-12 13:10:05', null, '0');
INSERT INTO `gen_table_column` VALUES ('350cdb44f9e64233af935790e53873f3', '9fc5e55ba3c2427c9da93f02c3f9a3a9', 'create_by', '创建者', 'varchar(64)', 'com.thinkgem.jeesite.modules.sys.entity.User', 'createBy.id', null, null, '1', null, null, null, '=', 'input', '', null, '110', '1', '2016-11-24 18:44:15', '1', '2016-11-24 18:46:35', null, '0');
INSERT INTO `gen_table_column` VALUES ('35af241859624a01917ab64c3f4f0813', 'aef6f1fc948f4c9ab1c1b780bc471cc2', 'del_flag', '删除标记（0：正常；1：删除）', 'char(1)', 'String', 'delFlag', '0', '0', '1', '0', '0', '0', '=', 'radiobox', 'del_flag', null, '13', '1', '2013-08-12 13:10:05', '1', '2013-08-12 13:10:05', null, '0');
INSERT INTO `gen_table_column` VALUES ('398b4a03f06940bfb979ca574e1911e3', 'aef6f1fc948f4c9ab1c1b780bc471cc2', 'create_by', '创建者', 'varchar2(64)', 'com.thinkgem.jeesite.modules.modules.sys.entity.User', 'createBy.id', '0', '0', '1', '0', '0', '0', '=', 'input', null, null, '8', '1', '2013-08-12 13:10:05', '1', '2013-08-12 13:10:05', null, '0');
INSERT INTO `gen_table_column` VALUES ('3a7cf23ae48a4c849ceb03feffc7a524', '43d6d5acffa14c258340ce6765e46c6f', 'area_id', '归属区域', 'nvarchar2(64)', 'com.thinkgem.jeesite.modules.modules.sys.entity.Area', 'area.id|name', '0', '1', '1', '1', '0', '0', '=', 'areaselect', null, null, '4', '1', '2013-08-12 13:10:05', '1', '2013-08-12 13:10:05', null, '0');
INSERT INTO `gen_table_column` VALUES ('3d9c32865bb44e85af73381df0ffbf3d', '43d6d5acffa14c258340ce6765e46c6f', 'update_date', '更新时间', 'timestamp(6)', 'java.util.Date', 'updateDate', '0', '0', '1', '1', '1', '0', '=', 'dateselect', null, null, '11', '1', '2013-08-12 13:10:05', '1', '2013-08-12 13:10:05', null, '0');
INSERT INTO `gen_table_column` VALUES ('416c76d2019b4f76a96d8dc3a8faf84c', 'f6e4dafaa72f4c509636484715f33a96', 'update_date', '更新时间', 'timestamp(6)', 'java.util.Date', 'updateDate', '0', '0', '1', '1', '1', '0', '=', 'dateselect', null, null, '9', '1', '2013-08-12 13:10:05', '1', '2013-08-12 13:10:05', null, '0');
INSERT INTO `gen_table_column` VALUES ('46e6d8283270493687085d29efdecb05', 'f6e4dafaa72f4c509636484715f33a96', 'del_flag', '删除标记（0：正常；1：删除）', 'char(1)', 'String', 'delFlag', '0', '0', '1', '0', '0', '0', '=', 'radiobox', 'del_flag', null, '11', '1', '2013-08-12 13:10:05', '1', '2013-08-12 13:10:05', null, '0');
INSERT INTO `gen_table_column` VALUES ('4a0a1fff86ca46519477d66b82e01991', 'aef6f1fc948f4c9ab1c1b780bc471cc2', 'name', '名称', 'nvarchar2(100)', 'String', 'name', '0', '1', '1', '1', '1', '1', 'like', 'input', null, null, '5', '1', '2013-08-12 13:10:05', '1', '2013-08-12 13:10:05', null, '0');
INSERT INTO `gen_table_column` VALUES ('4c8ef12cb6924b9ba44048ba9913150b', '43d6d5acffa14c258340ce6765e46c6f', 'create_date', '创建时间', 'timestamp(6)', 'java.util.Date', 'createDate', '0', '0', '1', '0', '0', '0', '=', 'dateselect', null, null, '9', '1', '2013-08-12 13:10:05', '1', '2013-08-12 13:10:05', null, '0');
INSERT INTO `gen_table_column` VALUES ('4cc8c03756af4563a383bc743511dc10', '9fc5e55ba3c2427c9da93f02c3f9a3a9', 'update_by', '更新者', 'varchar(64)', 'com.thinkgem.jeesite.modules.sys.entity.User', 'updateBy.id', null, null, '1', '1', null, null, '=', 'input', '', null, '130', '1', '2016-11-24 18:44:15', '1', '2016-11-24 18:46:35', null, '0');
INSERT INTO `gen_table_column` VALUES ('5310cf946ffb451b988d8344dc9bfe74', '9fc5e55ba3c2427c9da93f02c3f9a3a9', 'create_date', '创建时间', 'datetime', 'java.util.Date', 'createDate', null, null, '1', null, null, null, '=', 'dateselect', '', null, '120', '1', '2016-11-24 18:44:15', '1', '2016-11-24 18:46:35', null, '0');
INSERT INTO `gen_table_column` VALUES ('53d65a3d306d4fac9e561db9d3c66912', '6e05c389f3c6415ea34e55e9dfb28934', 'del_flag', '删除标记（0：正常；1：删除）', 'char(1)', 'String', 'delFlag', '0', '0', '1', '0', '0', '0', '=', 'radiobox', 'del_flag', null, '9', '1', '2013-08-12 13:10:05', '1', '2013-08-12 13:10:05', null, '0');
INSERT INTO `gen_table_column` VALUES ('56fa71c0bd7e4132931874e548dc9ba5', '6e05c389f3c6415ea34e55e9dfb28934', 'update_by', '更新者', 'varchar2(64)', 'com.thinkgem.jeesite.modules.modules.sys.entity.User', 'updateBy.id', '0', '0', '1', '1', '0', '0', '=', 'input', null, null, '6', '1', '2013-08-12 13:10:05', '1', '2013-08-12 13:10:05', null, '0');
INSERT INTO `gen_table_column` VALUES ('5a4a1933c9c844fdba99de043dc8205e', 'aef6f1fc948f4c9ab1c1b780bc471cc2', 'update_by', '更新者', 'varchar2(64)', 'com.thinkgem.jeesite.modules.modules.sys.entity.User', 'updateBy.id', '0', '0', '1', '1', '0', '0', '=', 'input', null, null, '10', '1', '2013-08-12 13:10:05', '1', '2013-08-12 13:10:05', null, '0');
INSERT INTO `gen_table_column` VALUES ('5e5c69bd3eaa4dcc9743f361f3771c08', 'aef6f1fc948f4c9ab1c1b780bc471cc2', 'id', '编号', 'varchar2(64)', 'String', 'id', '1', '0', '1', '0', '0', '0', '=', 'input', null, null, '1', '1', '2013-08-12 13:10:05', '1', '2013-08-12 13:10:05', null, '0');
INSERT INTO `gen_table_column` VALUES ('633f5a49ec974c099158e7b3e6bfa930', 'f6e4dafaa72f4c509636484715f33a96', 'name', '名称', 'nvarchar2(100)', 'String', 'name', '0', '0', '1', '1', '1', '1', 'like', 'input', null, null, '4', '1', '2013-08-12 13:10:05', '1', '2013-08-12 13:10:05', null, '0');
INSERT INTO `gen_table_column` VALUES ('652491500f2641ffa7caf95a93e64d34', '6e05c389f3c6415ea34e55e9dfb28934', 'update_date', '更新时间', 'timestamp(6)', 'java.util.Date', 'updateDate', '0', '0', '1', '1', '1', '0', '=', 'dateselect', null, null, '7', '1', '2013-08-12 13:10:05', '1', '2013-08-12 13:10:05', null, '0');
INSERT INTO `gen_table_column` VALUES ('6763ff6dc7cd4c668e76cf9b697d3ff6', 'f6e4dafaa72f4c509636484715f33a96', 'sort', '排序', 'number(10)', 'Integer', 'sort', '0', '0', '1', '1', '1', '0', '=', 'input', null, null, '5', '1', '2013-08-12 13:10:05', '1', '2013-08-12 13:10:05', null, '0');
INSERT INTO `gen_table_column` VALUES ('67d0331f809a48ee825602659f0778e8', '43d6d5acffa14c258340ce6765e46c6f', 'name', '名称', 'nvarchar2(100)', 'String', 'name', '0', '1', '1', '1', '1', '1', 'like', 'input', null, null, '5', '1', '2013-08-12 13:10:05', '1', '2013-08-12 13:10:05', null, '0');
INSERT INTO `gen_table_column` VALUES ('68345713bef3445c906f70e68f55de38', '6e05c389f3c6415ea34e55e9dfb28934', 'test_data_main_id', '业务主表', 'varchar2(64)', 'String', 'testDataMain.id', '0', '1', '1', '1', '0', '0', '=', 'input', null, null, '2', '1', '2013-08-12 13:10:05', '1', '2013-08-12 13:10:05', null, '0');
INSERT INTO `gen_table_column` VALUES ('71ea4bc10d274911b405f3165fc1bb1a', 'aef6f1fc948f4c9ab1c1b780bc471cc2', 'area_id', '归属区域', 'nvarchar2(64)', 'com.thinkgem.jeesite.modules.modules.sys.entity.Area', 'area.id|name', '0', '1', '1', '1', '1', '1', '=', 'areaselect', null, null, '4', '1', '2013-08-12 13:10:05', '1', '2013-08-12 13:10:05', null, '0');
INSERT INTO `gen_table_column` VALUES ('77cd089aa0c84a2cb5ff894893d10c37', '9fc5e55ba3c2427c9da93f02c3f9a3a9', 'update_date', '更新时间', 'datetime', 'java.util.Date', 'updateDate', null, null, '1', '1', '1', null, '=', 'dateselect', '', null, '140', '1', '2016-11-24 18:44:15', '1', '2016-11-24 18:46:35', null, '0');
INSERT INTO `gen_table_column` VALUES ('7f871058d94c4d9a89084be7c9ce806d', '6e05c389f3c6415ea34e55e9dfb28934', 'remarks', '备注信息', 'nvarchar2(255)', 'String', 'remarks', '0', '1', '1', '1', '1', '0', '=', 'input', null, null, '8', '1', '2013-08-12 13:10:05', '1', '2013-08-12 13:10:05', null, '0');
INSERT INTO `gen_table_column` VALUES ('898342be7f65424dbd76d9252c3e773a', '9fc5e55ba3c2427c9da93f02c3f9a3a9', 'is_concurrent', '是否同步', 'varchar(255)', 'String', 'isConcurrent', null, '1', '1', '1', '1', null, '=', 'select', 'yes_no', null, '80', '1', '2016-11-24 18:44:14', '1', '2016-11-24 18:46:35', null, '0');
INSERT INTO `gen_table_column` VALUES ('8b48774cfe184913b8b5eb17639cf12d', '43d6d5acffa14c258340ce6765e46c6f', 'create_by', '创建者', 'varchar2(64)', 'com.thinkgem.jeesite.modules.modules.sys.entity.User', 'createBy.id', '0', '0', '1', '0', '0', '0', '=', 'input', null, null, '8', '1', '2013-08-12 13:10:05', '1', '2013-08-12 13:10:05', null, '0');
INSERT INTO `gen_table_column` VALUES ('8b7cf0525519474ebe1de9e587eb7067', '6e05c389f3c6415ea34e55e9dfb28934', 'create_date', '创建时间', 'timestamp(6)', 'java.util.Date', 'createDate', '0', '0', '1', '0', '0', '0', '=', 'dateselect', null, null, '5', '1', '2013-08-12 13:10:05', '1', '2013-08-12 13:10:05', null, '0');
INSERT INTO `gen_table_column` VALUES ('8b9de88df53e485d8ef461c4b1824bc1', '43d6d5acffa14c258340ce6765e46c6f', 'user_id', '归属用户', 'varchar2(64)', 'com.thinkgem.jeesite.modules.modules.sys.entity.User', 'user.id|name', '0', '1', '1', '1', '1', '1', '=', 'userselect', null, null, '2', '1', '2013-08-12 13:10:05', '1', '2013-08-12 13:10:05', null, '0');
INSERT INTO `gen_table_column` VALUES ('8da38dbe5fe54e9bb1f9682c27fbf403', 'aef6f1fc948f4c9ab1c1b780bc471cc2', 'remarks', '备注信息', 'nvarchar2(255)', 'String', 'remarks', '0', '1', '1', '1', '1', '0', '=', 'textarea', null, null, '12', '1', '2013-08-12 13:10:05', '1', '2013-08-12 13:10:05', null, '0');
INSERT INTO `gen_table_column` VALUES ('8fb85b448499497389f317354a14fcf8', '9fc5e55ba3c2427c9da93f02c3f9a3a9', 'cron_expression', 'cron表达式', 'varchar(255)', 'String', 'cronExpression', null, '1', '1', '1', '1', null, '=', 'input', '', null, '50', '1', '2016-11-24 18:44:14', '1', '2016-11-24 18:46:34', null, '0');
INSERT INTO `gen_table_column` VALUES ('92481c16a0b94b0e8bba16c3c54eb1e4', 'f6e4dafaa72f4c509636484715f33a96', 'create_date', '创建时间', 'timestamp(6)', 'java.util.Date', 'createDate', '0', '0', '1', '0', '0', '0', '=', 'dateselect', null, null, '7', '1', '2013-08-12 13:10:05', '1', '2013-08-12 13:10:05', null, '0');
INSERT INTO `gen_table_column` VALUES ('9a012c1d2f934dbf996679adb7cc827a', 'f6e4dafaa72f4c509636484715f33a96', 'parent_id', '父级编号', 'varchar2(64)', 'This', 'parent.id|name', '0', '0', '1', '1', '0', '0', '=', 'treeselect', null, null, '2', '1', '2013-08-12 13:10:05', '1', '2013-08-12 13:10:05', null, '0');
INSERT INTO `gen_table_column` VALUES ('a55c21a290584f8e85c4139a1dc35c4b', '9fc5e55ba3c2427c9da93f02c3f9a3a9', 'remarks', '备注信息', 'varchar(255)', 'String', 'remarks', null, '1', '1', '1', '1', null, '=', 'textarea', '', null, '150', '1', '2016-11-24 18:44:15', '1', '2016-11-24 18:46:35', null, '0');
INSERT INTO `gen_table_column` VALUES ('a5c00a768b314474a82ed2f26a64b091', '9fc5e55ba3c2427c9da93f02c3f9a3a9', 'id', '编号', 'varchar(64)', 'String', 'id', '1', null, '1', null, null, null, '=', 'input', '', null, '10', '1', '2016-11-24 18:44:14', '1', '2016-11-24 18:46:34', null, '0');
INSERT INTO `gen_table_column` VALUES ('ad3bf0d4b44b4528a5211a66af88f322', 'aef6f1fc948f4c9ab1c1b780bc471cc2', 'office_id', '归属部门', 'varchar2(64)', 'com.thinkgem.jeesite.modules.modules.sys.entity.Office', 'office.id|name', '0', '1', '1', '1', '1', '1', '=', 'officeselect', null, null, '3', '1', '2013-08-12 13:10:05', '1', '2013-08-12 13:10:05', null, '0');
INSERT INTO `gen_table_column` VALUES ('af7c2149e4c2427080aafe506dc86ee4', '9fc5e55ba3c2427c9da93f02c3f9a3a9', 'description', '描述', 'varchar(255)', 'String', 'description', null, '1', '1', '1', '1', null, '=', 'input', '', null, '60', '1', '2016-11-24 18:44:14', '1', '2016-11-24 18:46:34', null, '0');
INSERT INTO `gen_table_column` VALUES ('bb1256a8d1b741f6936d8fed06f45eed', 'f6e4dafaa72f4c509636484715f33a96', 'update_by', '更新者', 'varchar2(64)', 'com.thinkgem.jeesite.modules.modules.sys.entity.User', 'updateBy.id', '0', '0', '1', '1', '0', '0', '=', 'input', null, null, '8', '1', '2013-08-12 13:10:05', '1', '2013-08-12 13:10:05', null, '0');
INSERT INTO `gen_table_column` VALUES ('bb6648e66677477aa47dcd22f2a310b7', '9fc5e55ba3c2427c9da93f02c3f9a3a9', 'del_flag', '删除标记', 'char(1)', 'String', 'delFlag', null, null, '1', null, null, null, '=', 'radiobox', 'del_flag', null, '160', '1', '2016-11-24 18:44:15', '1', '2016-11-24 18:46:35', null, '0');
INSERT INTO `gen_table_column` VALUES ('c27f22a1510a4d8ea6805bfe680b76c6', '9fc5e55ba3c2427c9da93f02c3f9a3a9', 'job_name', '任务名称', 'varchar(255)', 'String', 'jobName', null, '1', '1', '1', '1', '1', 'like', 'input', '', null, '20', '1', '2016-11-24 18:44:14', '1', '2016-11-24 18:46:34', null, '0');
INSERT INTO `gen_table_column` VALUES ('ca68a2d403f0449cbaa1d54198c6f350', '43d6d5acffa14c258340ce6765e46c6f', 'office_id', '归属部门', 'varchar2(64)', 'com.thinkgem.jeesite.modules.modules.sys.entity.Office', 'office.id|name', '0', '1', '1', '1', '0', '0', '=', 'officeselect', null, null, '3', '1', '2013-08-12 13:10:05', '1', '2013-08-12 13:10:05', null, '0');
INSERT INTO `gen_table_column` VALUES ('cb9c0ec3da26432d9cbac05ede0fd1d0', '43d6d5acffa14c258340ce6765e46c6f', 'remarks', '备注信息', 'nvarchar2(255)', 'String', 'remarks', '0', '1', '1', '1', '1', '0', '=', 'textarea', null, null, '12', '1', '2013-08-12 13:10:05', '1', '2013-08-12 13:10:05', null, '0');
INSERT INTO `gen_table_column` VALUES ('cfcfa06ea61749c9b4c4dbc507e0e580', 'f6e4dafaa72f4c509636484715f33a96', 'id', '编号', 'varchar2(64)', 'String', 'id', '1', '0', '1', '0', '0', '0', '=', 'input', null, null, '1', '1', '2013-08-12 13:10:05', '1', '2013-08-12 13:10:05', null, '0');
INSERT INTO `gen_table_column` VALUES ('d5c2d932ae904aa8a9f9ef34cd36fb0b', '43d6d5acffa14c258340ce6765e46c6f', 'sex', '性别', 'char(1)', 'String', 'sex', '0', '1', '1', '1', '0', '1', '=', 'select', 'sex', null, '6', '1', '2013-08-12 13:10:05', '1', '2013-08-12 13:10:05', null, '0');
INSERT INTO `gen_table_column` VALUES ('e64050a2ebf041faa16f12dda5dcf784', '6e05c389f3c6415ea34e55e9dfb28934', 'name', '名称', 'nvarchar2(100)', 'String', 'name', '0', '1', '1', '1', '1', '1', 'like', 'input', null, null, '3', '1', '2013-08-12 13:10:05', '1', '2013-08-12 13:10:05', null, '0');
INSERT INTO `gen_table_column` VALUES ('e81ead2edb544a8dbce87d01e8bb7557', '9fc5e55ba3c2427c9da93f02c3f9a3a9', 'job_group', '任务分组', 'varchar(255)', 'String', 'jobGroup', null, '1', '1', '1', '1', null, '=', 'input', '', null, '30', '1', '2016-11-24 18:44:14', '1', '2016-11-24 18:46:34', null, '0');
INSERT INTO `gen_table_column` VALUES ('e8d11127952d4aa288bb3901fc83127f', '43d6d5acffa14c258340ce6765e46c6f', 'del_flag', '删除标记（0：正常；1：删除）', 'char(1)', 'String', 'delFlag', '0', '0', '1', '0', '0', '0', '=', 'radiobox', 'del_flag', null, '13', '1', '2013-08-12 13:10:05', '1', '2013-08-12 13:10:05', null, '0');
INSERT INTO `gen_table_column` VALUES ('eb2e5afd13f147a990d30e68e7f64e12', 'aef6f1fc948f4c9ab1c1b780bc471cc2', 'update_date', '更新时间', 'timestamp(6)', 'java.util.Date', 'updateDate', '0', '0', '1', '1', '1', '0', '=', 'dateselect', null, null, '11', '1', '2013-08-12 13:10:05', '1', '2013-08-12 13:10:05', null, '0');
INSERT INTO `gen_table_column` VALUES ('f5ed8c82bad0413fbfcccefa95931358', 'f6e4dafaa72f4c509636484715f33a96', 'remarks', '备注信息', 'nvarchar2(255)', 'String', 'remarks', '0', '1', '1', '1', '1', '0', '=', 'textarea', null, null, '10', '1', '2013-08-12 13:10:05', '1', '2013-08-12 13:10:05', null, '0');

-- ----------------------------
-- Table structure for gen_template
-- ----------------------------
DROP TABLE IF EXISTS `gen_template`;
CREATE TABLE `gen_template` (
  `id` varchar(64) COLLATE utf8_bin NOT NULL COMMENT '编号',
  `name` varchar(200) COLLATE utf8_bin DEFAULT NULL COMMENT '名称',
  `category` varchar(2000) COLLATE utf8_bin DEFAULT NULL COMMENT '分类',
  `file_path` varchar(500) COLLATE utf8_bin DEFAULT NULL COMMENT '生成文件路径',
  `file_name` varchar(200) COLLATE utf8_bin DEFAULT NULL COMMENT '生成文件名',
  `content` text COLLATE utf8_bin COMMENT '内容',
  `create_by` varchar(64) COLLATE utf8_bin DEFAULT NULL COMMENT '创建者',
  `create_date` datetime DEFAULT NULL COMMENT '创建时间',
  `update_by` varchar(64) COLLATE utf8_bin DEFAULT NULL COMMENT '更新者',
  `update_date` datetime DEFAULT NULL COMMENT '更新时间',
  `remarks` varchar(255) COLLATE utf8_bin DEFAULT NULL COMMENT '备注信息',
  `del_flag` char(1) COLLATE utf8_bin NOT NULL DEFAULT '0' COMMENT '删除标记（0：正常；1：删除）',
  PRIMARY KEY (`id`),
  KEY `gen_template_del_falg` (`del_flag`)
) ENGINE=InnoDB DEFAULT CHARSET=utf8 COLLATE=utf8_bin COMMENT='代码模板表';

-- ----------------------------
-- Records of gen_template
-- ----------------------------

-- ----------------------------
-- Table structure for oa_leave
-- ----------------------------
DROP TABLE IF EXISTS `oa_leave`;
CREATE TABLE `oa_leave` (
  `id` varchar(64) COLLATE utf8_bin NOT NULL COMMENT '编号',
  `process_instance_id` varchar(64) COLLATE utf8_bin DEFAULT NULL COMMENT '流程实例编号',
  `start_time` datetime DEFAULT NULL COMMENT '开始时间',
  `end_time` datetime DEFAULT NULL COMMENT '结束时间',
  `leave_type` varchar(20) COLLATE utf8_bin DEFAULT NULL COMMENT '请假类型',
  `reason` varchar(255) COLLATE utf8_bin DEFAULT NULL COMMENT '请假理由',
  `apply_time` datetime DEFAULT NULL COMMENT '申请时间',
  `reality_start_time` datetime DEFAULT NULL COMMENT '实际开始时间',
  `reality_end_time` datetime DEFAULT NULL COMMENT '实际结束时间',
  `create_by` varchar(64) COLLATE utf8_bin NOT NULL COMMENT '创建者',
  `create_date` datetime NOT NULL COMMENT '创建时间',
  `update_by` varchar(64) COLLATE utf8_bin NOT NULL COMMENT '更新者',
  `update_date` datetime NOT NULL COMMENT '更新时间',
  `remarks` varchar(255) COLLATE utf8_bin DEFAULT NULL COMMENT '备注信息',
  `del_flag` char(1) COLLATE utf8_bin NOT NULL DEFAULT '0' COMMENT '删除标记',
  PRIMARY KEY (`id`),
  KEY `oa_leave_create_by` (`create_by`),
  KEY `oa_leave_process_instance_id` (`process_instance_id`),
  KEY `oa_leave_del_flag` (`del_flag`)
) ENGINE=InnoDB DEFAULT CHARSET=utf8 COLLATE=utf8_bin COMMENT='请假流程表';

-- ----------------------------
-- Records of oa_leave
-- ----------------------------
INSERT INTO `oa_leave` VALUES ('9543b50bf5c24a08aaff5b5bf90e8ada', 'e75cfe03009b4a38a1f4366c48ae5ef9', '2017-03-09 13:30:46', '2017-03-31 13:30:48', '1', '1', '2017-03-09 13:30:55', null, null, '1', '2017-03-09 13:30:55', '1', '2017-03-09 13:30:55', null, '0');

-- ----------------------------
-- Table structure for oa_notify
-- ----------------------------
DROP TABLE IF EXISTS `oa_notify`;
CREATE TABLE `oa_notify` (
  `id` varchar(64) COLLATE utf8_bin NOT NULL COMMENT '编号',
  `type` char(1) COLLATE utf8_bin DEFAULT NULL COMMENT '类型',
  `title` varchar(200) COLLATE utf8_bin DEFAULT NULL COMMENT '标题',
  `content` varchar(2000) COLLATE utf8_bin DEFAULT NULL COMMENT '内容',
  `files` varchar(2000) COLLATE utf8_bin DEFAULT NULL COMMENT '附件',
  `status` char(1) COLLATE utf8_bin DEFAULT NULL COMMENT '状态',
  `create_by` varchar(64) COLLATE utf8_bin NOT NULL COMMENT '创建者',
  `create_date` datetime NOT NULL COMMENT '创建时间',
  `update_by` varchar(64) COLLATE utf8_bin NOT NULL COMMENT '更新者',
  `update_date` datetime NOT NULL COMMENT '更新时间',
  `remarks` varchar(255) COLLATE utf8_bin DEFAULT NULL COMMENT '备注信息',
  `del_flag` char(1) COLLATE utf8_bin NOT NULL DEFAULT '0' COMMENT '删除标记',
  PRIMARY KEY (`id`),
  KEY `oa_notify_del_flag` (`del_flag`)
) ENGINE=InnoDB DEFAULT CHARSET=utf8 COLLATE=utf8_bin COMMENT='通知通告';

-- ----------------------------
-- Records of oa_notify
-- ----------------------------

-- ----------------------------
-- Table structure for oa_notify_record
-- ----------------------------
DROP TABLE IF EXISTS `oa_notify_record`;
CREATE TABLE `oa_notify_record` (
  `id` varchar(64) COLLATE utf8_bin NOT NULL COMMENT '编号',
  `oa_notify_id` varchar(64) COLLATE utf8_bin DEFAULT NULL COMMENT '通知通告ID',
  `user_id` varchar(64) COLLATE utf8_bin DEFAULT NULL COMMENT '接受人',
  `read_flag` char(1) COLLATE utf8_bin DEFAULT '0' COMMENT '阅读标记',
  `read_date` date DEFAULT NULL COMMENT '阅读时间',
  PRIMARY KEY (`id`),
  KEY `oa_notify_record_notify_id` (`oa_notify_id`),
  KEY `oa_notify_record_user_id` (`user_id`),
  KEY `oa_notify_record_read_flag` (`read_flag`)
) ENGINE=InnoDB DEFAULT CHARSET=utf8 COLLATE=utf8_bin COMMENT='通知通告发送记录';

-- ----------------------------
-- Records of oa_notify_record
-- ----------------------------

-- ----------------------------
-- Table structure for oa_test_audit
-- ----------------------------
DROP TABLE IF EXISTS `oa_test_audit`;
CREATE TABLE `oa_test_audit` (
  `id` varchar(64) COLLATE utf8_bin NOT NULL COMMENT '编号',
  `PROC_INS_ID` varchar(64) COLLATE utf8_bin DEFAULT NULL COMMENT '流程实例ID',
  `USER_ID` varchar(64) COLLATE utf8_bin DEFAULT NULL COMMENT '变动用户',
  `OFFICE_ID` varchar(64) COLLATE utf8_bin DEFAULT NULL COMMENT '归属部门',
  `POST` varchar(255) COLLATE utf8_bin DEFAULT NULL COMMENT '岗位',
  `AGE` char(1) COLLATE utf8_bin DEFAULT NULL COMMENT '性别',
  `EDU` varchar(255) COLLATE utf8_bin DEFAULT NULL COMMENT '学历',
  `CONTENT` varchar(255) COLLATE utf8_bin DEFAULT NULL COMMENT '调整原因',
  `OLDA` varchar(255) COLLATE utf8_bin DEFAULT NULL COMMENT '现行标准 薪酬档级',
  `OLDB` varchar(255) COLLATE utf8_bin DEFAULT NULL COMMENT '现行标准 月工资额',
  `OLDC` varchar(255) COLLATE utf8_bin DEFAULT NULL COMMENT '现行标准 年薪总额',
  `NEWA` varchar(255) COLLATE utf8_bin DEFAULT NULL COMMENT '调整后标准 薪酬档级',
  `NEWB` varchar(255) COLLATE utf8_bin DEFAULT NULL COMMENT '调整后标准 月工资额',
  `NEWC` varchar(255) COLLATE utf8_bin DEFAULT NULL COMMENT '调整后标准 年薪总额',
  `ADD_NUM` varchar(255) COLLATE utf8_bin DEFAULT NULL COMMENT '月增资',
  `EXE_DATE` varchar(255) COLLATE utf8_bin DEFAULT NULL COMMENT '执行时间',
  `HR_TEXT` varchar(255) COLLATE utf8_bin DEFAULT NULL COMMENT '人力资源部门意见',
  `LEAD_TEXT` varchar(255) COLLATE utf8_bin DEFAULT NULL COMMENT '分管领导意见',
  `MAIN_LEAD_TEXT` varchar(255) COLLATE utf8_bin DEFAULT NULL COMMENT '集团主要领导意见',
  `create_by` varchar(64) COLLATE utf8_bin NOT NULL COMMENT '创建者',
  `create_date` datetime NOT NULL COMMENT '创建时间',
  `update_by` varchar(64) COLLATE utf8_bin NOT NULL COMMENT '更新者',
  `update_date` datetime NOT NULL COMMENT '更新时间',
  `remarks` varchar(255) COLLATE utf8_bin DEFAULT NULL COMMENT '备注信息',
  `del_flag` char(1) COLLATE utf8_bin NOT NULL DEFAULT '0' COMMENT '删除标记',
  PRIMARY KEY (`id`),
  KEY `OA_TEST_AUDIT_del_flag` (`del_flag`)
) ENGINE=InnoDB DEFAULT CHARSET=utf8 COLLATE=utf8_bin COMMENT='审批流程测试表';

-- ----------------------------
-- Records of oa_test_audit
-- ----------------------------
INSERT INTO `oa_test_audit` VALUES ('ebb966855e734d6b81871a61cfb139a7', 'f722cea019b8439da4fec7b97f8db977', '4', '6', '', null, null, '1', '1111111111', '111111111', '', '1', '11111', '111111', '1', '11111', '[同意] 2222222222', null, null, '1', '2016-11-25 13:46:43', '1', '2016-11-25 13:47:38', null, '0');

-- ----------------------------
-- Table structure for qrtz_blob_triggers
-- ----------------------------
DROP TABLE IF EXISTS `qrtz_blob_triggers`;
CREATE TABLE `qrtz_blob_triggers` (
  `SCHED_NAME` varchar(120) NOT NULL,
  `TRIGGER_NAME` varchar(200) NOT NULL,
  `TRIGGER_GROUP` varchar(200) NOT NULL,
  `BLOB_DATA` blob,
  PRIMARY KEY (`SCHED_NAME`,`TRIGGER_NAME`,`TRIGGER_GROUP`),
  CONSTRAINT `qrtz_blob_triggers_ibfk_1` FOREIGN KEY (`SCHED_NAME`, `TRIGGER_NAME`, `TRIGGER_GROUP`) REFERENCES `qrtz_triggers` (`SCHED_NAME`, `TRIGGER_NAME`, `TRIGGER_GROUP`)
) ENGINE=InnoDB DEFAULT CHARSET=utf8;

-- ----------------------------
-- Records of qrtz_blob_triggers
-- ----------------------------

-- ----------------------------
-- Table structure for qrtz_calendars
-- ----------------------------
DROP TABLE IF EXISTS `qrtz_calendars`;
CREATE TABLE `qrtz_calendars` (
  `SCHED_NAME` varchar(120) NOT NULL,
  `CALENDAR_NAME` varchar(200) NOT NULL,
  `CALENDAR` blob NOT NULL,
  PRIMARY KEY (`SCHED_NAME`,`CALENDAR_NAME`)
) ENGINE=InnoDB DEFAULT CHARSET=utf8;

-- ----------------------------
-- Records of qrtz_calendars
-- ----------------------------

-- ----------------------------
-- Table structure for qrtz_cron_triggers
-- ----------------------------
DROP TABLE IF EXISTS `qrtz_cron_triggers`;
CREATE TABLE `qrtz_cron_triggers` (
  `SCHED_NAME` varchar(120) NOT NULL,
  `TRIGGER_NAME` varchar(200) NOT NULL,
  `TRIGGER_GROUP` varchar(200) NOT NULL,
  `CRON_EXPRESSION` varchar(200) NOT NULL,
  `TIME_ZONE_ID` varchar(80) DEFAULT NULL,
  PRIMARY KEY (`SCHED_NAME`,`TRIGGER_NAME`,`TRIGGER_GROUP`),
  CONSTRAINT `qrtz_cron_triggers_ibfk_1` FOREIGN KEY (`SCHED_NAME`, `TRIGGER_NAME`, `TRIGGER_GROUP`) REFERENCES `qrtz_triggers` (`SCHED_NAME`, `TRIGGER_NAME`, `TRIGGER_GROUP`)
) ENGINE=InnoDB DEFAULT CHARSET=utf8;

-- ----------------------------
-- Records of qrtz_cron_triggers
-- ----------------------------

-- ----------------------------
-- Table structure for qrtz_fired_triggers
-- ----------------------------
DROP TABLE IF EXISTS `qrtz_fired_triggers`;
CREATE TABLE `qrtz_fired_triggers` (
  `SCHED_NAME` varchar(120) NOT NULL,
  `ENTRY_ID` varchar(95) NOT NULL,
  `TRIGGER_NAME` varchar(200) NOT NULL,
  `TRIGGER_GROUP` varchar(200) NOT NULL,
  `INSTANCE_NAME` varchar(200) NOT NULL,
  `FIRED_TIME` bigint(13) NOT NULL,
  `SCHED_TIME` bigint(13) NOT NULL,
  `PRIORITY` int(11) NOT NULL,
  `STATE` varchar(16) NOT NULL,
  `JOB_NAME` varchar(200) DEFAULT NULL,
  `JOB_GROUP` varchar(200) DEFAULT NULL,
  `IS_NONCONCURRENT` varchar(1) DEFAULT NULL,
  `REQUESTS_RECOVERY` varchar(1) DEFAULT NULL,
  PRIMARY KEY (`SCHED_NAME`,`ENTRY_ID`)
) ENGINE=InnoDB DEFAULT CHARSET=utf8;

-- ----------------------------
-- Records of qrtz_fired_triggers
-- ----------------------------

-- ----------------------------
-- Table structure for qrtz_job_details
-- ----------------------------
DROP TABLE IF EXISTS `qrtz_job_details`;
CREATE TABLE `qrtz_job_details` (
  `SCHED_NAME` varchar(120) NOT NULL,
  `JOB_NAME` varchar(200) NOT NULL,
  `JOB_GROUP` varchar(200) NOT NULL,
  `DESCRIPTION` varchar(250) DEFAULT NULL,
  `JOB_CLASS_NAME` varchar(250) NOT NULL,
  `IS_DURABLE` varchar(1) NOT NULL,
  `IS_NONCONCURRENT` varchar(1) NOT NULL,
  `IS_UPDATE_DATA` varchar(1) NOT NULL,
  `REQUESTS_RECOVERY` varchar(1) NOT NULL,
  `JOB_DATA` blob,
  PRIMARY KEY (`SCHED_NAME`,`JOB_NAME`,`JOB_GROUP`)
) ENGINE=InnoDB DEFAULT CHARSET=utf8;

-- ----------------------------
-- Records of qrtz_job_details
-- ----------------------------

-- ----------------------------
-- Table structure for qrtz_locks
-- ----------------------------
DROP TABLE IF EXISTS `qrtz_locks`;
CREATE TABLE `qrtz_locks` (
  `SCHED_NAME` varchar(120) NOT NULL,
  `LOCK_NAME` varchar(40) NOT NULL,
  PRIMARY KEY (`SCHED_NAME`,`LOCK_NAME`)
) ENGINE=InnoDB DEFAULT CHARSET=utf8;

-- ----------------------------
-- Records of qrtz_locks
-- ----------------------------
INSERT INTO `qrtz_locks` VALUES ('Scheduler1', 'STATE_ACCESS');
INSERT INTO `qrtz_locks` VALUES ('Scheduler1', 'TRIGGER_ACCESS');

-- ----------------------------
-- Table structure for qrtz_paused_trigger_grps
-- ----------------------------
DROP TABLE IF EXISTS `qrtz_paused_trigger_grps`;
CREATE TABLE `qrtz_paused_trigger_grps` (
  `SCHED_NAME` varchar(120) NOT NULL,
  `TRIGGER_GROUP` varchar(200) NOT NULL,
  PRIMARY KEY (`SCHED_NAME`,`TRIGGER_GROUP`)
) ENGINE=InnoDB DEFAULT CHARSET=utf8;

-- ----------------------------
-- Records of qrtz_paused_trigger_grps
-- ----------------------------

-- ----------------------------
-- Table structure for qrtz_scheduler_state
-- ----------------------------
DROP TABLE IF EXISTS `qrtz_scheduler_state`;
CREATE TABLE `qrtz_scheduler_state` (
  `SCHED_NAME` varchar(120) NOT NULL,
  `INSTANCE_NAME` varchar(200) NOT NULL,
  `LAST_CHECKIN_TIME` bigint(13) NOT NULL,
  `CHECKIN_INTERVAL` bigint(13) NOT NULL,
  PRIMARY KEY (`SCHED_NAME`,`INSTANCE_NAME`)
) ENGINE=InnoDB DEFAULT CHARSET=utf8;

-- ----------------------------
-- Records of qrtz_scheduler_state
-- ----------------------------
INSERT INTO `qrtz_scheduler_state` VALUES ('Scheduler1', 'zql1488017193651', '1488019414353', '20000');

-- ----------------------------
-- Table structure for qrtz_simple_triggers
-- ----------------------------
DROP TABLE IF EXISTS `qrtz_simple_triggers`;
CREATE TABLE `qrtz_simple_triggers` (
  `SCHED_NAME` varchar(120) NOT NULL,
  `TRIGGER_NAME` varchar(200) NOT NULL,
  `TRIGGER_GROUP` varchar(200) NOT NULL,
  `REPEAT_COUNT` bigint(7) NOT NULL,
  `REPEAT_INTERVAL` bigint(12) NOT NULL,
  `TIMES_TRIGGERED` bigint(10) NOT NULL,
  PRIMARY KEY (`SCHED_NAME`,`TRIGGER_NAME`,`TRIGGER_GROUP`),
  CONSTRAINT `qrtz_simple_triggers_ibfk_1` FOREIGN KEY (`SCHED_NAME`, `TRIGGER_NAME`, `TRIGGER_GROUP`) REFERENCES `qrtz_triggers` (`SCHED_NAME`, `TRIGGER_NAME`, `TRIGGER_GROUP`)
) ENGINE=InnoDB DEFAULT CHARSET=utf8;

-- ----------------------------
-- Records of qrtz_simple_triggers
-- ----------------------------

-- ----------------------------
-- Table structure for qrtz_simprop_triggers
-- ----------------------------
DROP TABLE IF EXISTS `qrtz_simprop_triggers`;
CREATE TABLE `qrtz_simprop_triggers` (
  `SCHED_NAME` varchar(120) NOT NULL,
  `TRIGGER_NAME` varchar(200) NOT NULL,
  `TRIGGER_GROUP` varchar(200) NOT NULL,
  `STR_PROP_1` varchar(512) DEFAULT NULL,
  `STR_PROP_2` varchar(512) DEFAULT NULL,
  `STR_PROP_3` varchar(512) DEFAULT NULL,
  `INT_PROP_1` int(11) DEFAULT NULL,
  `INT_PROP_2` int(11) DEFAULT NULL,
  `LONG_PROP_1` bigint(20) DEFAULT NULL,
  `LONG_PROP_2` bigint(20) DEFAULT NULL,
  `DEC_PROP_1` decimal(13,4) DEFAULT NULL,
  `DEC_PROP_2` decimal(13,4) DEFAULT NULL,
  `BOOL_PROP_1` varchar(1) DEFAULT NULL,
  `BOOL_PROP_2` varchar(1) DEFAULT NULL,
  PRIMARY KEY (`SCHED_NAME`,`TRIGGER_NAME`,`TRIGGER_GROUP`),
  CONSTRAINT `qrtz_simprop_triggers_ibfk_1` FOREIGN KEY (`SCHED_NAME`, `TRIGGER_NAME`, `TRIGGER_GROUP`) REFERENCES `qrtz_triggers` (`SCHED_NAME`, `TRIGGER_NAME`, `TRIGGER_GROUP`)
) ENGINE=InnoDB DEFAULT CHARSET=utf8;

-- ----------------------------
-- Records of qrtz_simprop_triggers
-- ----------------------------

-- ----------------------------
-- Table structure for qrtz_triggers
-- ----------------------------
DROP TABLE IF EXISTS `qrtz_triggers`;
CREATE TABLE `qrtz_triggers` (
  `SCHED_NAME` varchar(120) NOT NULL,
  `TRIGGER_NAME` varchar(200) NOT NULL,
  `TRIGGER_GROUP` varchar(200) NOT NULL,
  `JOB_NAME` varchar(200) NOT NULL,
  `JOB_GROUP` varchar(200) NOT NULL,
  `DESCRIPTION` varchar(250) DEFAULT NULL,
  `NEXT_FIRE_TIME` bigint(13) DEFAULT NULL,
  `PREV_FIRE_TIME` bigint(13) DEFAULT NULL,
  `PRIORITY` int(11) DEFAULT NULL,
  `TRIGGER_STATE` varchar(16) NOT NULL,
  `TRIGGER_TYPE` varchar(8) NOT NULL,
  `START_TIME` bigint(13) NOT NULL,
  `END_TIME` bigint(13) DEFAULT NULL,
  `CALENDAR_NAME` varchar(200) DEFAULT NULL,
  `MISFIRE_INSTR` smallint(2) DEFAULT NULL,
  `JOB_DATA` blob,
  PRIMARY KEY (`SCHED_NAME`,`TRIGGER_NAME`,`TRIGGER_GROUP`),
  KEY `SCHED_NAME` (`SCHED_NAME`,`JOB_NAME`,`JOB_GROUP`),
  CONSTRAINT `qrtz_triggers_ibfk_1` FOREIGN KEY (`SCHED_NAME`, `JOB_NAME`, `JOB_GROUP`) REFERENCES `qrtz_job_details` (`SCHED_NAME`, `JOB_NAME`, `JOB_GROUP`)
) ENGINE=InnoDB DEFAULT CHARSET=utf8;

-- ----------------------------
-- Records of qrtz_triggers
-- ----------------------------

-- ----------------------------
-- Table structure for sys_area
-- ----------------------------
DROP TABLE IF EXISTS `sys_area`;
CREATE TABLE `sys_area` (
  `id` varchar(64) COLLATE utf8_bin NOT NULL COMMENT '编号',
  `parent_id` varchar(64) COLLATE utf8_bin NOT NULL COMMENT '父级编号',
  `parent_ids` varchar(2000) COLLATE utf8_bin NOT NULL COMMENT '所有父级编号',
  `name` varchar(100) COLLATE utf8_bin NOT NULL COMMENT '名称',
  `sort` decimal(10,0) NOT NULL COMMENT '排序',
  `code` varchar(100) COLLATE utf8_bin DEFAULT NULL COMMENT '区域编码',
  `type` char(1) COLLATE utf8_bin DEFAULT NULL COMMENT '区域类型',
  `create_by` varchar(64) COLLATE utf8_bin NOT NULL COMMENT '创建者',
  `create_date` datetime NOT NULL COMMENT '创建时间',
  `update_by` varchar(64) COLLATE utf8_bin NOT NULL COMMENT '更新者',
  `update_date` datetime NOT NULL COMMENT '更新时间',
  `remarks` varchar(255) COLLATE utf8_bin DEFAULT NULL COMMENT '备注信息',
  `del_flag` char(1) COLLATE utf8_bin NOT NULL DEFAULT '0' COMMENT '删除标记',
  PRIMARY KEY (`id`),
  KEY `sys_area_parent_id` (`parent_id`),
  KEY `sys_area_del_flag` (`del_flag`)
) ENGINE=InnoDB DEFAULT CHARSET=utf8 COLLATE=utf8_bin COMMENT='区域表';

-- ----------------------------
-- Records of sys_area
-- ----------------------------
INSERT INTO `sys_area` VALUES ('1', '0', '0,', '中国', '10', '100000', '1', '1', '2013-05-27 08:00:00', '1', '2013-05-27 08:00:00', null, '0');
INSERT INTO `sys_area` VALUES ('2', '1', '0,1,', '山东省', '20', '110000', '2', '1', '2013-05-27 08:00:00', '1', '2013-05-27 08:00:00', null, '0');
INSERT INTO `sys_area` VALUES ('3', '2', '0,1,2,', '济南市', '30', '110101', '3', '1', '2013-05-27 08:00:00', '1', '2013-05-27 08:00:00', null, '0');
INSERT INTO `sys_area` VALUES ('4', '3', '0,1,2,3,', '历城区', '40', '110102', '4', '1', '2013-05-27 08:00:00', '1', '2013-05-27 08:00:00', null, '0');
INSERT INTO `sys_area` VALUES ('5', '3', '0,1,2,3,', '历下区', '50', '110104', '4', '1', '2013-05-27 08:00:00', '1', '2013-05-27 08:00:00', null, '0');
INSERT INTO `sys_area` VALUES ('6', '3', '0,1,2,3,', '高新区', '60', '110105', '4', '1', '2013-05-27 08:00:00', '1', '2013-05-27 08:00:00', null, '0');

-- ----------------------------
-- Table structure for sys_dict
-- ----------------------------
DROP TABLE IF EXISTS `sys_dict`;
CREATE TABLE `sys_dict` (
  `id` varchar(64) COLLATE utf8_bin NOT NULL COMMENT '编号',
  `value` varchar(100) COLLATE utf8_bin NOT NULL COMMENT '数据值',
  `label` varchar(100) COLLATE utf8_bin NOT NULL COMMENT '标签名',
  `type` varchar(100) COLLATE utf8_bin NOT NULL COMMENT '类型',
  `description` varchar(100) COLLATE utf8_bin NOT NULL COMMENT '描述',
  `sort` decimal(10,0) NOT NULL COMMENT '排序（升序）',
  `parent_id` varchar(64) COLLATE utf8_bin DEFAULT '0' COMMENT '父级编号',
  `create_by` varchar(64) COLLATE utf8_bin NOT NULL COMMENT '创建者',
  `create_date` datetime NOT NULL COMMENT '创建时间',
  `update_by` varchar(64) COLLATE utf8_bin NOT NULL COMMENT '更新者',
  `update_date` datetime NOT NULL COMMENT '更新时间',
  `remarks` varchar(255) COLLATE utf8_bin DEFAULT NULL COMMENT '备注信息',
  `del_flag` char(1) COLLATE utf8_bin NOT NULL DEFAULT '0' COMMENT '删除标记',
  PRIMARY KEY (`id`),
  KEY `sys_dict_value` (`value`),
  KEY `sys_dict_label` (`label`),
  KEY `sys_dict_del_flag` (`del_flag`)
) ENGINE=InnoDB DEFAULT CHARSET=utf8 COLLATE=utf8_bin COMMENT='字典表';

-- ----------------------------
-- Records of sys_dict
-- ----------------------------
INSERT INTO `sys_dict` VALUES ('1', '0', '正常', 'del_flag', '删除标记', '10', '0', '1', '2013-05-27 08:00:00', '1', '2013-05-27 08:00:00', null, '0');
INSERT INTO `sys_dict` VALUES ('10', 'yellow', '黄色', 'color', '颜色值', '40', '0', '1', '2013-05-27 08:00:00', '1', '2013-05-27 08:00:00', null, '0');
INSERT INTO `sys_dict` VALUES ('100', 'java.util.Date', 'Date', 'gen_java_type', 'Java类型\0\0', '50', '0', '1', '2013-10-28 08:00:00', '1', '2013-10-28 08:00:00', null, '1');
INSERT INTO `sys_dict` VALUES ('101', 'com.thinkgem.jeesite.modules.sys.entity.User', 'User', 'gen_java_type', 'Java类型\0\0', '60', '0', '1', '2013-10-28 08:00:00', '1', '2013-10-28 08:00:00', null, '1');
INSERT INTO `sys_dict` VALUES ('102', 'com.thinkgem.jeesite.modules.sys.entity.Office', 'Office', 'gen_java_type', 'Java类型\0\0', '70', '0', '1', '2013-10-28 08:00:00', '1', '2013-10-28 08:00:00', null, '1');
INSERT INTO `sys_dict` VALUES ('103', 'com.thinkgem.jeesite.modules.sys.entity.Area', 'Area', 'gen_java_type', 'Java类型\0\0', '80', '0', '1', '2013-10-28 08:00:00', '1', '2013-10-28 08:00:00', null, '1');
INSERT INTO `sys_dict` VALUES ('104', 'Custom', 'Custom', 'gen_java_type', 'Java类型\0\0', '90', '0', '1', '2013-10-28 08:00:00', '1', '2013-10-28 08:00:00', null, '1');
INSERT INTO `sys_dict` VALUES ('105', '1', '会议通告\0\0\0\0', 'oa_notify_type', '通知通告类型', '10', '0', '1', '2013-11-08 08:00:00', '1', '2013-11-08 08:00:00', null, '0');
INSERT INTO `sys_dict` VALUES ('106', '2', '奖惩通告\0\0\0\0', 'oa_notify_type', '通知通告类型', '20', '0', '1', '2013-11-08 08:00:00', '1', '2013-11-08 08:00:00', null, '0');
INSERT INTO `sys_dict` VALUES ('107', '3', '活动通告\0\0\0\0', 'oa_notify_type', '通知通告类型', '30', '0', '1', '2013-11-08 08:00:00', '1', '2013-11-08 08:00:00', null, '0');
INSERT INTO `sys_dict` VALUES ('108', '0', '草稿', 'oa_notify_status', '通知通告状态', '10', '0', '1', '2013-11-08 08:00:00', '1', '2013-11-08 08:00:00', null, '0');
INSERT INTO `sys_dict` VALUES ('109', '1', '发布', 'oa_notify_status', '通知通告状态', '20', '0', '1', '2013-11-08 08:00:00', '1', '2013-11-08 08:00:00', null, '0');
INSERT INTO `sys_dict` VALUES ('11', 'orange', '橙色', 'color', '颜色值', '50', '0', '1', '2013-05-27 08:00:00', '1', '2013-05-27 08:00:00', null, '0');
INSERT INTO `sys_dict` VALUES ('110', '0', '未读', 'oa_notify_read', '通知通告状态', '10', '0', '1', '2013-11-08 08:00:00', '1', '2013-11-08 08:00:00', null, '0');
INSERT INTO `sys_dict` VALUES ('111', '1', '已读', 'oa_notify_read', '通知通告状态', '20', '0', '1', '2013-11-08 08:00:00', '1', '2013-11-08 08:00:00', null, '0');
INSERT INTO `sys_dict` VALUES ('12', 'default', '默认主题', 'theme', '主题方案', '10', '0', '1', '2013-05-27 08:00:00', '1', '2013-05-27 08:00:00', null, '0');
INSERT INTO `sys_dict` VALUES ('13', 'cerulean', '天蓝主题', 'theme', '主题方案', '20', '0', '1', '2013-05-27 08:00:00', '1', '2013-05-27 08:00:00', null, '0');
INSERT INTO `sys_dict` VALUES ('14', 'readable', '橙色主题', 'theme', '主题方案', '30', '0', '1', '2013-05-27 08:00:00', '1', '2013-05-27 08:00:00', null, '0');
INSERT INTO `sys_dict` VALUES ('15', 'united', '红色主题', 'theme', '主题方案', '40', '0', '1', '2013-05-27 08:00:00', '1', '2013-05-27 08:00:00', null, '0');
INSERT INTO `sys_dict` VALUES ('16', 'flat', 'Flat主题', 'theme', '主题方案', '60', '0', '1', '2013-05-27 08:00:00', '1', '2013-05-27 08:00:00', null, '0');
INSERT INTO `sys_dict` VALUES ('17', '1', '国家', 'sys_area_type', '区域类型', '10', '0', '1', '2013-05-27 08:00:00', '1', '2013-05-27 08:00:00', null, '0');
INSERT INTO `sys_dict` VALUES ('18', '2', '省份、直辖市', 'sys_area_type', '区域类型', '20', '0', '1', '2013-05-27 08:00:00', '1', '2013-05-27 08:00:00', null, '0');
INSERT INTO `sys_dict` VALUES ('19', '3', '地市', 'sys_area_type', '区域类型', '30', '0', '1', '2013-05-27 08:00:00', '1', '2013-05-27 08:00:00', null, '0');
INSERT INTO `sys_dict` VALUES ('2', '1', '删除', 'del_flag', '删除标记', '20', '0', '1', '2013-05-27 08:00:00', '1', '2013-05-27 08:00:00', null, '0');
INSERT INTO `sys_dict` VALUES ('20', '4', '区县', 'sys_area_type', '区域类型', '40', '0', '1', '2013-05-27 08:00:00', '1', '2013-05-27 08:00:00', null, '0');
INSERT INTO `sys_dict` VALUES ('21', '1', '公司', 'sys_office_type', '机构类型', '60', '0', '1', '2013-05-27 08:00:00', '1', '2013-05-27 08:00:00', null, '0');
INSERT INTO `sys_dict` VALUES ('22', '2', '部门', 'sys_office_type', '机构类型', '70', '0', '1', '2013-05-27 08:00:00', '1', '2013-05-27 08:00:00', null, '0');
INSERT INTO `sys_dict` VALUES ('23', '3', '小组', 'sys_office_type', '机构类型', '80', '0', '1', '2013-05-27 08:00:00', '1', '2013-05-27 08:00:00', null, '0');
INSERT INTO `sys_dict` VALUES ('24', '4', '其它', 'sys_office_type', '机构类型', '90', '0', '1', '2013-05-27 08:00:00', '1', '2013-05-27 08:00:00', null, '0');
INSERT INTO `sys_dict` VALUES ('25', '1', '综合部', 'sys_office_common', '快捷通用部门', '30', '0', '1', '2013-05-27 08:00:00', '1', '2013-05-27 08:00:00', null, '0');
INSERT INTO `sys_dict` VALUES ('26', '2', '开发部', 'sys_office_common', '快捷通用部门', '40', '0', '1', '2013-05-27 08:00:00', '1', '2013-05-27 08:00:00', null, '0');
INSERT INTO `sys_dict` VALUES ('27', '3', '人力部', 'sys_office_common', '快捷通用部门', '50', '0', '1', '2013-05-27 08:00:00', '1', '2013-05-27 08:00:00', null, '0');
INSERT INTO `sys_dict` VALUES ('28', '1', '一级', 'sys_office_grade', '机构等级', '10', '0', '1', '2013-05-27 08:00:00', '1', '2013-05-27 08:00:00', null, '0');
INSERT INTO `sys_dict` VALUES ('29', '2', '二级', 'sys_office_grade', '机构等级', '20', '0', '1', '2013-05-27 08:00:00', '1', '2013-05-27 08:00:00', null, '0');
INSERT INTO `sys_dict` VALUES ('3', '1', '显示', 'show_hide', '显示/隐藏', '10', '0', '1', '2013-05-27 08:00:00', '1', '2013-05-27 08:00:00', null, '0');
INSERT INTO `sys_dict` VALUES ('30', '3', '三级', 'sys_office_grade', '机构等级', '30', '0', '1', '2013-05-27 08:00:00', '1', '2013-05-27 08:00:00', null, '0');
INSERT INTO `sys_dict` VALUES ('31', '4', '四级', 'sys_office_grade', '机构等级', '40', '0', '1', '2013-05-27 08:00:00', '1', '2013-05-27 08:00:00', null, '0');
INSERT INTO `sys_dict` VALUES ('32', '1', '所有数据', 'sys_data_scope', '数据范围', '10', '0', '1', '2013-05-27 08:00:00', '1', '2013-05-27 08:00:00', null, '0');
INSERT INTO `sys_dict` VALUES ('33', '2', '所在公司及以下数据', 'sys_data_scope', '数据范围', '20', '0', '1', '2013-05-27 08:00:00', '1', '2013-05-27 08:00:00', null, '0');
INSERT INTO `sys_dict` VALUES ('34', '3', '所在公司数据', 'sys_data_scope', '数据范围', '30', '0', '1', '2013-05-27 08:00:00', '1', '2013-05-27 08:00:00', null, '0');
INSERT INTO `sys_dict` VALUES ('35', '4', '所在部门及以下数据', 'sys_data_scope', '数据范围', '40', '0', '1', '2013-05-27 08:00:00', '1', '2013-05-27 08:00:00', null, '0');
INSERT INTO `sys_dict` VALUES ('36', '5', '所在部门数据', 'sys_data_scope', '数据范围', '50', '0', '1', '2013-05-27 08:00:00', '1', '2013-05-27 08:00:00', null, '0');
INSERT INTO `sys_dict` VALUES ('37', '8', '仅本人数据', 'sys_data_scope', '数据范围', '90', '0', '1', '2013-05-27 08:00:00', '1', '2013-05-27 08:00:00', null, '0');
INSERT INTO `sys_dict` VALUES ('38', '9', '按明细设置', 'sys_data_scope', '数据范围', '100', '0', '1', '2013-05-27 08:00:00', '1', '2013-05-27 08:00:00', null, '0');
INSERT INTO `sys_dict` VALUES ('39', '1', '系统管理', 'sys_user_type', '用户类型', '10', '0', '1', '2013-05-27 08:00:00', '1', '2013-05-27 08:00:00', null, '0');
INSERT INTO `sys_dict` VALUES ('4', '0', '隐藏', 'show_hide', '显示/隐藏', '20', '0', '1', '2013-05-27 08:00:00', '1', '2013-05-27 08:00:00', null, '0');
INSERT INTO `sys_dict` VALUES ('40', '2', '部门经理', 'sys_user_type', '用户类型', '20', '0', '1', '2013-05-27 08:00:00', '1', '2013-05-27 08:00:00', null, '0');
INSERT INTO `sys_dict` VALUES ('41', '3', '普通用户', 'sys_user_type', '用户类型', '30', '0', '1', '2013-05-27 08:00:00', '1', '2013-05-27 08:00:00', null, '0');
INSERT INTO `sys_dict` VALUES ('42', 'basic', '基础主题', 'cms_theme', '站点主题', '10', '0', '1', '2013-05-27 08:00:00', '1', '2013-05-27 08:00:00', null, '0');
INSERT INTO `sys_dict` VALUES ('43', 'blue', '蓝色主题', 'cms_theme', '站点主题', '20', '0', '1', '2013-05-27 08:00:00', '1', '2013-05-27 08:00:00', null, '1');
INSERT INTO `sys_dict` VALUES ('44', 'red', '红色主题', 'cms_theme', '站点主题', '30', '0', '1', '2013-05-27 08:00:00', '1', '2013-05-27 08:00:00', null, '1');
INSERT INTO `sys_dict` VALUES ('45', 'article', '文章模型', 'cms_module', '栏目模型', '10', '0', '1', '2013-05-27 08:00:00', '1', '2013-05-27 08:00:00', null, '0');
INSERT INTO `sys_dict` VALUES ('46', 'picture', '图片模型', 'cms_module', '栏目模型', '20', '0', '1', '2013-05-27 08:00:00', '1', '2013-05-27 08:00:00', null, '1');
INSERT INTO `sys_dict` VALUES ('47', 'download', '下载模型', 'cms_module', '栏目模型', '30', '0', '1', '2013-05-27 08:00:00', '1', '2013-05-27 08:00:00', null, '1');
INSERT INTO `sys_dict` VALUES ('48', 'link', '链接模型', 'cms_module', '栏目模型', '40', '0', '1', '2013-05-27 08:00:00', '1', '2013-05-27 08:00:00', null, '0');
INSERT INTO `sys_dict` VALUES ('49', 'special', '专题模型', 'cms_module', '栏目模型', '50', '0', '1', '2013-05-27 08:00:00', '1', '2013-05-27 08:00:00', null, '1');
INSERT INTO `sys_dict` VALUES ('5', '1', '是', 'yes_no', '是/否', '10', '0', '1', '2013-05-27 08:00:00', '1', '2013-05-27 08:00:00', null, '0');
INSERT INTO `sys_dict` VALUES ('50', '0', '默认展现方式', 'cms_show_modes', '展现方式', '10', '0', '1', '2013-05-27 08:00:00', '1', '2013-05-27 08:00:00', null, '0');
INSERT INTO `sys_dict` VALUES ('51', '1', '首栏目内容列表', 'cms_show_modes', '展现方式', '20', '0', '1', '2013-05-27 08:00:00', '1', '2013-05-27 08:00:00', null, '0');
INSERT INTO `sys_dict` VALUES ('52', '2', '栏目第一条内容', 'cms_show_modes', '展现方式', '30', '0', '1', '2013-05-27 08:00:00', '1', '2013-05-27 08:00:00', null, '0');
INSERT INTO `sys_dict` VALUES ('53', '0', '发布', 'cms_del_flag', '内容状态', '10', '0', '1', '2013-05-27 08:00:00', '1', '2013-05-27 08:00:00', null, '0');
INSERT INTO `sys_dict` VALUES ('54', '1', '删除', 'cms_del_flag', '内容状态', '20', '0', '1', '2013-05-27 08:00:00', '1', '2013-05-27 08:00:00', null, '0');
INSERT INTO `sys_dict` VALUES ('55', '2', '审核', 'cms_del_flag', '内容状态', '15', '0', '1', '2013-05-27 08:00:00', '1', '2013-05-27 08:00:00', null, '0');
INSERT INTO `sys_dict` VALUES ('56', '1', '首页焦点图', 'cms_posid', '推荐位', '10', '0', '1', '2013-05-27 08:00:00', '1', '2013-05-27 08:00:00', null, '0');
INSERT INTO `sys_dict` VALUES ('57', '2', '栏目页文章推荐', 'cms_posid', '推荐位', '20', '0', '1', '2013-05-27 08:00:00', '1', '2013-05-27 08:00:00', null, '0');
INSERT INTO `sys_dict` VALUES ('58', '1', '咨询', 'cms_guestbook', '留言板分类', '10', '0', '1', '2013-05-27 08:00:00', '1', '2013-05-27 08:00:00', null, '0');
INSERT INTO `sys_dict` VALUES ('59', '2', '建议', 'cms_guestbook', '留言板分类', '20', '0', '1', '2013-05-27 08:00:00', '1', '2013-05-27 08:00:00', null, '0');
INSERT INTO `sys_dict` VALUES ('6', '0', '否', 'yes_no', '是/否', '20', '0', '1', '2013-05-27 08:00:00', '1', '2013-05-27 08:00:00', null, '0');
INSERT INTO `sys_dict` VALUES ('60', '3', '投诉', 'cms_guestbook', '留言板分类', '30', '0', '1', '2013-05-27 08:00:00', '1', '2013-05-27 08:00:00', null, '0');
INSERT INTO `sys_dict` VALUES ('61', '4', '其它', 'cms_guestbook', '留言板分类', '40', '0', '1', '2013-05-27 08:00:00', '1', '2013-05-27 08:00:00', null, '0');
INSERT INTO `sys_dict` VALUES ('62', '1', '公休', 'oa_leave_type', '请假类型', '10', '0', '1', '2013-05-27 08:00:00', '1', '2013-05-27 08:00:00', null, '0');
INSERT INTO `sys_dict` VALUES ('63', '2', '病假', 'oa_leave_type', '请假类型', '20', '0', '1', '2013-05-27 08:00:00', '1', '2013-05-27 08:00:00', null, '0');
INSERT INTO `sys_dict` VALUES ('64', '3', '事假', 'oa_leave_type', '请假类型', '30', '0', '1', '2013-05-27 08:00:00', '1', '2013-05-27 08:00:00', null, '0');
INSERT INTO `sys_dict` VALUES ('65', '4', '调休', 'oa_leave_type', '请假类型', '40', '0', '1', '2013-05-27 08:00:00', '1', '2013-05-27 08:00:00', null, '0');
INSERT INTO `sys_dict` VALUES ('66', '5', '婚假', 'oa_leave_type', '请假类型', '60', '0', '1', '2013-05-27 08:00:00', '1', '2013-05-27 08:00:00', null, '0');
INSERT INTO `sys_dict` VALUES ('66a0241e0a774782a9c6be8f4475e068', '1', '启用', 'task_state', '定时任务状态', '20', '0', '1', '2016-11-24 18:56:21', '1', '2016-11-24 18:56:21', '', '0');
INSERT INTO `sys_dict` VALUES ('67', '1', '接入日志', 'sys_log_type', '日志类型', '30', '0', '1', '2013-06-03 08:00:00', '1', '2013-06-03 08:00:00', null, '0');
INSERT INTO `sys_dict` VALUES ('68', '2', '异常日志', 'sys_log_type', '日志类型', '40', '0', '1', '2013-06-03 08:00:00', '1', '2013-06-03 08:00:00', null, '0');
INSERT INTO `sys_dict` VALUES ('69', 'leave', '请假流程', 'act_type', '流程类型', '10', '0', '1', '2013-06-03 08:00:00', '1', '2013-06-03 08:00:00', null, '0');
INSERT INTO `sys_dict` VALUES ('7', 'red', '红色', 'color', '颜色值', '10', '0', '1', '2013-05-27 08:00:00', '1', '2013-05-27 08:00:00', null, '0');
INSERT INTO `sys_dict` VALUES ('70', 'test_audit', '审批测试流程', 'act_type', '流程类型', '20', '0', '1', '2013-06-03 08:00:00', '1', '2013-06-03 08:00:00', null, '0');
INSERT INTO `sys_dict` VALUES ('71', '1', '分类1', 'act_category', '流程分类', '10', '0', '1', '2013-06-03 08:00:00', '1', '2013-06-03 08:00:00', null, '0');
INSERT INTO `sys_dict` VALUES ('72', '2', '分类2', 'act_category', '流程分类', '20', '0', '1', '2013-06-03 08:00:00', '1', '2013-06-03 08:00:00', null, '0');
INSERT INTO `sys_dict` VALUES ('73', 'crud', '增删改查', 'gen_category', '代码生成分类', '10', '0', '1', '2013-10-28 08:00:00', '1', '2013-10-28 08:00:00', null, '1');
INSERT INTO `sys_dict` VALUES ('74', 'crud_many', '增删改查（包含从表）', 'gen_category', '代码生成分类', '20', '0', '1', '2013-10-28 08:00:00', '1', '2013-10-28 08:00:00', null, '1');
INSERT INTO `sys_dict` VALUES ('75', 'tree', '树结构', 'gen_category', '代码生成分类', '30', '0', '1', '2013-10-28 08:00:00', '1', '2013-10-28 08:00:00', null, '1');
INSERT INTO `sys_dict` VALUES ('76', '=', '=', 'gen_query_type', '查询方式', '10', '0', '1', '2013-10-28 08:00:00', '1', '2013-10-28 08:00:00', null, '1');
INSERT INTO `sys_dict` VALUES ('77', '!=', '!=', 'gen_query_type', '查询方式', '20', '0', '1', '2013-10-28 08:00:00', '1', '2013-10-28 08:00:00', null, '1');
INSERT INTO `sys_dict` VALUES ('78', '&gt;', '&gt;', 'gen_query_type', '查询方式', '30', '0', '1', '2013-10-28 08:00:00', '1', '2013-10-28 08:00:00', null, '1');
INSERT INTO `sys_dict` VALUES ('79', '&lt;', '&lt;', 'gen_query_type', '查询方式', '40', '0', '1', '2013-10-28 08:00:00', '1', '2013-10-28 08:00:00', null, '1');
INSERT INTO `sys_dict` VALUES ('8', 'green', '绿色', 'color', '颜色值', '20', '0', '1', '2013-05-27 08:00:00', '1', '2013-05-27 08:00:00', null, '0');
INSERT INTO `sys_dict` VALUES ('80', 'between', 'Between', 'gen_query_type', '查询方式', '50', '0', '1', '2013-10-28 08:00:00', '1', '2013-10-28 08:00:00', null, '1');
INSERT INTO `sys_dict` VALUES ('81', 'like', 'Like', 'gen_query_type', '查询方式', '60', '0', '1', '2013-10-28 08:00:00', '1', '2013-10-28 08:00:00', null, '1');
INSERT INTO `sys_dict` VALUES ('82', 'left_like', 'Left Like', 'gen_query_type', '查询方式', '70', '0', '1', '2013-10-28 08:00:00', '1', '2013-10-28 08:00:00', null, '1');
INSERT INTO `sys_dict` VALUES ('83', 'right_like', 'Right Like', 'gen_query_type', '查询方式', '80', '0', '1', '2013-10-28 08:00:00', '1', '2013-10-28 08:00:00', null, '1');
INSERT INTO `sys_dict` VALUES ('84', 'input', '文本框', 'gen_show_type', '字段生成方案', '10', '0', '1', '2013-10-28 08:00:00', '1', '2013-10-28 08:00:00', null, '1');
INSERT INTO `sys_dict` VALUES ('85', 'textarea', '文本域', 'gen_show_type', '字段生成方案', '20', '0', '1', '2013-10-28 08:00:00', '1', '2013-10-28 08:00:00', null, '1');
INSERT INTO `sys_dict` VALUES ('86', 'select', '下拉框', 'gen_show_type', '字段生成方案', '30', '0', '1', '2013-10-28 08:00:00', '1', '2013-10-28 08:00:00', null, '1');
INSERT INTO `sys_dict` VALUES ('87', 'checkbox', '复选框', 'gen_show_type', '字段生成方案', '40', '0', '1', '2013-10-28 08:00:00', '1', '2013-10-28 08:00:00', null, '1');
INSERT INTO `sys_dict` VALUES ('88', 'radiobox', '单选框', 'gen_show_type', '字段生成方案', '50', '0', '1', '2013-10-28 08:00:00', '1', '2013-10-28 08:00:00', null, '1');
INSERT INTO `sys_dict` VALUES ('89', 'dateselect', '日期选择', 'gen_show_type', '字段生成方案', '60', '0', '1', '2013-10-28 08:00:00', '1', '2013-10-28 08:00:00', null, '1');
INSERT INTO `sys_dict` VALUES ('9', 'blue', '蓝色', 'color', '颜色值', '30', '0', '1', '2013-05-27 08:00:00', '1', '2013-05-27 08:00:00', null, '0');
INSERT INTO `sys_dict` VALUES ('90', 'userselect', '人员选择\0', 'gen_show_type', '字段生成方案', '70', '0', '1', '2013-10-28 08:00:00', '1', '2013-10-28 08:00:00', null, '1');
INSERT INTO `sys_dict` VALUES ('91', 'officeselect', '部门选择', 'gen_show_type', '字段生成方案', '80', '0', '1', '2013-10-28 08:00:00', '1', '2013-10-28 08:00:00', null, '1');
INSERT INTO `sys_dict` VALUES ('92', 'areaselect', '区域选择', 'gen_show_type', '字段生成方案', '90', '0', '1', '2013-10-28 08:00:00', '1', '2013-10-28 08:00:00', null, '1');
INSERT INTO `sys_dict` VALUES ('93', 'String', 'String', 'gen_java_type', 'Java类型', '10', '0', '1', '2013-10-28 08:00:00', '1', '2013-10-28 08:00:00', null, '1');
INSERT INTO `sys_dict` VALUES ('94', 'Long', 'Long', 'gen_java_type', 'Java类型', '20', '0', '1', '2013-10-28 08:00:00', '1', '2013-10-28 08:00:00', null, '1');
INSERT INTO `sys_dict` VALUES ('95', 'dao', '仅持久层', 'gen_category', '代码生成分类\0\0\0\0\0\0', '40', '0', '1', '2013-10-28 08:00:00', '1', '2013-10-28 08:00:00', null, '1');
INSERT INTO `sys_dict` VALUES ('96', '1', '男', 'sex', '性别', '10', '0', '1', '2013-10-28 08:00:00', '1', '2013-10-28 08:00:00', null, '0');
INSERT INTO `sys_dict` VALUES ('97', '2', '女', 'sex', '性别', '20', '0', '1', '2013-10-28 08:00:00', '1', '2013-10-28 08:00:00', null, '0');
INSERT INTO `sys_dict` VALUES ('98', 'Integer', 'Integer', 'gen_java_type', 'Java类型\0\0', '30', '0', '1', '2013-10-28 08:00:00', '1', '2013-10-28 08:00:00', null, '1');
INSERT INTO `sys_dict` VALUES ('99', 'Double', 'Double', 'gen_java_type', 'Java类型\0\0', '40', '0', '1', '2013-10-28 08:00:00', '1', '2013-10-28 08:00:00', null, '1');
INSERT INTO `sys_dict` VALUES ('b1b8a34a035e43e7b969df5b74509705', '0', '停用', 'task_state', '定时任务状态', '10', '0', '1', '2016-11-24 18:56:03', '1', '2016-11-24 18:56:03', '', '0');

-- ----------------------------
-- Table structure for sys_log
-- ----------------------------
DROP TABLE IF EXISTS `sys_log`;
CREATE TABLE `sys_log` (
  `id` varchar(64) COLLATE utf8_bin NOT NULL COMMENT '编号',
  `type` char(1) COLLATE utf8_bin DEFAULT '1' COMMENT '日志类型',
  `title` varchar(255) COLLATE utf8_bin DEFAULT '' COMMENT '日志标题',
  `create_by` varchar(64) COLLATE utf8_bin DEFAULT NULL COMMENT '创建者',
  `create_date` datetime DEFAULT NULL COMMENT '创建时间',
  `remote_addr` varchar(255) COLLATE utf8_bin DEFAULT NULL COMMENT '操作IP地址',
  `user_agent` varchar(255) COLLATE utf8_bin DEFAULT NULL COMMENT '用户代理',
  `request_uri` varchar(255) COLLATE utf8_bin DEFAULT NULL COMMENT '请求URI',
  `method` varchar(5) COLLATE utf8_bin DEFAULT NULL COMMENT '操作方式',
  `params` text COLLATE utf8_bin COMMENT '操作提交的数据',
  `exception` text COLLATE utf8_bin COMMENT '异常信息',
  PRIMARY KEY (`id`),
  KEY `sys_log_create_by` (`create_by`),
  KEY `sys_log_request_uri` (`request_uri`),
  KEY `sys_log_type` (`type`),
  KEY `sys_log_create_date` (`create_date`)
) ENGINE=InnoDB DEFAULT CHARSET=utf8 COLLATE=utf8_bin COMMENT='日志表';

-- ----------------------------
-- Records of sys_log
-- ----------------------------
INSERT INTO `sys_log` VALUES ('001be72efb2b4ff7a7507c4e56b9fb55', '1', '代码生成-主子表-编辑', '1', '2017-03-16 11:15:33', '0:0:0:0:0:0:0:1', 'Mozilla/5.0 (compatible; MSIE 9.0; Windows NT 6.3; WOW64; Trident/7.0)', '/jeetc/a/test/testDataMain/getSelectData', 'GET', 0x6E616D653D6164265F3D31343839363334313333303532, '');
INSERT INTO `sys_log` VALUES ('01fda345bc394b2da97848097a4e7352', '1', '代码生成-主子表-编辑', '1', '2017-03-17 09:20:39', '0:0:0:0:0:0:0:1', 'Mozilla/5.0 (compatible; MSIE 9.0; Windows NT 6.3; WOW64; Trident/7.0)', '/jeetc/a/test/testDataMain/getSelectData', 'GET', 0x6E616D653D31265F3D31343839373133363339303339, '');
INSERT INTO `sys_log` VALUES ('020ff27f7a9b46ee8fb2763f7dd54007', '1', '代码生成-主子表-编辑', '1', '2017-03-17 13:46:47', '0:0:0:0:0:0:0:1', 'Mozilla/5.0 (Windows NT 6.3; WOW64) AppleWebKit/537.36 (KHTML, like Gecko) Chrome/56.0.2924.87 Safari/537.36', '/jeetc/a/test/testDataMain/getSelectData', 'GET', 0x6E616D653D3126706167655F6C696D69743D3926706167653D31265F3D31343839373239363037303432, '');
INSERT INTO `sys_log` VALUES ('02121f08870a476296e1781e8fa50991', '1', '代码生成-主子表-编辑', '1', '2017-03-16 10:37:26', '0:0:0:0:0:0:0:1', 'Mozilla/5.0 (Windows NT 6.3; WOW64) AppleWebKit/537.36 (KHTML, like Gecko) Chrome/56.0.2924.87 Safari/537.36', '/jeetc/a/test/testDataMain/getSelectData', 'GET', 0x6E616D653D31265F3D31343839363331383436323934, '');
INSERT INTO `sys_log` VALUES ('029e56af6c7943098ded7aba8664b6f6', '1', '代码生成-主子表-编辑', '1', '2017-03-15 19:27:50', '0:0:0:0:0:0:0:1', 'Mozilla/5.0 (Windows NT 6.3; WOW64) AppleWebKit/537.36 (KHTML, like Gecko) Chrome/56.0.2924.87 Safari/537.36', '/jeetc/a/test/testDataMain/getSelectData', 'GET', 0x6E616D653D31265F3D31343839353737323639313637, '');
INSERT INTO `sys_log` VALUES ('02a43afa89274a9b9acc4979a0103a2a', '1', '内容管理-内容发布', '1', '2017-03-09 18:40:04', '0:0:0:0:0:0:0:1', 'Mozilla/5.0 (compatible; MSIE 9.0; Windows NT 6.3; WOW64; Trident/7.0)', '/jeetc/a/cms/', 'GET', '', '');
INSERT INTO `sys_log` VALUES ('02c82b0fbab2499ca97936ce50491b74', '1', '代码生成-主子表', '1', '2017-03-16 09:16:05', '0:0:0:0:0:0:0:1', 'Mozilla/5.0 (Windows NT 6.3; WOW64) AppleWebKit/537.36 (KHTML, like Gecko) Chrome/56.0.2924.87 Safari/537.36', '/jeetc/a/test/testDataMain', 'GET', '', '');
INSERT INTO `sys_log` VALUES ('02f373cf44be4a7b80a405644f0b111b', '1', '个人信息-我的通告', '1', '2017-03-17 13:43:47', '0:0:0:0:0:0:0:1', 'Mozilla/5.0 (Windows NT 6.3; WOW64) AppleWebKit/537.36 (KHTML, like Gecko) Chrome/56.0.2924.87 Safari/537.36', '/jeetc/a/oa/oaNotify/self', 'GET', '', '');
INSERT INTO `sys_log` VALUES ('0385ccf38f1f4639a833342a62b44854', '1', '个人信息-个人信息', '1', '2017-03-16 11:12:41', '0:0:0:0:0:0:0:1', 'Mozilla/5.0 (compatible; MSIE 9.0; Windows NT 6.3; WOW64; Trident/7.0)', '/jeetc/a/sys/user/info', 'GET', '', '');
INSERT INTO `sys_log` VALUES ('03c88521c33344db8e009583e08f489e', '1', '系统设置-菜单管理', '1', '2017-03-09 13:40:24', '0:0:0:0:0:0:0:1', 'Mozilla/5.0 (compatible; MSIE 9.0; Windows NT 6.3; WOW64; Trident/7.0)', '/jeetc/a/sys/menu/', 'GET', '', '');
INSERT INTO `sys_log` VALUES ('03e3a510a5c34d6dad898274d84bed99', '1', '代码生成-主子表-编辑', '1', '2017-03-16 09:21:27', '0:0:0:0:0:0:0:1', 'Mozilla/5.0 (compatible; MSIE 9.0; Windows NT 6.3; WOW64; Trident/7.0)', '/jeetc/a/test/testDataMain/getSelectData', 'GET', 0x6E616D653D31313131265F3D31343839363237323837363938, '');
INSERT INTO `sys_log` VALUES ('03f8babd914f401eaf0f3014d90d8fa5', '1', '代码生成-主子表', '1', '2017-03-15 19:27:47', '0:0:0:0:0:0:0:1', 'Mozilla/5.0 (Windows NT 6.3; WOW64) AppleWebKit/537.36 (KHTML, like Gecko) Chrome/56.0.2924.87 Safari/537.36', '/jeetc/a/test/testDataMain', 'GET', '', '');
INSERT INTO `sys_log` VALUES ('04f4df2334334514b1faf3a01eb727a3', '1', '内容管理-内容发布-文章模型', '1', '2017-03-09 19:32:05', '0:0:0:0:0:0:0:1', 'Mozilla/5.0 (compatible; MSIE 9.0; Windows NT 6.3; WOW64; Trident/7.0)', '/jeetc/a/cms/article/', 'GET', 0x63617465676F72792E69643D33, '');
INSERT INTO `sys_log` VALUES ('04ff900494bc4a789b662aaa5932146a', '1', '代码生成-主子表-编辑', '1', '2017-03-16 09:21:24', '0:0:0:0:0:0:0:1', 'Mozilla/5.0 (compatible; MSIE 9.0; Windows NT 6.3; WOW64; Trident/7.0)', '/jeetc/a/test/testDataMain/getSelectData', 'GET', 0x6E616D653D31265F3D31343839363237323834333735, '');
INSERT INTO `sys_log` VALUES ('0508b124eeb143889ddd12e44d919902', '1', '代码生成-主子表-编辑', '1', '2017-03-17 08:56:49', '0:0:0:0:0:0:0:1', 'Mozilla/5.0 (compatible; MSIE 9.0; Windows NT 6.3; WOW64; Trident/7.0)', '/jeetc/a/test/testDataMain/getSelectData', 'GET', 0x6E616D653D61265F3D31343839373132323039303637, '');
INSERT INTO `sys_log` VALUES ('0531746ec9f84c7a894dd02cc0f70280', '1', '系统设置-菜单管理-修改', '1', '2017-03-09 13:40:52', '0:0:0:0:0:0:0:1', 'Mozilla/5.0 (compatible; MSIE 9.0; Windows NT 6.3; WOW64; Trident/7.0)', '/jeetc/a/sys/menu/save', 'POST', 0x69643D363526706172656E742E69643D363426706172656E742E6E616D653DE8AFB7E58187E58A9EE79086266E616D653DE69FA5E79C8B26687265663D267461726765743D2669636F6E3D26736F72743D333026697353686F773D31267065726D697373696F6E3D6F613A6C656176653A766965772672656D61726B733D, '');
INSERT INTO `sys_log` VALUES ('0538ac06d6634e31a666c04f0954c732', '1', '代码生成-主子表-编辑', '1', '2017-03-15 19:38:10', '0:0:0:0:0:0:0:1', 'Mozilla/5.0 (Windows NT 6.3; WOW64) AppleWebKit/537.36 (KHTML, like Gecko) Chrome/56.0.2924.87 Safari/537.36', '/jeetc/a/test/testDataMain/getSelectData', 'GET', 0x63616C6C6261636B3D6A51756572793138333031313238353733333930373831343135355F3134383935373738343739303326713D3132313226706167655F6C696D69743D3130266E616D653D6A75367A396D6A79616A7132646A75653367627676323674265F3D31343839353737383930353538, '');
INSERT INTO `sys_log` VALUES ('05a8a3d6b645403bbb390bd3d9b1547e', '1', '内容管理-内容发布-文章模型', '1', '2017-03-09 19:31:50', '0:0:0:0:0:0:0:1', 'Mozilla/5.0 (compatible; MSIE 9.0; Windows NT 6.3; WOW64; Trident/7.0)', '/jeetc/a/cms/article/', 'GET', 0x63617465676F72792E69643D33, '');
INSERT INTO `sys_log` VALUES ('060303ee4bac4ea0b0567590d38685ae', '1', '代码生成-主子表', '1', '2017-03-15 19:52:40', '0:0:0:0:0:0:0:1', 'Mozilla/5.0 (Windows NT 6.3; WOW64) AppleWebKit/537.36 (KHTML, like Gecko) Chrome/56.0.2924.87 Safari/537.36', '/jeetc/a/test/testDataMain', 'GET', '', '');
INSERT INTO `sys_log` VALUES ('064599117f1341b39fed58c1ed82cbfc', '1', '个人信息-个人信息', '1', '2017-03-16 09:21:20', '0:0:0:0:0:0:0:1', 'Mozilla/5.0 (compatible; MSIE 9.0; Windows NT 6.3; WOW64; Trident/7.0)', '/jeetc/a/sys/user/info', 'GET', '', '');
INSERT INTO `sys_log` VALUES ('06bba97f2e754a1c81cebee60b27af21', '1', '内容管理-内容发布-文章模型-查看', '1', '2017-03-09 19:31:54', '0:0:0:0:0:0:0:1', 'Mozilla/5.0 (compatible; MSIE 9.0; Windows NT 6.3; WOW64; Trident/7.0)', '/jeetc/a/cms/article/form', 'GET', 0x69643D38, '');
INSERT INTO `sys_log` VALUES ('06f6076e8fbb41c3b7e8a3f95f4f19d8', '1', '代码生成-主子表', '1', '2017-03-15 19:36:51', '0:0:0:0:0:0:0:1', 'Mozilla/5.0 (Windows NT 6.3; WOW64) AppleWebKit/537.36 (KHTML, like Gecko) Chrome/56.0.2924.87 Safari/537.36', '/jeetc/a/test/testDataMain', 'GET', '', '');
INSERT INTO `sys_log` VALUES ('071afd83317b4bccba4cbef10affd3c9', '1', '内容管理-内容发布-文章模型', '1', '2017-03-09 19:35:45', '0:0:0:0:0:0:0:1', 'Mozilla/5.0 (compatible; MSIE 9.0; Windows NT 6.3; WOW64; Trident/7.0)', '/jeetc/a/cms/article/', 'GET', 0x63617465676F72792E69643D33, '');
INSERT INTO `sys_log` VALUES ('07221f3dd5f74e6ea917a56aa85038b4', '1', '代码生成-主子表-编辑', '1', '2017-03-16 09:00:27', '0:0:0:0:0:0:0:1', 'Mozilla/5.0 (compatible; MSIE 9.0; Windows NT 6.3; WOW64; Trident/7.0)', '/jeetc/a/test/testDataMain/getSelectData', 'GET', 0x6E616D653D31265F3D31343839363236303236393638, '');
INSERT INTO `sys_log` VALUES ('075020da294d43e8b8c775b9a2fb3262', '1', '代码生成-主子表-编辑', '1', '2017-03-15 19:31:13', '0:0:0:0:0:0:0:1', 'Mozilla/5.0 (Windows NT 6.3; WOW64) AppleWebKit/537.36 (KHTML, like Gecko) Chrome/56.0.2924.87 Safari/537.36', '/jeetc/a/test/testDataMain/getSelectData', 'GET', 0x6E616D653D3132265F3D31343839353737343134373232, '');
INSERT INTO `sys_log` VALUES ('07d0123eb76d41469cfeb21252338816', '1', '代码生成-单表', '1', '2017-03-16 09:51:08', '0:0:0:0:0:0:0:1', 'Mozilla/5.0 (Windows NT 6.3; WOW64) AppleWebKit/537.36 (KHTML, like Gecko) Chrome/56.0.2924.87 Safari/537.36', '/jeetc/a/test/testData', 'GET', '', '');
INSERT INTO `sys_log` VALUES ('07d70cba686f4960b8b5d69e3cf4cb57', '1', '代码生成-主子表-编辑', '1', '2017-03-15 19:26:06', '0:0:0:0:0:0:0:1', 'Mozilla/5.0 (Windows NT 6.3; WOW64) AppleWebKit/537.36 (KHTML, like Gecko) Chrome/56.0.2924.87 Safari/537.36', '/jeetc/a/test/testDataMain/getSelectData', 'GET', 0x6E616D653D3132333132265F3D31343839353737313636333032, '');
INSERT INTO `sys_log` VALUES ('07f32228b727468d95dedf6efc9b9ac3', '1', '代码生成-主子表-编辑', '1', '2017-03-17 12:30:04', '0:0:0:0:0:0:0:1', 'Mozilla/5.0 (compatible; MSIE 9.0; Windows NT 6.3; WOW64; Trident/7.0)', '/jeetc/a/test/testDataMain/getSelectData', 'GET', 0x6E616D653D61265F3D31343839373235303034393131, '');
INSERT INTO `sys_log` VALUES ('0801f8ab461b4b1ba389eb7b96abeda6', '1', '个人信息-个人信息', '1', '2017-03-16 09:23:45', '0:0:0:0:0:0:0:1', 'Mozilla/5.0 (Windows NT 6.3; WOW64) AppleWebKit/537.36 (KHTML, like Gecko) Chrome/56.0.2924.87 Safari/537.36', '/jeetc/a/sys/user/info', 'GET', '', '');
INSERT INTO `sys_log` VALUES ('085a70d527dc4ce3be9b75d9e0461896', '1', '代码生成-主子表-编辑', '1', '2017-03-15 19:26:03', '0:0:0:0:0:0:0:1', 'Mozilla/5.0 (Windows NT 6.3; WOW64) AppleWebKit/537.36 (KHTML, like Gecko) Chrome/56.0.2924.87 Safari/537.36', '/jeetc/a/test/testDataMain/getSelectData', 'GET', 0x6E616D653D31265F3D31343839353737313633313932, '');
INSERT INTO `sys_log` VALUES ('087609265b7d438d9fc56cc410a42de0', '1', '代码生成-主子表', '1', '2017-03-15 19:38:38', '0:0:0:0:0:0:0:1', 'Mozilla/5.0 (Windows NT 6.3; WOW64) AppleWebKit/537.36 (KHTML, like Gecko) Chrome/56.0.2924.87 Safari/537.36', '/jeetc/a/test/testDataMain', 'GET', '', '');
INSERT INTO `sys_log` VALUES ('0899c0885b5d419d929ac2c06c9e3add', '1', '个人信息-个人信息', '3', '2017-03-09 13:45:59', '0:0:0:0:0:0:0:1', 'Mozilla/5.0 (compatible; MSIE 9.0; Windows NT 6.3; WOW64; Trident/7.0)', '/jeetc/a/sys/user/info', 'GET', '', '');
INSERT INTO `sys_log` VALUES ('091141f870654410af8f907fd79825b0', '1', '个人信息-个人信息', '1', '2017-03-16 08:50:37', '0:0:0:0:0:0:0:1', 'Mozilla/5.0 (compatible; MSIE 9.0; Windows NT 6.3; WOW64; Trident/7.0)', '/jeetc/a/sys/user/info', 'GET', '', '');
INSERT INTO `sys_log` VALUES ('09645bb4f9ce4afc83b61baadc93e1e2', '1', '代码生成-主子表', '1', '2017-03-17 09:10:50', '0:0:0:0:0:0:0:1', 'Mozilla/5.0 (compatible; MSIE 9.0; Windows NT 6.3; WOW64; Trident/7.0)', '/jeetc/a/test/testDataMain', 'GET', '', '');
INSERT INTO `sys_log` VALUES ('0972fb38e7904e9b84f279ec93b31c00', '1', '系统登录', '1', '2017-03-17 13:43:37', '0:0:0:0:0:0:0:1', 'Mozilla/5.0 (Windows NT 6.3; WOW64) AppleWebKit/537.36 (KHTML, like Gecko) Chrome/56.0.2924.87 Safari/537.36', '/jeetc/a', 'GET', 0x6C6F67696E3D, '');
INSERT INTO `sys_log` VALUES ('09b728b6f331486f83f031ef993df9a4', '1', '代码生成-主子表-编辑', '1', '2017-03-16 09:26:17', '0:0:0:0:0:0:0:1', 'Mozilla/5.0 (Windows NT 6.3; WOW64) AppleWebKit/537.36 (KHTML, like Gecko) Chrome/56.0.2924.87 Safari/537.36', '/jeetc/a/test/testDataMain/getSelectData', 'GET', 0x6E616D653D3132265F3D31343839363237353737343232, '');
INSERT INTO `sys_log` VALUES ('09ed573604224be2854209fd09a5bce8', '1', '代码生成-主子表-编辑', '1', '2017-03-15 19:38:12', '0:0:0:0:0:0:0:1', 'Mozilla/5.0 (Windows NT 6.3; WOW64) AppleWebKit/537.36 (KHTML, like Gecko) Chrome/56.0.2924.87 Safari/537.36', '/jeetc/a/test/testDataMain/getSelectData', 'GET', 0x63616C6C6261636B3D6A51756572793138333031313238353733333930373831343135355F3134383935373738343739303326713D31313226706167655F6C696D69743D3130266E616D653D6A75367A396D6A79616A7132646A75653367627676323674265F3D31343839353737383932313738, '');
INSERT INTO `sys_log` VALUES ('0a56c2b38c7b4a328780ae8d195b4427', '1', '内容管理-内容发布-文章模型', '1', '2017-03-09 19:36:38', '0:0:0:0:0:0:0:1', 'Mozilla/5.0 (compatible; MSIE 9.0; Windows NT 6.3; WOW64; Trident/7.0)', '/jeetc/a/cms/article/', 'GET', 0x7265706167653D2663617465676F72792E69643D33, '');
INSERT INTO `sys_log` VALUES ('0a9938963b314a53b15f2ad6e7025d3d', '1', '代码生成-主子表-编辑', '1', '2017-03-16 09:21:31', '0:0:0:0:0:0:0:1', 'Mozilla/5.0 (compatible; MSIE 9.0; Windows NT 6.3; WOW64; Trident/7.0)', '/jeetc/a/test/testDataMain/getSelectData', 'GET', 0x6E616D653D31265F3D31343839363237323931313431, '');
INSERT INTO `sys_log` VALUES ('0ac97c3884824ac79c5188611ef94f9f', '1', '个人信息-个人信息', '1', '2017-03-17 08:54:14', '0:0:0:0:0:0:0:1', 'Mozilla/5.0 (compatible; MSIE 9.0; Windows NT 6.3; WOW64; Trident/7.0)', '/jeetc/a/sys/user/info', 'GET', '', '');
INSERT INTO `sys_log` VALUES ('0af5557a241244d2903fc8f584911d6f', '1', '系统登录', '1', '2017-03-16 09:02:12', '0:0:0:0:0:0:0:1', 'Mozilla/5.0 (Windows NT 6.3; WOW64) AppleWebKit/537.36 (KHTML, like Gecko) Chrome/56.0.2924.87 Safari/537.36', '/jeetc/a', 'GET', 0x6C6F67696E3D, '');
INSERT INTO `sys_log` VALUES ('0b271c2d40e74fa493dafdd30f5bbdac', '1', '代码生成-主子表-编辑', '1', '2017-03-15 19:37:30', '0:0:0:0:0:0:0:1', 'Mozilla/5.0 (Windows NT 6.3; WOW64) AppleWebKit/537.36 (KHTML, like Gecko) Chrome/56.0.2924.87 Safari/537.36', '/jeetc/a/test/testDataMain/getSelectData', 'GET', 0x63616C6C6261636B3D6A51756572793138333031313238353733333930373831343135355F3134383935373738343739303326713D3132333126706167655F6C696D69743D3130266E616D653D6A75367A396D6A79616A7132646A75653367627676323674265F3D31343839353737383530373434, '');
INSERT INTO `sys_log` VALUES ('0b4a6de3d7f24c34a3243ac282a39abc', '1', '代码生成-主子表-编辑', '1', '2017-03-16 11:12:49', '0:0:0:0:0:0:0:1', 'Mozilla/5.0 (compatible; MSIE 9.0; Windows NT 6.3; WOW64; Trident/7.0)', '/jeetc/a/test/testDataMain/getSelectData', 'GET', 0x6E616D653D616262265F3D31343839363333393639363831, '');
INSERT INTO `sys_log` VALUES ('0b771f12af5140399ffa8edbd98ca2ec', '1', '代码生成-主子表', '1', '2017-03-16 09:51:10', '0:0:0:0:0:0:0:1', 'Mozilla/5.0 (Windows NT 6.3; WOW64) AppleWebKit/537.36 (KHTML, like Gecko) Chrome/56.0.2924.87 Safari/537.36', '/jeetc/a/test/testDataMain', 'GET', '', '');
INSERT INTO `sys_log` VALUES ('0b781719bef04986a996c0d4aea80896', '1', '机构用户-用户管理-修改', '1', '2017-03-20 09:36:28', '0:0:0:0:0:0:0:1', 'Mozilla/5.0 (Windows NT 6.3; WOW64) AppleWebKit/537.36 (KHTML, like Gecko) Chrome/56.0.2924.87 Safari/537.36', '/jeetc/a/sys/user/save', 'POST', 0x69643D322670686F746F3D26636F6D70616E792E69643D3126636F6D70616E792E6E616D653DE5B1B1E4B89CE79C81E680BBE585ACE58FB8266F66666963652E69643D32266F66666963652E6E616D653DE585ACE58FB8E9A286E5AFBC266E6F3D30303032266E616D653DE7AEA1E79086E59198266F6C644C6F67696E4E616D653D73645F61646D696E266C6F67696E4E616D653D73645F61646D696E266E657750617373776F72643D26636F6E6669726D4E657750617373776F72643D26656D61696C3D2670686F6E653D266D6F62696C653D266C6F67696E466C61673D312675736572547970653D26726F6C6549644C6973743D31265F726F6C6549644C6973743D6F6E2672656D61726B733D, '');
INSERT INTO `sys_log` VALUES ('0c1fad98742645f18b6e9b073db5c754', '1', '代码生成-主子表-编辑', '1', '2017-03-15 19:37:30', '0:0:0:0:0:0:0:1', 'Mozilla/5.0 (Windows NT 6.3; WOW64) AppleWebKit/537.36 (KHTML, like Gecko) Chrome/56.0.2924.87 Safari/537.36', '/jeetc/a/test/testDataMain/getSelectData', 'GET', 0x63616C6C6261636B3D6A51756572793138333031313238353733333930373831343135355F3134383935373738343739303326713D31323331323326706167655F6C696D69743D3130266E616D653D6A75367A396D6A79616A7132646A75653367627676323674265F3D31343839353737383530393633, '');
INSERT INTO `sys_log` VALUES ('0c987d03f7a443d29eb82c299765fce0', '1', '系统登录', '1', '2017-03-16 10:37:26', '0:0:0:0:0:0:0:1', 'Mozilla/5.0 (Windows NT 6.3; WOW64) AppleWebKit/537.36 (KHTML, like Gecko) Chrome/56.0.2924.87 Safari/537.36', '/jeetc/a/test/testDataMain/getSelectData', 'GET', 0x6E616D653D31265F3D31343839363331383436323934, '');
INSERT INTO `sys_log` VALUES ('0d06636305e942c592207c9ceaa4798e', '1', '代码生成-主子表', '1', '2017-03-15 19:38:30', '0:0:0:0:0:0:0:1', 'Mozilla/5.0 (Windows NT 6.3; WOW64) AppleWebKit/537.36 (KHTML, like Gecko) Chrome/56.0.2924.87 Safari/537.36', '/jeetc/a/test/testDataMain', 'GET', '', '');
INSERT INTO `sys_log` VALUES ('0d34a055b815458ca4e3fb0a3241dafb', '1', '内容管理-内容发布-文章模型-查看', '1', '2017-03-09 19:22:36', '0:0:0:0:0:0:0:1', 'Mozilla/5.0 (compatible; MSIE 9.0; Windows NT 6.3; WOW64; Trident/7.0)', '/jeetc/a/cms/article/findByIds', 'GET', 0x6964733D312C322C332C, '');
INSERT INTO `sys_log` VALUES ('0da1634a1d7c42b285f5a7dc6fbb4bfe', '1', '内容管理-内容发布', '1', '2017-03-09 19:22:32', '0:0:0:0:0:0:0:1', 'Mozilla/5.0 (compatible; MSIE 9.0; Windows NT 6.3; WOW64; Trident/7.0)', '/jeetc/a/cms/', 'GET', '', '');
INSERT INTO `sys_log` VALUES ('0e04b359b7d046ae88e7cf66dd519215', '1', '系统登录', '1', '2017-03-09 19:22:28', '0:0:0:0:0:0:0:1', 'Mozilla/5.0 (compatible; MSIE 9.0; Windows NT 6.3; WOW64; Trident/7.0)', '/jeetc/a', 'GET', 0x6C6F67696E3D, '');
INSERT INTO `sys_log` VALUES ('0e1e9fad14224eedba426837108d247c', '1', '代码生成-主子表-编辑', '1', '2017-03-16 09:36:06', '0:0:0:0:0:0:0:1', 'Mozilla/5.0 (Windows NT 6.3; WOW64) AppleWebKit/537.36 (KHTML, like Gecko) Chrome/56.0.2924.87 Safari/537.36', '/jeetc/a/test/testDataMain/getSelectData', 'GET', 0x6E616D653D32265F3D31343839363238313636353034, '');
INSERT INTO `sys_log` VALUES ('0e7445117f944ddb9e416c85f693ced8', '1', '代码生成-主子表-编辑', '1', '2017-03-15 19:10:39', '0:0:0:0:0:0:0:1', 'Mozilla/5.0 (Windows NT 6.3; WOW64) AppleWebKit/537.36 (KHTML, like Gecko) Chrome/56.0.2924.87 Safari/537.36', '/jeetc/a/test/testDataMain/getSelectData', 'GET', 0x6E616D653D3231265F3D31343839353736323337343933, '');
INSERT INTO `sys_log` VALUES ('0ea671efc754425f97ec95667056049d', '1', '代码生成-主子表', '1', '2017-03-16 09:27:23', '0:0:0:0:0:0:0:1', 'Mozilla/5.0 (Windows NT 6.3; WOW64) AppleWebKit/537.36 (KHTML, like Gecko) Chrome/56.0.2924.87 Safari/537.36', '/jeetc/a/test/testDataMain', 'GET', '', '');
INSERT INTO `sys_log` VALUES ('0edcfc0bb382426fbaecd34ceb0cea2f', '1', '机构用户-用户管理', '1', '2017-03-09 13:35:53', '0:0:0:0:0:0:0:1', 'Mozilla/5.0 (compatible; MSIE 9.0; Windows NT 6.3; WOW64; Trident/7.0)', '/jeetc/a/sys/user/index', 'GET', '', '');
INSERT INTO `sys_log` VALUES ('0f02055445ab471b8e4e4b610d64a4ba', '1', '代码生成-主子表-编辑', '1', '2017-03-15 19:51:50', '0:0:0:0:0:0:0:1', 'Mozilla/5.0 (Windows NT 6.3; WOW64) AppleWebKit/537.36 (KHTML, like Gecko) Chrome/56.0.2924.87 Safari/537.36', '/jeetc/a/test/testDataMain/getSelectData', 'GET', 0x63616C6C6261636B3D6A51756572793138333030393238393236393538353136383034375F3134383935373837303733313426713D3132333126706167655F6C696D69743D3130266E616D653D6A75367A396D6A79616A7132646A75653367627676323674265F3D31343839353738373130323935, '');
INSERT INTO `sys_log` VALUES ('0f7067dfe8794a5d9bba7fea9b53f75e', '1', '代码生成-主子表-编辑', '1', '2017-03-16 09:49:33', '0:0:0:0:0:0:0:1', 'Mozilla/5.0 (Windows NT 6.3; WOW64) AppleWebKit/537.36 (KHTML, like Gecko) Chrome/56.0.2924.87 Safari/537.36', '/jeetc/a/test/testDataMain/getSelectData', 'GET', 0x6E616D653D62265F3D31343839363238393733393638, '');
INSERT INTO `sys_log` VALUES ('0f73cfd3e0624b47b89b38409854bcec', '1', '个人信息-个人信息', '1', '2017-03-15 19:07:07', '0:0:0:0:0:0:0:1', 'Mozilla/5.0 (Windows NT 6.3; WOW64) AppleWebKit/537.36 (KHTML, like Gecko) Chrome/56.0.2924.87 Safari/537.36', '/jeetc/a/sys/user/info', 'GET', '', '');
INSERT INTO `sys_log` VALUES ('1012e6eaa41d433cadf3734c4e4bd84a', '1', '代码生成-主子表-编辑', '1', '2017-03-16 09:50:08', '0:0:0:0:0:0:0:1', 'Mozilla/5.0 (Windows NT 6.3; WOW64) AppleWebKit/537.36 (KHTML, like Gecko) Chrome/56.0.2924.87 Safari/537.36', '/jeetc/a/test/testDataMain/getSelectData', 'GET', 0x6E616D653D6265265F3D31343839363239303038303237, '');
INSERT INTO `sys_log` VALUES ('104c3cc89f9a4adeaeb478d1f0136126', '1', '系统登录', '1', '2017-03-16 09:21:19', '0:0:0:0:0:0:0:1', 'Mozilla/5.0 (compatible; MSIE 9.0; Windows NT 6.3; WOW64; Trident/7.0)', '/jeetc/a', 'GET', 0x6C6F67696E3D, '');
INSERT INTO `sys_log` VALUES ('105670c5ad464e5da831c7aa9a51a26a', '1', '代码生成-主子表-编辑', '1', '2017-03-16 09:48:23', '0:0:0:0:0:0:0:1', 'Mozilla/5.0 (Windows NT 6.3; WOW64) AppleWebKit/537.36 (KHTML, like Gecko) Chrome/56.0.2924.87 Safari/537.36', '/jeetc/a/test/testDataMain/getSelectData', 'GET', 0x6E616D653D62265F3D31343839363238393033343035, '');
INSERT INTO `sys_log` VALUES ('106bd9c4e80a44a4b8a1890bf64a7e3b', '1', '代码生成-主子表', '1', '2017-03-16 09:35:33', '0:0:0:0:0:0:0:1', 'Mozilla/5.0 (Windows NT 6.3; WOW64) AppleWebKit/537.36 (KHTML, like Gecko) Chrome/56.0.2924.87 Safari/537.36', '/jeetc/a/test/testDataMain', 'GET', '', '');
INSERT INTO `sys_log` VALUES ('107be1ae6959441c90a28bb48431b59d', '1', '内容管理', '1', '2017-03-09 18:34:57', '0:0:0:0:0:0:0:1', 'Mozilla/5.0 (compatible; MSIE 9.0; Windows NT 6.3; WOW64; Trident/7.0)', '/jeetc/a/cms/none', 'GET', '', '');
INSERT INTO `sys_log` VALUES ('10857c63f0f1457f8ceddd8ba382bec6', '1', '代码生成-主子表', '1', '2017-03-17 08:59:38', '0:0:0:0:0:0:0:1', 'Mozilla/5.0 (compatible; MSIE 9.0; Windows NT 6.3; WOW64; Trident/7.0)', '/jeetc/a/test/testDataMain', 'GET', '', '');
INSERT INTO `sys_log` VALUES ('1100208846cb4777ae48cfd843c9755b', '1', '个人办公-请假办理-查看', '3', '2017-03-09 13:46:19', '0:0:0:0:0:0:0:1', 'Mozilla/5.0 (compatible; MSIE 9.0; Windows NT 6.3; WOW64; Trident/7.0)', '/jeetc/a/oa/leave/', 'GET', '', '');
INSERT INTO `sys_log` VALUES ('117198eadd4a4a38a673b60caad51cd2', '1', '个人办公-请假办理-查看', '1', '2017-03-09 13:28:57', '0:0:0:0:0:0:0:1', 'Mozilla/5.0 (compatible; MSIE 9.0; Windows NT 6.3; WOW64; Trident/7.0)', '/jeetc/a/oa/leave/form', 'GET', '', '');
INSERT INTO `sys_log` VALUES ('12203ef7dd3f4e358bab895f12cb4f4f', '1', '代码生成-主子表-编辑', '1', '2017-03-16 09:57:48', '0:0:0:0:0:0:0:1', 'Mozilla/5.0 (Windows NT 6.3; WOW64) AppleWebKit/537.36 (KHTML, like Gecko) Chrome/56.0.2924.87 Safari/537.36', '/jeetc/a/test/testDataMain/getSelectData', 'GET', 0x6E616D653DE58C97265F3D31343839363239343638313230, '');
INSERT INTO `sys_log` VALUES ('12853e1137ef4d4787ccd39ece056483', '1', '系统登录', '8', '2017-03-09 13:36:06', '0:0:0:0:0:0:0:1', 'Mozilla/5.0 (compatible; MSIE 9.0; Windows NT 6.3; WOW64; Trident/7.0)', '/jeetc/a', 'GET', 0x6C6F67696E3D, '');
INSERT INTO `sys_log` VALUES ('12b9ec38b2cd464a89c048352384ccc3', '1', '系统登录', '1', '2017-03-16 10:17:43', '0:0:0:0:0:0:0:1', 'Mozilla/5.0 (Windows NT 6.3; WOW64) AppleWebKit/537.36 (KHTML, like Gecko) Chrome/56.0.2924.87 Safari/537.36', '/jeetc/a/test/testDataMain', 'GET', '', '');
INSERT INTO `sys_log` VALUES ('12f2da83dffe43078127fa3809feb3d1', '1', '代码生成-主子表-编辑', '1', '2017-03-16 08:50:50', '0:0:0:0:0:0:0:1', 'Mozilla/5.0 (compatible; MSIE 9.0; Windows NT 6.3; WOW64; Trident/7.0)', '/jeetc/a/test/testDataMain/getSelectData', 'GET', 0x6E616D653D313233265F3D31343839363235343530383138, '');
INSERT INTO `sys_log` VALUES ('130d835b23364da88abe5cf2eee46c86', '1', '代码生成-主子表-编辑', '1', '2017-03-15 19:26:40', '0:0:0:0:0:0:0:1', 'Mozilla/5.0 (Windows NT 6.3; WOW64) AppleWebKit/537.36 (KHTML, like Gecko) Chrome/56.0.2924.87 Safari/537.36', '/jeetc/a/test/testDataMain/getSelectData', 'GET', 0x6E616D653D3132265F3D31343839353737313737383337, '');
INSERT INTO `sys_log` VALUES ('1322109462074e8fbc574fe57c424d26', '1', '代码生成-主子表', '1', '2017-03-16 09:05:17', '0:0:0:0:0:0:0:1', 'Mozilla/5.0 (compatible; MSIE 9.0; Windows NT 6.3; WOW64; Trident/7.0)', '/jeetc/a/test/testDataMain', 'GET', '', '');
INSERT INTO `sys_log` VALUES ('134f63ce07f6459c845bc68afa434f21', '1', '代码生成-主子表-编辑', '1', '2017-03-16 09:53:38', '0:0:0:0:0:0:0:1', 'Mozilla/5.0 (Windows NT 6.3; WOW64) AppleWebKit/537.36 (KHTML, like Gecko) Chrome/56.0.2924.87 Safari/537.36', '/jeetc/a/test/testDataMain/getSelectData', 'GET', 0x6E616D653DE58C97E4BAAC265F3D31343839363239323138373738, '');
INSERT INTO `sys_log` VALUES ('138b7d9f8b9545afa381690865c02d02', '1', '代码生成-主子表-编辑', '1', '2017-03-15 19:51:58', '0:0:0:0:0:0:0:1', 'Mozilla/5.0 (Windows NT 6.3; WOW64) AppleWebKit/537.36 (KHTML, like Gecko) Chrome/56.0.2924.87 Safari/537.36', '/jeetc/a/test/testDataMain/getSelectData', 'GET', 0x63616C6C6261636B3D6A517565727931383330353537373038303234393435375F3134383935373837313736353926713D31323326706167655F6C696D69743D3130266E616D653D6A75367A396D6A79616A7132646A75653367627676323674265F3D31343839353738373138383237, '');
INSERT INTO `sys_log` VALUES ('13ce1a595f68460488c739f63e74aea4', '1', '代码生成-主子表', '1', '2017-03-16 09:49:26', '0:0:0:0:0:0:0:1', 'Mozilla/5.0 (Windows NT 6.3; WOW64) AppleWebKit/537.36 (KHTML, like Gecko) Chrome/56.0.2924.87 Safari/537.36', '/jeetc/a/test/testDataMain', 'GET', '', '');
INSERT INTO `sys_log` VALUES ('141250ca04054f4b8a96ad3ea926069d', '1', '代码生成-单表', '1', '2017-03-16 08:55:46', '0:0:0:0:0:0:0:1', 'Mozilla/5.0 (compatible; MSIE 9.0; Windows NT 6.3; WOW64; Trident/7.0)', '/jeetc/a/test/testData', 'GET', '', '');
INSERT INTO `sys_log` VALUES ('14668aed7d9c44adbc1ffdb7e8ac7632', '1', '代码生成-主子表', '1', '2017-03-17 13:44:06', '0:0:0:0:0:0:0:1', 'Mozilla/5.0 (Windows NT 6.3; WOW64) AppleWebKit/537.36 (KHTML, like Gecko) Chrome/56.0.2924.87 Safari/537.36', '/jeetc/a/test/testDataMain', 'GET', '', '');
INSERT INTO `sys_log` VALUES ('148acd5e08fb4b0a80bccfe29414435b', '1', '内容管理-内容发布-文章模型', '1', '2017-03-09 18:40:06', '0:0:0:0:0:0:0:1', 'Mozilla/5.0 (compatible; MSIE 9.0; Windows NT 6.3; WOW64; Trident/7.0)', '/jeetc/a/cms/article/', 'GET', 0x63617465676F72792E69643D33, '');
INSERT INTO `sys_log` VALUES ('14f92beb2aa149e1ae4edf428a5db95e', '1', '个人办公-我的任务', '8', '2017-03-09 13:36:13', '0:0:0:0:0:0:0:1', 'Mozilla/5.0 (compatible; MSIE 9.0; Windows NT 6.3; WOW64; Trident/7.0)', '/jeetc/a/act/task/todo/', 'GET', '', '');
INSERT INTO `sys_log` VALUES ('150ca4d40d1f4e48b82ffdd5652652d1', '1', '内容管理-内容发布-文章模型-查看', '1', '2017-03-09 19:32:06', '0:0:0:0:0:0:0:1', 'Mozilla/5.0 (compatible; MSIE 9.0; Windows NT 6.3; WOW64; Trident/7.0)', '/jeetc/a/cms/article/form', 'GET', 0x69643D32, '');
INSERT INTO `sys_log` VALUES ('15fe19e4244f4b359f3224d7ef8f11ea', '1', '机构用户-机构管理', '1', '2017-03-17 13:44:00', '0:0:0:0:0:0:0:1', 'Mozilla/5.0 (Windows NT 6.3; WOW64) AppleWebKit/537.36 (KHTML, like Gecko) Chrome/56.0.2924.87 Safari/537.36', '/jeetc/a/sys/office/', 'GET', '', '');
INSERT INTO `sys_log` VALUES ('1649204b92d64d0c862b18fcefdcc3cf', '1', '内容管理-内容发布-文章模型-查看', '1', '2017-03-09 19:31:05', '0:0:0:0:0:0:0:1', 'Mozilla/5.0 (compatible; MSIE 9.0; Windows NT 6.3; WOW64; Trident/7.0)', '/jeetc/a/cms/article/form', 'GET', 0x69643D31, '');
INSERT INTO `sys_log` VALUES ('1649ab3d9ae0447fb7f5188db0f2adc8', '1', '个人信息-个人信息', '1', '2017-03-16 09:02:13', '0:0:0:0:0:0:0:1', 'Mozilla/5.0 (Windows NT 6.3; WOW64) AppleWebKit/537.36 (KHTML, like Gecko) Chrome/56.0.2924.87 Safari/537.36', '/jeetc/a/sys/user/info', 'GET', '', '');
INSERT INTO `sys_log` VALUES ('1669f658195e4eb4a5c91b3580c084b7', '1', '内容管理-内容发布', '1', '2017-03-09 18:27:30', '0:0:0:0:0:0:0:1', 'Mozilla/5.0 (compatible; MSIE 9.0; Windows NT 6.3; WOW64; Trident/7.0)', '/jeetc/a/cms/', 'GET', '', '');
INSERT INTO `sys_log` VALUES ('1680d140d79f4781a340921c4ac85f94', '1', '代码生成-主子表-编辑', '1', '2017-03-16 09:49:31', '0:0:0:0:0:0:0:1', 'Mozilla/5.0 (Windows NT 6.3; WOW64) AppleWebKit/537.36 (KHTML, like Gecko) Chrome/56.0.2924.87 Safari/537.36', '/jeetc/a/test/testDataMain/getSelectData', 'GET', 0x6E616D653D626569265F3D31343839363238393731393338, '');
INSERT INTO `sys_log` VALUES ('169d134167bd412f872974037f80385e', '1', '代码生成-主子表-编辑', '1', '2017-03-16 08:50:50', '0:0:0:0:0:0:0:1', 'Mozilla/5.0 (compatible; MSIE 9.0; Windows NT 6.3; WOW64; Trident/7.0)', '/jeetc/a/test/testDataMain/getSelectData', 'GET', 0x6E616D653D3132265F3D31343839363235343530313031, '');
INSERT INTO `sys_log` VALUES ('16b93c1af740452181ea64d79889fa9d', '1', '代码生成-主子表-编辑', '1', '2017-03-15 19:12:10', '0:0:0:0:0:0:0:1', 'Mozilla/5.0 (Windows NT 6.3; WOW64) AppleWebKit/537.36 (KHTML, like Gecko) Chrome/56.0.2924.87 Safari/537.36', '/jeetc/a/test/testDataMain/getSelectData', 'GET', 0x6E616D653DE58EBB313233313332265F3D31343839353736333330303934, '');
INSERT INTO `sys_log` VALUES ('16c8fb4a2321446fa3581f80b0d17a19', '1', '代码生成-主子表-编辑', '1', '2017-03-15 19:29:34', '0:0:0:0:0:0:0:1', 'Mozilla/5.0 (Windows NT 6.3; WOW64) AppleWebKit/537.36 (KHTML, like Gecko) Chrome/56.0.2924.87 Safari/537.36', '/jeetc/a/test/testDataMain/getSelectData', 'GET', 0x6E616D653D3132265F3D31343839353737333636323836, '');
INSERT INTO `sys_log` VALUES ('1726615029eb4612a7d7ed2a6352bdf2', '1', '代码生成-主子表-编辑', '1', '2017-03-16 09:05:21', '0:0:0:0:0:0:0:1', 'Mozilla/5.0 (compatible; MSIE 9.0; Windows NT 6.3; WOW64; Trident/7.0)', '/jeetc/a/test/testDataMain/getSelectData', 'GET', 0x6E616D653D31265F3D31343839363236333231313032, '');
INSERT INTO `sys_log` VALUES ('17468c3c394b47e98551fb1517eaacc1', '1', '内容管理-内容发布-文章模型-查看', '1', '2017-03-09 18:23:23', '0:0:0:0:0:0:0:1', 'Mozilla/5.0 (compatible; MSIE 9.0; Windows NT 6.3; WOW64; Trident/7.0)', '/jeetc/a/cms/article/form', 'GET', 0x69643D32, '');
INSERT INTO `sys_log` VALUES ('1774fc77522d4a2f8142fd3f0d683c50', '1', '栏目设置-切换站点', '1', '2017-03-17 13:43:56', '0:0:0:0:0:0:0:1', 'Mozilla/5.0 (Windows NT 6.3; WOW64) AppleWebKit/537.36 (KHTML, like Gecko) Chrome/56.0.2924.87 Safari/537.36', '/jeetc/a/cms/site/select', 'GET', '', '');
INSERT INTO `sys_log` VALUES ('17796e9634cc46ccb35b4fcc574dd794', '1', '代码生成-主子表', '1', '2017-03-17 08:56:32', '0:0:0:0:0:0:0:1', 'Mozilla/5.0 (compatible; MSIE 9.0; Windows NT 6.3; WOW64; Trident/7.0)', '/jeetc/a/test/testDataMain', 'GET', '', '');
INSERT INTO `sys_log` VALUES ('1799ce6898c04a2da4b93ee3d04f50cd', '1', '代码生成-主子表', '1', '2017-03-16 11:12:44', '0:0:0:0:0:0:0:1', 'Mozilla/5.0 (compatible; MSIE 9.0; Windows NT 6.3; WOW64; Trident/7.0)', '/jeetc/a/test/testDataMain', 'GET', '', '');
INSERT INTO `sys_log` VALUES ('17e4520b929e416896c6d5e67642d79c', '1', '代码生成-主子表-编辑', '1', '2017-03-15 19:51:50', '0:0:0:0:0:0:0:1', 'Mozilla/5.0 (Windows NT 6.3; WOW64) AppleWebKit/537.36 (KHTML, like Gecko) Chrome/56.0.2924.87 Safari/537.36', '/jeetc/a/test/testDataMain/getSelectData', 'GET', 0x63616C6C6261636B3D6A51756572793138333030393238393236393538353136383034375F3134383935373837303733313426713D31323326706167655F6C696D69743D3130266E616D653D6A75367A396D6A79616A7132646A75653367627676323674265F3D31343839353738373130303834, '');
INSERT INTO `sys_log` VALUES ('184e2e51c8494b95ab05d3d542fa76e1', '1', '内容管理-内容发布-文章模型', '1', '2017-03-09 18:17:41', '0:0:0:0:0:0:0:1', 'Mozilla/5.0 (compatible; MSIE 9.0; Windows NT 6.3; WOW64; Trident/7.0)', '/jeetc/a/cms/article/', 'GET', 0x63617465676F72792E69643D33, '');
INSERT INTO `sys_log` VALUES ('18c5c33c72b048aea1aa7910f7170e04', '1', '代码生成-主子表-编辑', '1', '2017-03-17 08:59:39', '0:0:0:0:0:0:0:1', 'Mozilla/5.0 (compatible; MSIE 9.0; Windows NT 6.3; WOW64; Trident/7.0)', '/jeetc/a/test/testDataMain/getSelectData', 'GET', 0x6E616D653D31265F3D31343839373132333739383836, '');
INSERT INTO `sys_log` VALUES ('192d48e39dc2439d84c271587982be20', '1', '代码生成-主子表-编辑', '1', '2017-03-16 09:49:34', '0:0:0:0:0:0:0:1', 'Mozilla/5.0 (Windows NT 6.3; WOW64) AppleWebKit/537.36 (KHTML, like Gecko) Chrome/56.0.2924.87 Safari/537.36', '/jeetc/a/test/testDataMain/getSelectData', 'GET', 0x6E616D653D626569265F3D31343839363238393734323137, '');
INSERT INTO `sys_log` VALUES ('19486a0107d24406826ab5afbbffd119', '1', '代码生成-主子表-编辑', '1', '2017-03-16 08:55:59', '0:0:0:0:0:0:0:1', 'Mozilla/5.0 (compatible; MSIE 9.0; Windows NT 6.3; WOW64; Trident/7.0)', '/jeetc/a/test/testDataMain/getSelectData', 'GET', 0x6E616D653D31265F3D31343839363235373539383930, '');
INSERT INTO `sys_log` VALUES ('19493ca7fd6a4f72bb645f392af84cac', '1', '内容管理-内容发布-文章模型', '1', '2017-03-09 19:31:03', '0:0:0:0:0:0:0:1', 'Mozilla/5.0 (compatible; MSIE 9.0; Windows NT 6.3; WOW64; Trident/7.0)', '/jeetc/a/cms/article/', 'GET', 0x63617465676F72792E69643D33, '');
INSERT INTO `sys_log` VALUES ('197665eef2774660885adf85b462c41f', '1', '代码生成-主子表-编辑', '1', '2017-03-16 10:17:49', '0:0:0:0:0:0:0:1', 'Mozilla/5.0 (Windows NT 6.3; WOW64) AppleWebKit/537.36 (KHTML, like Gecko) Chrome/56.0.2924.87 Safari/537.36', '/jeetc/a/test/testDataMain/getSelectData', 'GET', 0x6E616D653D61626262265F3D31343839363330363639393137, '');
INSERT INTO `sys_log` VALUES ('1a2dba7fc8cb4007aa2e2f3b0bd3946b', '1', '代码生成-主子表-编辑', '1', '2017-03-15 19:28:56', '0:0:0:0:0:0:0:1', 'Mozilla/5.0 (Windows NT 6.3; WOW64) AppleWebKit/537.36 (KHTML, like Gecko) Chrome/56.0.2924.87 Safari/537.36', '/jeetc/a/test/testDataMain/getSelectData', 'GET', 0x6E616D653D31265F3D31343839353737333334353538, '');
INSERT INTO `sys_log` VALUES ('1a6036fdb9134d65bc966eef40e25271', '1', '内容管理-内容发布-文章模型-修改', '1', '2017-03-09 19:24:15', '0:0:0:0:0:0:0:1', 'Mozilla/5.0 (compatible; MSIE 9.0; Windows NT 6.3; WOW64; Trident/7.0)', '/jeetc/a/cms/article/save', 'POST', 0x69643D312663617465676F72792E69643D332663617465676F72792E6E616D653DE7BD91E7AB99E7AE80E4BB8B267469746C653DE69687E7ABA0E6A087E9A298E6A087E9A298E6A087E9A298E6A087E9A29826636F6C6F723D677265656E266C696E6B3D266B6579776F7264733DE585B3E994AEE5AD97312CE585B3E994AEE5AD9732267765696768743D3026776569676874446174653D266465736372697074696F6E3D26696D6167653D2661727469636C65446174612E636F707966726F6D3DE69DA5E6BA902661727469636C65446174612E72656C6174696F6E3D312C322C332C2661727469636C65446174612E616C6C6F77436F6D6D656E743D31265F706F7369644C6973743D6F6E26637265617465446174653D323031332D30352D32372030383A30303A30302664656C466C61673D3026637573746F6D436F6E74656E74566965773D2676696577436F6E6669673D2661727469636C65446174612E636F6E74656E743D, '');
INSERT INTO `sys_log` VALUES ('1a840659cf224725a4ebf43b9f413f59', '1', '代码生成-主子表', '1', '2017-03-15 19:28:53', '0:0:0:0:0:0:0:1', 'Mozilla/5.0 (Windows NT 6.3; WOW64) AppleWebKit/537.36 (KHTML, like Gecko) Chrome/56.0.2924.87 Safari/537.36', '/jeetc/a/test/testDataMain', 'GET', '', '');
INSERT INTO `sys_log` VALUES ('1ac700f36c064217947aa309a174a32a', '1', '代码生成-单表', '1', '2017-03-17 08:56:29', '0:0:0:0:0:0:0:1', 'Mozilla/5.0 (compatible; MSIE 9.0; Windows NT 6.3; WOW64; Trident/7.0)', '/jeetc/a/test/testData', 'GET', '', '');
INSERT INTO `sys_log` VALUES ('1b29f403733142809a58988d1786846f', '1', '内容管理-内容发布', '1', '2017-03-09 18:37:50', '0:0:0:0:0:0:0:1', 'Mozilla/5.0 (compatible; MSIE 9.0; Windows NT 6.3; WOW64; Trident/7.0)', '/jeetc/a/cms/', 'GET', '', '');
INSERT INTO `sys_log` VALUES ('1b2c8060dbf54ce58c2ccaf300a8fb76', '1', '代码生成-主子表-编辑', '1', '2017-03-16 10:17:58', '0:0:0:0:0:0:0:1', 'Mozilla/5.0 (Windows NT 6.3; WOW64) AppleWebKit/537.36 (KHTML, like Gecko) Chrome/56.0.2924.87 Safari/537.36', '/jeetc/a/test/testDataMain/getSelectData', 'GET', 0x6E616D653D62265F3D31343839363330363738343936, '');
INSERT INTO `sys_log` VALUES ('1b44dc0ebbd346a3b339d276d66ee9c2', '1', '代码生成-主子表-编辑', '1', '2017-03-16 10:20:43', '0:0:0:0:0:0:0:1', 'Mozilla/5.0 (Windows NT 6.3; WOW64) AppleWebKit/537.36 (KHTML, like Gecko) Chrome/56.0.2924.87 Safari/537.36', '/jeetc/a/test/testDataMain/getSelectData', 'GET', 0x6E616D653D6162265F3D31343839363330383433333333, '');
INSERT INTO `sys_log` VALUES ('1b47b2684794407bb8f136d2319ebfe1', '1', '代码生成-主子表-编辑', '1', '2017-03-16 09:21:55', '0:0:0:0:0:0:0:1', 'Mozilla/5.0 (compatible; MSIE 9.0; Windows NT 6.3; WOW64; Trident/7.0)', '/jeetc/a/test/testDataMain/getSelectData', 'GET', 0x6E616D653D313233265F3D31343839363237333135323330, '');
INSERT INTO `sys_log` VALUES ('1d5d77c1b6d74fdd95f48b3929b68eca', '1', '代码生成-主子表', '1', '2017-03-15 19:07:12', '0:0:0:0:0:0:0:1', 'Mozilla/5.0 (Windows NT 6.3; WOW64) AppleWebKit/537.36 (KHTML, like Gecko) Chrome/56.0.2924.87 Safari/537.36', '/jeetc/a/test/testDataMain', 'GET', '', '');
INSERT INTO `sys_log` VALUES ('1d904fed4874483faed4cc03b9228f4d', '1', '代码生成-主子表-编辑', '1', '2017-03-15 19:27:08', '0:0:0:0:0:0:0:1', 'Mozilla/5.0 (Windows NT 6.3; WOW64) AppleWebKit/537.36 (KHTML, like Gecko) Chrome/56.0.2924.87 Safari/537.36', '/jeetc/a/test/testDataMain/getSelectData', 'GET', 0x6E616D653D31323331323331265F3D31343839353737323238333038, '');
INSERT INTO `sys_log` VALUES ('1db8ba10bc584e268cc0af3e49050eef', '1', '系统登录', '1', '2017-03-16 10:28:42', '0:0:0:0:0:0:0:1', 'Mozilla/5.0 (Windows NT 6.3; WOW64) AppleWebKit/537.36 (KHTML, like Gecko) Chrome/56.0.2924.87 Safari/537.36', '/jeetc/a', 'GET', 0x6C6F67696E3D, '');
INSERT INTO `sys_log` VALUES ('1dd3c8279bd94c7091f798d5f9bea950', '1', '代码生成-主子表', '1', '2017-03-15 19:30:13', '0:0:0:0:0:0:0:1', 'Mozilla/5.0 (Windows NT 6.3; WOW64) AppleWebKit/537.36 (KHTML, like Gecko) Chrome/56.0.2924.87 Safari/537.36', '/jeetc/a/test/testDataMain', 'GET', '', '');
INSERT INTO `sys_log` VALUES ('1e4127a2030a4ceb91da34b952c8b586', '1', '代码生成-主子表-编辑', '1', '2017-03-16 09:21:24', '0:0:0:0:0:0:0:1', 'Mozilla/5.0 (compatible; MSIE 9.0; Windows NT 6.3; WOW64; Trident/7.0)', '/jeetc/a/test/testDataMain/getSelectData', 'GET', 0x6E616D653D3132265F3D31343839363237323834383935, '');
INSERT INTO `sys_log` VALUES ('1e58ff49568f4f30a2b66838c99a4260', '1', '系统登录', '1', '2017-03-16 09:35:32', '0:0:0:0:0:0:0:1', 'Mozilla/5.0 (Windows NT 6.3; WOW64) AppleWebKit/537.36 (KHTML, like Gecko) Chrome/56.0.2924.87 Safari/537.36', '/jeetc/a/test/testDataMain', 'GET', '', '');
INSERT INTO `sys_log` VALUES ('1e5c0a6153e84d78b7dd678575a521c9', '1', '个人办公-请假办理-查看', '1', '2017-03-09 13:30:55', '0:0:0:0:0:0:0:1', 'Mozilla/5.0 (compatible; MSIE 9.0; Windows NT 6.3; WOW64; Trident/7.0)', '/jeetc/a/oa/leave/form', 'GET', '', '');
INSERT INTO `sys_log` VALUES ('1ecbf43453d54ac2b85c924721b42177', '1', '代码生成-主子表-编辑', '1', '2017-03-15 19:27:08', '0:0:0:0:0:0:0:1', 'Mozilla/5.0 (Windows NT 6.3; WOW64) AppleWebKit/537.36 (KHTML, like Gecko) Chrome/56.0.2924.87 Safari/537.36', '/jeetc/a/test/testDataMain/getSelectData', 'GET', 0x6E616D653D3132333132265F3D31343839353737323237393835, '');
INSERT INTO `sys_log` VALUES ('1f5b32a8193248abbc9d4f4a1a89a1c4', '1', '机构用户-用户管理-查看', '1', '2017-03-20 09:36:07', '0:0:0:0:0:0:0:1', 'Mozilla/5.0 (Windows NT 6.3; WOW64) AppleWebKit/537.36 (KHTML, like Gecko) Chrome/56.0.2924.87 Safari/537.36', '/jeetc/a/sys/user/form', 'GET', 0x69643D32, '');
INSERT INTO `sys_log` VALUES ('1f9539ccd1494391941eecd9dca17bb5', '1', '代码生成-主子表-编辑', '1', '2017-03-16 08:51:35', '0:0:0:0:0:0:0:1', 'Mozilla/5.0 (compatible; MSIE 9.0; Windows NT 6.3; WOW64; Trident/7.0)', '/jeetc/a/test/testDataMain/getSelectData', 'GET', 0x6E616D653D31265F3D31343839363235343835353433, '');
INSERT INTO `sys_log` VALUES ('1f9bcad080a04658bc484dd8938e9518', '1', '内容管理-内容发布-文章模型', '1', '2017-03-09 19:34:07', '0:0:0:0:0:0:0:1', 'Mozilla/5.0 (compatible; MSIE 9.0; Windows NT 6.3; WOW64; Trident/7.0)', '/jeetc/a/cms/article/', 'GET', 0x63617465676F72792E69643D33, '');
INSERT INTO `sys_log` VALUES ('206b5eeab0024a9f822671ed15f8268a', '1', '代码生成-主子表-编辑', '1', '2017-03-16 09:48:38', '0:0:0:0:0:0:0:1', 'Mozilla/5.0 (Windows NT 6.3; WOW64) AppleWebKit/537.36 (KHTML, like Gecko) Chrome/56.0.2924.87 Safari/537.36', '/jeetc/a/test/testDataMain/getSelectData', 'GET', 0x6E616D653D6265692765265F3D31343839363238393138373333, '');
INSERT INTO `sys_log` VALUES ('20d7663c841e4323b42471adcc64004b', '1', '代码生成-主子表-编辑', '1', '2017-03-17 13:44:11', '0:0:0:0:0:0:0:1', 'Mozilla/5.0 (Windows NT 6.3; WOW64) AppleWebKit/537.36 (KHTML, like Gecko) Chrome/56.0.2924.87 Safari/537.36', '/jeetc/a/test/testDataMain/getSelectData', 'GET', 0x6E616D653D313226706167655F6C696D69743D3926706167653D31265F3D31343839373239343531303836, '');
INSERT INTO `sys_log` VALUES ('2104386a084442998d713aed1b4a5162', '1', '机构用户-用户管理', '1', '2017-03-09 14:07:27', '0:0:0:0:0:0:0:1', 'Mozilla/5.0 (compatible; MSIE 9.0; Windows NT 6.3; WOW64; Trident/7.0)', '/jeetc/a/sys/user/index', 'GET', '', '');
INSERT INTO `sys_log` VALUES ('212b2914b5ac44b7a170105f40865fc6', '1', '代码生成-主子表-编辑', '1', '2017-03-16 09:35:34', '0:0:0:0:0:0:0:1', 'Mozilla/5.0 (Windows NT 6.3; WOW64) AppleWebKit/537.36 (KHTML, like Gecko) Chrome/56.0.2924.87 Safari/537.36', '/jeetc/a/test/testDataMain/getSelectData', 'GET', 0x6E616D653D31265F3D31343839363238313334363139, '');
INSERT INTO `sys_log` VALUES ('21478aaf5d764d4eb2626787bbde8e34', '1', '内容管理-内容发布-文章模型-查看', '1', '2017-03-09 18:51:58', '0:0:0:0:0:0:0:1', 'Mozilla/5.0 (compatible; MSIE 9.0; Windows NT 6.3; WOW64; Trident/7.0)', '/jeetc/a/cms/article/form', 'GET', 0x69643D31, '');
INSERT INTO `sys_log` VALUES ('216a1b9e48664802b11c18462c8f51ff', '1', '代码生成-主子表-编辑', '1', '2017-03-16 10:28:56', '0:0:0:0:0:0:0:1', 'Mozilla/5.0 (Windows NT 6.3; WOW64) AppleWebKit/537.36 (KHTML, like Gecko) Chrome/56.0.2924.87 Safari/537.36', '/jeetc/a/test/testDataMain/getSelectData', 'GET', 0x6E616D653D62265F3D31343839363331333336333536, '');
INSERT INTO `sys_log` VALUES ('219a2b340e484b7c9cc546e704dc246e', '1', '代码生成-主子表-编辑', '1', '2017-03-16 08:55:57', '0:0:0:0:0:0:0:1', 'Mozilla/5.0 (compatible; MSIE 9.0; Windows NT 6.3; WOW64; Trident/7.0)', '/jeetc/a/test/testDataMain/getSelectData', 'GET', 0x6E616D653D31323331265F3D31343839363235373537363434, '');
INSERT INTO `sys_log` VALUES ('21ffdc306ec14f928d0f0c324d4a4d05', '1', '代码生成-主子表-编辑', '1', '2017-03-15 19:27:07', '0:0:0:0:0:0:0:1', 'Mozilla/5.0 (Windows NT 6.3; WOW64) AppleWebKit/537.36 (KHTML, like Gecko) Chrome/56.0.2924.87 Safari/537.36', '/jeetc/a/test/testDataMain/getSelectData', 'GET', 0x6E616D653D3132265F3D31343839353737323237353934, '');
INSERT INTO `sys_log` VALUES ('223b205e27a14a6c90e12371803da7b9', '1', '代码生成-主子表', '1', '2017-03-16 09:50:06', '0:0:0:0:0:0:0:1', 'Mozilla/5.0 (Windows NT 6.3; WOW64) AppleWebKit/537.36 (KHTML, like Gecko) Chrome/56.0.2924.87 Safari/537.36', '/jeetc/a/test/testDataMain', 'GET', '', '');
INSERT INTO `sys_log` VALUES ('229eed349052423aba9250b6ffc5c721', '1', '代码生成-主子表-编辑', '1', '2017-03-16 10:03:12', '0:0:0:0:0:0:0:1', 'Mozilla/5.0 (Windows NT 6.3; WOW64) AppleWebKit/537.36 (KHTML, like Gecko) Chrome/56.0.2924.87 Safari/537.36', '/jeetc/a/test/testDataMain/getSelectData', 'GET', 0x6E616D653DE58C97265F3D31343839363239373932323832, '');
INSERT INTO `sys_log` VALUES ('235ff06f1cfd4a2b90126c01263cec9d', '1', '内容管理-内容发布-文章模型', '1', '2017-03-09 18:27:54', '0:0:0:0:0:0:0:1', 'Mozilla/5.0 (compatible; MSIE 9.0; Windows NT 6.3; WOW64; Trident/7.0)', '/jeetc/a/cms/article/', 'GET', 0x63617465676F72792E69643D34, '');
INSERT INTO `sys_log` VALUES ('2365c9f5ac654da09689dc2c1269f496', '1', '代码生成-代码生成-代码模板管理', '1', '2017-03-17 12:35:14', '0:0:0:0:0:0:0:1', 'Mozilla/5.0 (compatible; MSIE 9.0; Windows NT 6.3; WOW64; Trident/7.0)', '/jeetc/a/gen/genTemplate', 'GET', '', '');
INSERT INTO `sys_log` VALUES ('248b9b8100fe424aac0e0af1fa9e9044', '1', '系统设置-数据库备份', '1', '2017-03-15 19:35:56', '0:0:0:0:0:0:0:1', 'Mozilla/5.0 (Windows NT 6.3; WOW64) AppleWebKit/537.36 (KHTML, like Gecko) Chrome/56.0.2924.87 Safari/537.36', '/jeetc/a/sys/mySql', 'GET', '', '');
INSERT INTO `sys_log` VALUES ('24bede5e241e4e7189081a0353c82e54', '1', '代码生成-主子表-编辑', '1', '2017-03-17 09:19:33', '0:0:0:0:0:0:0:1', 'Mozilla/5.0 (compatible; MSIE 9.0; Windows NT 6.3; WOW64; Trident/7.0)', '/jeetc/a/test/testDataMain/getSelectData', 'GET', 0x6E616D653D3132265F3D31343839373133353733383131, '');
INSERT INTO `sys_log` VALUES ('25011784c6b04d539b543196f91bf83d', '1', '代码生成-主子表', '1', '2017-03-16 10:02:40', '0:0:0:0:0:0:0:1', 'Mozilla/5.0 (Windows NT 6.3; WOW64) AppleWebKit/537.36 (KHTML, like Gecko) Chrome/56.0.2924.87 Safari/537.36', '/jeetc/a/test/testDataMain', 'GET', '', '');
INSERT INTO `sys_log` VALUES ('253a278daf9a49ebbf05f15c7949446f', '1', '系统登录', '1', '2017-03-15 20:00:31', '0:0:0:0:0:0:0:1', 'Mozilla/5.0 (Windows NT 6.3; WOW64) AppleWebKit/537.36 (KHTML, like Gecko) Chrome/56.0.2924.87 Safari/537.36', '/jeetc/a/test/testDataMain', 'GET', '', '');
INSERT INTO `sys_log` VALUES ('26895b26e5c64336848fa81d4683e25f', '1', '内容管理-内容发布-文章模型', '1', '2017-03-09 19:34:26', '0:0:0:0:0:0:0:1', 'Mozilla/5.0 (compatible; MSIE 9.0; Windows NT 6.3; WOW64; Trident/7.0)', '/jeetc/a/cms/article/', 'GET', 0x63617465676F72792E69643D33, '');
INSERT INTO `sys_log` VALUES ('26c12ef786ac4139865fcaadb57d8fe7', '1', '代码生成-主子表', '1', '2017-03-16 09:36:05', '0:0:0:0:0:0:0:1', 'Mozilla/5.0 (Windows NT 6.3; WOW64) AppleWebKit/537.36 (KHTML, like Gecko) Chrome/56.0.2924.87 Safari/537.36', '/jeetc/a/test/testDataMain', 'GET', '', '');
INSERT INTO `sys_log` VALUES ('271beb05cb494e08b59a754d938a9ef4', '1', '代码生成-主子表-编辑', '1', '2017-03-16 10:20:39', '0:0:0:0:0:0:0:1', 'Mozilla/5.0 (Windows NT 6.3; WOW64) AppleWebKit/537.36 (KHTML, like Gecko) Chrome/56.0.2924.87 Safari/537.36', '/jeetc/a/test/testDataMain/getSelectData', 'GET', 0x6E616D653D6162265F3D31343839363330383339393135, '');
INSERT INTO `sys_log` VALUES ('2746d7e811c94108b94ca872fa38a2c9', '1', '内容管理-内容发布-文章模型-查看', '1', '2017-03-09 19:34:05', '0:0:0:0:0:0:0:1', 'Mozilla/5.0 (compatible; MSIE 9.0; Windows NT 6.3; WOW64; Trident/7.0)', '/jeetc/a/cms/article/form', 'GET', 0x69643D32, '');
INSERT INTO `sys_log` VALUES ('274b6205dada40069bf86689051688b0', '1', '内容管理-内容发布-文章模型', '1', '2017-03-09 18:23:21', '0:0:0:0:0:0:0:1', 'Mozilla/5.0 (compatible; MSIE 9.0; Windows NT 6.3; WOW64; Trident/7.0)', '/jeetc/a/cms/article/', 'GET', 0x63617465676F72792E69643D33, '');
INSERT INTO `sys_log` VALUES ('2786e842123141678abae2a6548d4f97', '1', '机构用户-用户管理-查看', '1', '2017-03-20 09:36:28', '0:0:0:0:0:0:0:1', 'Mozilla/5.0 (Windows NT 6.3; WOW64) AppleWebKit/537.36 (KHTML, like Gecko) Chrome/56.0.2924.87 Safari/537.36', '/jeetc/a/sys/user/list', 'GET', 0x7265706167653D, '');
INSERT INTO `sys_log` VALUES ('27b1f95497d84d1caa71221bafe809ba', '1', '内容管理-内容发布-文章模型-查看', '1', '2017-03-09 19:35:48', '0:0:0:0:0:0:0:1', 'Mozilla/5.0 (compatible; MSIE 9.0; Windows NT 6.3; WOW64; Trident/7.0)', '/jeetc/a/cms/article/form', 'GET', 0x69643D32, '');
INSERT INTO `sys_log` VALUES ('2856fa7d34fd45c3a3c4cbc2830a428e', '1', '内容管理-内容发布-文章模型-查看', '1', '2017-03-09 18:22:13', '0:0:0:0:0:0:0:1', 'Mozilla/5.0 (compatible; MSIE 9.0; Windows NT 6.3; WOW64; Trident/7.0)', '/jeetc/a/cms/article/form', 'GET', 0x69643D32, '');
INSERT INTO `sys_log` VALUES ('296e514eb070463895f9608fc2ad8734', '1', '代码生成-主子表-编辑', '1', '2017-03-16 09:21:25', '0:0:0:0:0:0:0:1', 'Mozilla/5.0 (compatible; MSIE 9.0; Windows NT 6.3; WOW64; Trident/7.0)', '/jeetc/a/test/testDataMain/getSelectData', 'GET', 0x6E616D653D313233265F3D31343839363237323835363234, '');
INSERT INTO `sys_log` VALUES ('29bc51cc8b8a4816b0da1f0d29bcdbdc', '1', '代码生成-主子表', '1', '2017-03-16 08:55:47', '0:0:0:0:0:0:0:1', 'Mozilla/5.0 (compatible; MSIE 9.0; Windows NT 6.3; WOW64; Trident/7.0)', '/jeetc/a/test/testDataMain', 'GET', '', '');
INSERT INTO `sys_log` VALUES ('2a254cdf25574a60ba4725601e58f619', '1', '代码生成-主子表', '1', '2017-03-17 08:56:47', '0:0:0:0:0:0:0:1', 'Mozilla/5.0 (compatible; MSIE 9.0; Windows NT 6.3; WOW64; Trident/7.0)', '/jeetc/a/test/testDataMain', 'GET', '', '');
INSERT INTO `sys_log` VALUES ('2b4df7be2237415181e55a0fb998ecac', '1', '代码生成-主子表', '1', '2017-03-16 08:55:45', '0:0:0:0:0:0:0:1', 'Mozilla/5.0 (compatible; MSIE 9.0; Windows NT 6.3; WOW64; Trident/7.0)', '/jeetc/a/test/testDataMain', 'GET', '', '');
INSERT INTO `sys_log` VALUES ('2b503066c22d42b587dcff77e379a137', '1', '代码生成-主子表-编辑', '1', '2017-03-16 09:52:43', '0:0:0:0:0:0:0:1', 'Mozilla/5.0 (Windows NT 6.3; WOW64) AppleWebKit/537.36 (KHTML, like Gecko) Chrome/56.0.2924.87 Safari/537.36', '/jeetc/a/test/testDataMain/getSelectData', 'GET', 0x6E616D653DE58C97265F3D31343839363239313633303637, '');
INSERT INTO `sys_log` VALUES ('2b54c54347a7459f94cb0a3a9502e467', '1', '个人信息-个人信息', '2', '2017-03-20 09:36:41', '0:0:0:0:0:0:0:1', 'Mozilla/5.0 (Windows NT 6.3; WOW64) AppleWebKit/537.36 (KHTML, like Gecko) Chrome/56.0.2924.87 Safari/537.36', '/jeetc/a/sys/user/info', 'GET', '', '');
INSERT INTO `sys_log` VALUES ('2b80a94af3d64ac1a73c767da92b0bbc', '1', '代码生成-主子表', '1', '2017-03-16 09:50:25', '0:0:0:0:0:0:0:1', 'Mozilla/5.0 (Windows NT 6.3; WOW64) AppleWebKit/537.36 (KHTML, like Gecko) Chrome/56.0.2924.87 Safari/537.36', '/jeetc/a/test/testDataMain', 'GET', '', '');
INSERT INTO `sys_log` VALUES ('2bac4c5dc1ba4c31a2873397e9fa5cdb', '1', '代码生成-主子表-编辑', '1', '2017-03-17 09:13:05', '0:0:0:0:0:0:0:1', 'Mozilla/5.0 (compatible; MSIE 9.0; Windows NT 6.3; WOW64; Trident/7.0)', '/jeetc/a/test/testDataMain/getSelectData', 'GET', 0x6E616D653D31265F3D31343839373133313835373138, '');
INSERT INTO `sys_log` VALUES ('2cf3c4624bf04df9aa24a5f756af9d5f', '1', '代码生成-主子表-编辑', '1', '2017-03-16 09:29:31', '0:0:0:0:0:0:0:1', 'Mozilla/5.0 (Windows NT 6.3; WOW64) AppleWebKit/537.36 (KHTML, like Gecko) Chrome/56.0.2924.87 Safari/537.36', '/jeetc/a/test/testDataMain/getSelectData', 'GET', 0x6E616D653D31323334265F3D31343839363237373731313337, '');
INSERT INTO `sys_log` VALUES ('2d25a95478874fe68ba9472e57e8ed70', '1', '代码生成-主子表-编辑', '1', '2017-03-16 10:22:36', '0:0:0:0:0:0:0:1', 'Mozilla/5.0 (Windows NT 6.3; WOW64) AppleWebKit/537.36 (KHTML, like Gecko) Chrome/56.0.2924.87 Safari/537.36', '/jeetc/a/test/testDataMain/getSelectData', 'GET', 0x6E616D653D62265F3D31343839363330393536343733, '');
INSERT INTO `sys_log` VALUES ('2d54ab6a548b49858ee538e0ae47ca8a', '1', '内容管理-内容发布-文章模型', '1', '2017-03-09 18:35:05', '0:0:0:0:0:0:0:1', 'Mozilla/5.0 (compatible; MSIE 9.0; Windows NT 6.3; WOW64; Trident/7.0)', '/jeetc/a/cms/article/', 'GET', 0x63617465676F72792E69643D34, '');
INSERT INTO `sys_log` VALUES ('2e6484d13dd44a65b8ae4843ba7f449e', '1', '代码生成-主子表-编辑', '1', '2017-03-15 19:49:37', '0:0:0:0:0:0:0:1', 'Mozilla/5.0 (Windows NT 6.3; WOW64) AppleWebKit/537.36 (KHTML, like Gecko) Chrome/56.0.2924.87 Safari/537.36', '/jeetc/a/test/testDataMain/getSelectData', 'GET', 0x63616C6C6261636B3D6A517565727931383330333738343834373034353439323736355F3134383935373835373637313226713D3126706167655F6C696D69743D3130266E616D653D6A75367A396D6A79616A7132646A75653367627676323674265F3D31343839353738353737393535, '');
INSERT INTO `sys_log` VALUES ('2e8bc555721e4b249a597b219e247edf', '1', '代码生成-主子表-编辑', '1', '2017-03-16 09:26:47', '0:0:0:0:0:0:0:1', 'Mozilla/5.0 (Windows NT 6.3; WOW64) AppleWebKit/537.36 (KHTML, like Gecko) Chrome/56.0.2924.87 Safari/537.36', '/jeetc/a/test/testDataMain/getSelectData', 'GET', 0x6E616D653D31265F3D31343839363237363037303838, '');
INSERT INTO `sys_log` VALUES ('2f0ce29132734481af788a7785353320', '1', '代码生成-主子表', '1', '2017-03-16 09:26:00', '0:0:0:0:0:0:0:1', 'Mozilla/5.0 (Windows NT 6.3; WOW64) AppleWebKit/537.36 (KHTML, like Gecko) Chrome/56.0.2924.87 Safari/537.36', '/jeetc/a/test/testDataMain', 'GET', '', '');
INSERT INTO `sys_log` VALUES ('2f10b5fc05ad4a50aae58c41289f675c', '1', '代码生成-主子表-编辑', '1', '2017-03-16 11:15:31', '0:0:0:0:0:0:0:1', 'Mozilla/5.0 (compatible; MSIE 9.0; Windows NT 6.3; WOW64; Trident/7.0)', '/jeetc/a/test/testDataMain/getSelectData', 'GET', 0x6E616D653D31265F3D31343839363334313331313333, '');
INSERT INTO `sys_log` VALUES ('2f6ada7e490d4b29934a4f351529b1c6', '1', '代码生成-主子表-编辑', '1', '2017-03-16 09:27:51', '0:0:0:0:0:0:0:1', 'Mozilla/5.0 (Windows NT 6.3; WOW64) AppleWebKit/537.36 (KHTML, like Gecko) Chrome/56.0.2924.87 Safari/537.36', '/jeetc/a/test/testDataMain/getSelectData', 'GET', 0x6E616D653D3132265F3D31343839363237363731373935, '');
INSERT INTO `sys_log` VALUES ('305ed8ead976408cac31dfd2605ea3df', '1', '代码生成-主子表-编辑', '1', '2017-03-15 19:27:14', '0:0:0:0:0:0:0:1', 'Mozilla/5.0 (Windows NT 6.3; WOW64) AppleWebKit/537.36 (KHTML, like Gecko) Chrome/56.0.2924.87 Safari/537.36', '/jeetc/a/test/testDataMain/getSelectData', 'GET', 0x6E616D653D6131265F3D31343839353737323334373834, '');
INSERT INTO `sys_log` VALUES ('3066d977325847b6aae1d849677e6f9e', '1', '代码生成-主子表-编辑', '1', '2017-03-15 20:10:18', '0:0:0:0:0:0:0:1', 'Mozilla/5.0 (Windows NT 6.3; WOW64) AppleWebKit/537.36 (KHTML, like Gecko) Chrome/56.0.2924.87 Safari/537.36', '/jeetc/a/test/testDataMain/getSelectData', 'GET', 0x6E616D653D31313233265F3D31343839353739383138353135, '');
INSERT INTO `sys_log` VALUES ('30752152df674dafbdc8a990d25c7e7a', '1', '内容管理', '1', '2017-03-09 18:23:11', '0:0:0:0:0:0:0:1', 'Mozilla/5.0 (compatible; MSIE 9.0; Windows NT 6.3; WOW64; Trident/7.0)', '/jeetc/a/cms/tree', 'GET', '', '');
INSERT INTO `sys_log` VALUES ('30b9de36ede54087a7dcb29559330a68', '1', '代码生成-主子表-编辑', '1', '2017-03-16 08:53:23', '0:0:0:0:0:0:0:1', 'Mozilla/5.0 (compatible; MSIE 9.0; Windows NT 6.3; WOW64; Trident/7.0)', '/jeetc/a/test/testDataMain/getSelectData', 'GET', '', '');
INSERT INTO `sys_log` VALUES ('30d8f655c8d04eafa0d38bb5b0eb5dfc', '1', '代码生成-主子表-编辑', '1', '2017-03-16 10:17:51', '0:0:0:0:0:0:0:1', 'Mozilla/5.0 (Windows NT 6.3; WOW64) AppleWebKit/537.36 (KHTML, like Gecko) Chrome/56.0.2924.87 Safari/537.36', '/jeetc/a/test/testDataMain/getSelectData', 'GET', 0x6E616D653D62265F3D31343839363330363731373637, '');
INSERT INTO `sys_log` VALUES ('3119ba32173a4f5b862d3ee07275acdd', '1', '代码生成-主子表-编辑', '1', '2017-03-16 11:12:50', '0:0:0:0:0:0:0:1', 'Mozilla/5.0 (compatible; MSIE 9.0; Windows NT 6.3; WOW64; Trident/7.0)', '/jeetc/a/test/testDataMain/getSelectData', 'GET', 0x6E616D653D61626262626262265F3D31343839363333393730343832, '');
INSERT INTO `sys_log` VALUES ('319436bc7db94d758c30c71605162bcc', '1', '系统登录', '1', '2017-03-09 18:51:36', '0:0:0:0:0:0:0:1', 'Mozilla/5.0 (compatible; MSIE 9.0; Windows NT 6.3; WOW64; Trident/7.0)', '/jeetc/a/cms/article/save', 'POST', 0x69643D382663617465676F72792E69643D342663617465676F72792E6E616D653DE58685E983A8E69CBAE69E84267469746C653DE69687E7ABA0E6A087E9A298E6A087E9A298E6A087E9A298E6A087E9A29826636F6C6F723D626C7565266C696E6B3D266B6579776F7264733DE585B3E994AEE5AD97312CE585B3E994AEE5AD9732267765696768743D3026776569676874446174653D266465736372697074696F6E3D26696D6167653D2661727469636C65446174612E636F707966726F6D3DE69DA5E6BA902661727469636C65446174612E72656C6174696F6E3D312C322C332C2661727469636C65446174612E616C6C6F77436F6D6D656E743D31265F706F7369644C6973743D6F6E26637265617465446174653D323031332D30352D32372030383A30303A30302664656C466C61673D3026637573746F6D436F6E74656E74566965773D2676696577436F6E6669673D2661727469636C65446174612E636F6E74656E743D313438393035363638383431345F3536323636312E747874, '');
INSERT INTO `sys_log` VALUES ('31aeac4192424b64852389cd21c6362c', '1', '内容管理-内容发布-文章模型-查看', '1', '2017-03-09 18:22:08', '0:0:0:0:0:0:0:1', 'Mozilla/5.0 (compatible; MSIE 9.0; Windows NT 6.3; WOW64; Trident/7.0)', '/jeetc/a/cms/article/form', 'GET', 0x69643D31, '');
INSERT INTO `sys_log` VALUES ('31c7a69ec52744df8efe41b326ce136e', '1', '代码生成-主子表-编辑', '1', '2017-03-16 10:03:10', '0:0:0:0:0:0:0:1', 'Mozilla/5.0 (Windows NT 6.3; WOW64) AppleWebKit/537.36 (KHTML, like Gecko) Chrome/56.0.2924.87 Safari/537.36', '/jeetc/a/test/testDataMain/getSelectData', 'GET', 0x6E616D653D31265F3D31343839363239373930383438, '');
INSERT INTO `sys_log` VALUES ('31e3f0a5aefd4ee7b552f2f54c764f7a', '1', '内容管理', '1', '2017-03-09 19:31:02', '0:0:0:0:0:0:0:1', 'Mozilla/5.0 (compatible; MSIE 9.0; Windows NT 6.3; WOW64; Trident/7.0)', '/jeetc/a/cms/tree', 'GET', '', '');
INSERT INTO `sys_log` VALUES ('3285ef3d8e1646fa8041882352e5f54b', '1', '代码生成-主子表', '1', '2017-03-16 09:24:25', '0:0:0:0:0:0:0:1', 'Mozilla/5.0 (Windows NT 6.3; WOW64) AppleWebKit/537.36 (KHTML, like Gecko) Chrome/56.0.2924.87 Safari/537.36', '/jeetc/a/test/testDataMain', 'GET', '', '');
INSERT INTO `sys_log` VALUES ('32aef9c9e9604513a29aeb6396d15e5c', '1', '代码生成-主子表', '1', '2017-03-15 19:07:50', '0:0:0:0:0:0:0:1', 'Mozilla/5.0 (Windows NT 6.3; WOW64) AppleWebKit/537.36 (KHTML, like Gecko) Chrome/56.0.2924.87 Safari/537.36', '/jeetc/a/test/testDataMain', 'GET', '', '');
INSERT INTO `sys_log` VALUES ('32bcd87d226d40d4b9d831f88bb9ccbe', '1', '代码生成-主子表', '1', '2017-03-15 19:48:14', '0:0:0:0:0:0:0:1', 'Mozilla/5.0 (Windows NT 6.3; WOW64) AppleWebKit/537.36 (KHTML, like Gecko) Chrome/56.0.2924.87 Safari/537.36', '/jeetc/a/test/testDataMain', 'GET', '', '');
INSERT INTO `sys_log` VALUES ('32c95fec024043eea8fd1da2b733e892', '1', '系统登录', '1', '2017-03-15 19:47:55', '0:0:0:0:0:0:0:1', 'Mozilla/5.0 (Windows NT 6.3; WOW64) AppleWebKit/537.36 (KHTML, like Gecko) Chrome/56.0.2924.87 Safari/537.36', '/jeetc/a/test/testDataMain', 'GET', '', '');
INSERT INTO `sys_log` VALUES ('33100929f4e64f86841a952132394ac2', '1', '代码生成-主子表-编辑', '1', '2017-03-16 09:49:27', '0:0:0:0:0:0:0:1', 'Mozilla/5.0 (Windows NT 6.3; WOW64) AppleWebKit/537.36 (KHTML, like Gecko) Chrome/56.0.2924.87 Safari/537.36', '/jeetc/a/test/testDataMain/getSelectData', 'GET', 0x6E616D653D62265F3D31343839363238393637343439, '');
INSERT INTO `sys_log` VALUES ('333a14e0811c483aa9b8a94b1982dda2', '1', '内容管理-内容发布-文章模型-修改', '1', '2017-03-09 19:35:28', '0:0:0:0:0:0:0:1', 'Mozilla/5.0 (compatible; MSIE 9.0; Windows NT 6.3; WOW64; Trident/7.0)', '/jeetc/a/cms/article/save', 'POST', 0x69643D322663617465676F72792E69643D332663617465676F72792E6E616D653DE7BD91E7AB99E7AE80E4BB8B267469746C653DE69687E7ABA0E6A087E9A298E6A087E9A298E6A087E9A298E6A087E9A29826636F6C6F723D726564266C696E6B3D266B6579776F7264733DE585B3E994AEE5AD97312CE585B3E994AEE5AD9732267765696768743D3026776569676874446174653D266465736372697074696F6E3D26696D6167653D2661727469636C65446174612E636F707966726F6D3DE69DA5E6BA902661727469636C65446174612E72656C6174696F6E3D312C322C332C2661727469636C65446174612E616C6C6F77436F6D6D656E743D31265F706F7369644C6973743D6F6E26637265617465446174653D323031332D30352D32372030383A30303A30302664656C466C61673D3026637573746F6D436F6E74656E74566965773D2676696577436F6E6669673D2661727469636C65446174612E636F6E74656E743DE682A8E79A84E6B58FE8A788E599A8E4B88DE694AFE68C81C2A0766964656FC2A0E6A087E7ADBEE38082, '');
INSERT INTO `sys_log` VALUES ('353b2a68439d427480317eb6f9a5f760', '1', '个人信息-个人信息', '1', '2017-03-15 18:44:22', '127.0.0.1', 'Mozilla/5.0 (compatible; MSIE 9.0; Windows NT 6.3; WOW64; Trident/7.0)', '/jeetc/a/sys/user/info', 'GET', '', '');
INSERT INTO `sys_log` VALUES ('3555ed5dd66540e6a9429308dda27601', '1', '代码生成-主子表-编辑', '1', '2017-03-16 10:37:27', '0:0:0:0:0:0:0:1', 'Mozilla/5.0 (Windows NT 6.3; WOW64) AppleWebKit/537.36 (KHTML, like Gecko) Chrome/56.0.2924.87 Safari/537.36', '/jeetc/a/test/testDataMain/getSelectData', 'GET', 0x6E616D653D3132265F3D31343839363331383437303334, '');
INSERT INTO `sys_log` VALUES ('357a0042bfb24a388363fbdd56de9cff', '1', '代码生成-主子表-编辑', '1', '2017-03-16 10:20:47', '0:0:0:0:0:0:0:1', 'Mozilla/5.0 (Windows NT 6.3; WOW64) AppleWebKit/537.36 (KHTML, like Gecko) Chrome/56.0.2924.87 Safari/537.36', '/jeetc/a/test/testDataMain/getSelectData', 'GET', 0x6E616D653D61265F3D31343839363330383437363832, '');
INSERT INTO `sys_log` VALUES ('3596b0552aa6479a955ac8f177bd82c6', '1', '代码生成-主子表', '1', '2017-03-15 20:00:31', '0:0:0:0:0:0:0:1', 'Mozilla/5.0 (Windows NT 6.3; WOW64) AppleWebKit/537.36 (KHTML, like Gecko) Chrome/56.0.2924.87 Safari/537.36', '/jeetc/a/test/testDataMain', 'GET', '', '');
INSERT INTO `sys_log` VALUES ('35d24e698e0f4a0691e88921f0eb101c', '1', '个人办公-请假办理', '1', '2017-03-09 13:30:43', '0:0:0:0:0:0:0:1', 'Mozilla/5.0 (compatible; MSIE 9.0; Windows NT 6.3; WOW64; Trident/7.0)', '/jeetc/a/oa/leave', 'GET', '', '');
INSERT INTO `sys_log` VALUES ('360b1945cf3b4341bf2cfe12e48a6d8c', '1', '代码生成-主子表-编辑', '1', '2017-03-15 19:21:15', '0:0:0:0:0:0:0:1', 'Mozilla/5.0 (Windows NT 6.3; WOW64) AppleWebKit/537.36 (KHTML, like Gecko) Chrome/56.0.2924.87 Safari/537.36', '/jeetc/a/test/testDataMain/getSelectData', 'GET', 0x6E616D653D313231265F3D31343839353736383734333139, '');
INSERT INTO `sys_log` VALUES ('36293cbbf4024cdeb9f9a0313a80347f', '1', '代码生成-主子表-编辑', '1', '2017-03-15 19:37:34', '0:0:0:0:0:0:0:1', 'Mozilla/5.0 (Windows NT 6.3; WOW64) AppleWebKit/537.36 (KHTML, like Gecko) Chrome/56.0.2924.87 Safari/537.36', '/jeetc/a/test/testDataMain/getSelectData', 'GET', 0x63616C6C6261636B3D6A51756572793138333031313238353733333930373831343135355F3134383935373738343739303326713D31323326706167655F6C696D69743D3130266E616D653D6A75367A396D6A79616A7132646A75653367627676323674265F3D31343839353737383534353436, '');
INSERT INTO `sys_log` VALUES ('365281fb6f10404b88de551be35fb3ce', '1', '内容管理-内容发布-文章模型', '1', '2017-03-09 18:43:32', '0:0:0:0:0:0:0:1', 'Mozilla/5.0 (compatible; MSIE 9.0; Windows NT 6.3; WOW64; Trident/7.0)', '/jeetc/a/cms/article/', 'GET', 0x63617465676F72792E69643D33, '');
INSERT INTO `sys_log` VALUES ('365a9c37fa85405f8ceb25bf6c8c648a', '1', '个人办公-请假办理-查看', '1', '2017-03-09 13:34:52', '0:0:0:0:0:0:0:1', 'Mozilla/5.0 (compatible; MSIE 9.0; Windows NT 6.3; WOW64; Trident/7.0)', '/jeetc/a/oa/leave/', 'GET', '', '');
INSERT INTO `sys_log` VALUES ('36892805c87746e9911c6c4607d7c750', '1', '代码生成-主子表-编辑', '1', '2017-03-16 09:24:26', '0:0:0:0:0:0:0:1', 'Mozilla/5.0 (Windows NT 6.3; WOW64) AppleWebKit/537.36 (KHTML, like Gecko) Chrome/56.0.2924.87 Safari/537.36', '/jeetc/a/test/testDataMain/getSelectData', 'GET', 0x6E616D653D31265F3D31343839363237343636393336, '');
INSERT INTO `sys_log` VALUES ('37e0843613bd49efa50502a8b476da7d', '1', '个人办公-请假办理-查看', '1', '2017-03-09 13:30:58', '0:0:0:0:0:0:0:1', 'Mozilla/5.0 (compatible; MSIE 9.0; Windows NT 6.3; WOW64; Trident/7.0)', '/jeetc/a/oa/leave/', 'GET', '', '');
INSERT INTO `sys_log` VALUES ('3865b109dd0044289913f30e23b5fd9b', '1', '个人办公-模型管理', '1', '2017-03-09 13:30:26', '0:0:0:0:0:0:0:1', 'Mozilla/5.0 (compatible; MSIE 9.0; Windows NT 6.3; WOW64; Trident/7.0)', '/jeetc/a/act/model', 'GET', '', '');
INSERT INTO `sys_log` VALUES ('38d5271b5a5e4ef683a46dd9747fe519', '1', '系统设置-角色管理', '1', '2017-03-09 13:45:05', '0:0:0:0:0:0:0:1', 'Mozilla/5.0 (compatible; MSIE 9.0; Windows NT 6.3; WOW64; Trident/7.0)', '/jeetc/a/sys/role/', 'GET', '', '');
INSERT INTO `sys_log` VALUES ('38db626900264ea480072b9c6cb0f585', '1', '系统设置-菜单管理', '1', '2017-03-09 13:41:05', '0:0:0:0:0:0:0:1', 'Mozilla/5.0 (compatible; MSIE 9.0; Windows NT 6.3; WOW64; Trident/7.0)', '/jeetc/a/sys/menu/', 'GET', '', '');
INSERT INTO `sys_log` VALUES ('38e57e052344423f9c78838408f6ab28', '1', '代码生成-主子表-编辑', '1', '2017-03-16 11:14:26', '0:0:0:0:0:0:0:1', 'Mozilla/5.0 (compatible; MSIE 9.0; Windows NT 6.3; WOW64; Trident/7.0)', '/jeetc/a/test/testDataMain/getSelectData', 'GET', 0x6E616D653D62265F3D31343839363334303636393639, '');
INSERT INTO `sys_log` VALUES ('397a4d8363be446099e3a204dcbb33af', '1', '代码生成-主子表', '1', '2017-03-15 19:31:37', '0:0:0:0:0:0:0:1', 'Mozilla/5.0 (Windows NT 6.3; WOW64) AppleWebKit/537.36 (KHTML, like Gecko) Chrome/56.0.2924.87 Safari/537.36', '/jeetc/a/test/testDataMain', 'GET', '', '');
INSERT INTO `sys_log` VALUES ('39a6ff60717447ffb46d709639211abb', '1', '个人办公-请假办理', '1', '2017-03-09 14:07:58', '0:0:0:0:0:0:0:1', 'Mozilla/5.0 (compatible; MSIE 9.0; Windows NT 6.3; WOW64; Trident/7.0)', '/jeetc/a/oa/leave', 'GET', '', '');
INSERT INTO `sys_log` VALUES ('3a0224ffde40429996d227eeae2ce0a5', '1', '代码生成-主子表', '1', '2017-03-15 19:49:11', '0:0:0:0:0:0:0:1', 'Mozilla/5.0 (Windows NT 6.3; WOW64) AppleWebKit/537.36 (KHTML, like Gecko) Chrome/56.0.2924.87 Safari/537.36', '/jeetc/a/test/testDataMain', 'GET', '', '');
INSERT INTO `sys_log` VALUES ('3a31f3de91f04213b2f6fab71e8dee9f', '1', '代码生成-主子表-编辑', '1', '2017-03-17 08:56:52', '0:0:0:0:0:0:0:1', 'Mozilla/5.0 (compatible; MSIE 9.0; Windows NT 6.3; WOW64; Trident/7.0)', '/jeetc/a/test/testDataMain/getSelectData', 'GET', 0x6E616D653D76265F3D31343839373132323132303738, '');
INSERT INTO `sys_log` VALUES ('3ad2dc621a0446839eb49b34a9c26456', '1', '代码生成-主子表-编辑', '1', '2017-03-16 09:02:17', '0:0:0:0:0:0:0:1', 'Mozilla/5.0 (Windows NT 6.3; WOW64) AppleWebKit/537.36 (KHTML, like Gecko) Chrome/56.0.2924.87 Safari/537.36', '/jeetc/a/test/testDataMain/getSelectData', 'GET', '', '');
INSERT INTO `sys_log` VALUES ('3b0acb03a5074a8fa63d8513d80109f5', '1', '代码生成-主子表-编辑', '1', '2017-03-15 19:32:30', '0:0:0:0:0:0:0:1', 'Mozilla/5.0 (Windows NT 6.3; WOW64) AppleWebKit/537.36 (KHTML, like Gecko) Chrome/56.0.2924.87 Safari/537.36', '/jeetc/a/test/testDataMain/getSelectData', 'GET', 0x6E616D653D3233265F3D31343839353737353530313334, '');
INSERT INTO `sys_log` VALUES ('3b455182c743403eb93cefdc0a49f4f8', '1', '内容管理-内容发布-文章模型', '1', '2017-03-09 19:31:42', '0:0:0:0:0:0:0:1', 'Mozilla/5.0 (compatible; MSIE 9.0; Windows NT 6.3; WOW64; Trident/7.0)', '/jeetc/a/cms/article/', 'GET', 0x63617465676F72792E69643D33, '');
INSERT INTO `sys_log` VALUES ('3b69a3c11f7a4fe191bf8118f267a3a4', '1', '代码生成-主子表-编辑', '1', '2017-03-16 09:26:03', '0:0:0:0:0:0:0:1', 'Mozilla/5.0 (Windows NT 6.3; WOW64) AppleWebKit/537.36 (KHTML, like Gecko) Chrome/56.0.2924.87 Safari/537.36', '/jeetc/a/test/testDataMain/getSelectData', 'GET', 0x6E616D653D31265F3D31343839363237353633373839, '');
INSERT INTO `sys_log` VALUES ('3ba5f8b930f44553935c99b512f88f6f', '1', '代码生成-主子表-编辑', '1', '2017-03-16 09:49:27', '0:0:0:0:0:0:0:1', 'Mozilla/5.0 (Windows NT 6.3; WOW64) AppleWebKit/537.36 (KHTML, like Gecko) Chrome/56.0.2924.87 Safari/537.36', '/jeetc/a/test/testDataMain/getSelectData', 'GET', 0x6E616D653D6265265F3D31343839363238393637363639, '');
INSERT INTO `sys_log` VALUES ('3c26a28e16654973a64f0d0f571fef1d', '1', '代码生成-主子表-编辑', '1', '2017-03-16 10:17:53', '0:0:0:0:0:0:0:1', 'Mozilla/5.0 (Windows NT 6.3; WOW64) AppleWebKit/537.36 (KHTML, like Gecko) Chrome/56.0.2924.87 Safari/537.36', '/jeetc/a/test/testDataMain/getSelectData', 'GET', 0x6E616D653D61265F3D31343839363330363733333535, '');
INSERT INTO `sys_log` VALUES ('3c2a53679aab426384a6259c0829c50e', '1', '代码生成-主子表-编辑', '1', '2017-03-16 08:54:36', '0:0:0:0:0:0:0:1', 'Mozilla/5.0 (compatible; MSIE 9.0; Windows NT 6.3; WOW64; Trident/7.0)', '/jeetc/a/test/testDataMain/getSelectData', 'GET', 0x6E616D653D61265F3D31343839363235363636373032, '');
INSERT INTO `sys_log` VALUES ('3c883aeeb908486e839217c2d922514d', '1', '代码生成-主子表-编辑', '1', '2017-03-15 19:26:04', '0:0:0:0:0:0:0:1', 'Mozilla/5.0 (Windows NT 6.3; WOW64) AppleWebKit/537.36 (KHTML, like Gecko) Chrome/56.0.2924.87 Safari/537.36', '/jeetc/a/test/testDataMain/getSelectData', 'GET', 0x6E616D653D31323331265F3D31343839353737313634353233, '');
INSERT INTO `sys_log` VALUES ('3cd5920647b2451f90228b942a0ad388', '1', '代码生成-主子表', '1', '2017-03-16 10:20:30', '0:0:0:0:0:0:0:1', 'Mozilla/5.0 (Windows NT 6.3; WOW64) AppleWebKit/537.36 (KHTML, like Gecko) Chrome/56.0.2924.87 Safari/537.36', '/jeetc/a/test/testDataMain', 'GET', '', '');
INSERT INTO `sys_log` VALUES ('3cff55cf58da4946ae05b44136945a12', '1', '代码生成-主子表-编辑', '1', '2017-03-17 08:59:17', '0:0:0:0:0:0:0:1', 'Mozilla/5.0 (compatible; MSIE 9.0; Windows NT 6.3; WOW64; Trident/7.0)', '/jeetc/a/test/testDataMain/getSelectData', 'GET', 0x6E616D653D31265F3D31343839373132333536393939, '');
INSERT INTO `sys_log` VALUES ('3e08b2e061da483c820c85e067674b9c', '1', '系统登录', '1', '2017-03-09 18:37:22', '0:0:0:0:0:0:0:1', 'Mozilla/5.0 (compatible; MSIE 9.0; Windows NT 6.3; WOW64; Trident/7.0)', '/jeetc/a', 'GET', 0x6C6F67696E3D, '');
INSERT INTO `sys_log` VALUES ('3e3aa348cbf94093a96cf9e70efced07', '1', '代码生成-主子表-编辑', '1', '2017-03-16 10:22:28', '0:0:0:0:0:0:0:1', 'Mozilla/5.0 (Windows NT 6.3; WOW64) AppleWebKit/537.36 (KHTML, like Gecko) Chrome/56.0.2924.87 Safari/537.36', '/jeetc/a/test/testDataMain/getSelectData', 'GET', 0x6E616D653D646464265F3D31343839363330393438383835, '');
INSERT INTO `sys_log` VALUES ('3e4f12f77d234e52b9f9b7bc0a43ea5e', '1', '代码生成-主子表-编辑', '1', '2017-03-16 11:14:25', '0:0:0:0:0:0:0:1', 'Mozilla/5.0 (compatible; MSIE 9.0; Windows NT 6.3; WOW64; Trident/7.0)', '/jeetc/a/test/testDataMain/getSelectData', 'GET', 0x6E616D653D61265F3D31343839363334303635303636, '');
INSERT INTO `sys_log` VALUES ('3ee058e959de4914a64ab8d1bd20f6bf', '1', '个人办公-请假办理-查看', '1', '2017-03-09 13:29:47', '0:0:0:0:0:0:0:1', 'Mozilla/5.0 (compatible; MSIE 9.0; Windows NT 6.3; WOW64; Trident/7.0)', '/jeetc/a/oa/leave/', 'GET', '', '');
INSERT INTO `sys_log` VALUES ('3efe8c27d9014a419d96a093498ae9ce', '1', '代码生成-主子表', '1', '2017-03-15 19:11:47', '0:0:0:0:0:0:0:1', 'Mozilla/5.0 (Windows NT 6.3; WOW64) AppleWebKit/537.36 (KHTML, like Gecko) Chrome/56.0.2924.87 Safari/537.36', '/jeetc/a/test/testDataMain', 'GET', '', '');
INSERT INTO `sys_log` VALUES ('3f702c44913c45ae855175b1d19a8cf3', '1', '代码生成-主子表-编辑', '1', '2017-03-17 12:31:40', '0:0:0:0:0:0:0:1', 'Mozilla/5.0 (compatible; MSIE 9.0; Windows NT 6.3; WOW64; Trident/7.0)', '/jeetc/a/test/testDataMain/getSelectData', 'GET', 0x6E616D653D61265F3D31343839373235313030323636, '');
INSERT INTO `sys_log` VALUES ('3fc23d77ea704a379ea528e9e0b3a6c8', '1', '个人信息-个人信息', '1', '2017-03-17 13:43:38', '0:0:0:0:0:0:0:1', 'Mozilla/5.0 (Windows NT 6.3; WOW64) AppleWebKit/537.36 (KHTML, like Gecko) Chrome/56.0.2924.87 Safari/537.36', '/jeetc/a/sys/user/info', 'GET', '', '');
INSERT INTO `sys_log` VALUES ('402f95e96ba34c3ca34108dc5bac5983', '1', '代码生成-主子表-编辑', '1', '2017-03-17 13:45:33', '0:0:0:0:0:0:0:1', 'Mozilla/5.0 (Windows NT 6.3; WOW64) AppleWebKit/537.36 (KHTML, like Gecko) Chrome/56.0.2924.87 Safari/537.36', '/jeetc/a/test/testDataMain/getSelectData', 'GET', 0x6E616D653D3126706167655F6C696D69743D3926706167653D31265F3D31343839373239353333383835, '');
INSERT INTO `sys_log` VALUES ('40a69b0d39a241a4b83172da1dc8c2ac', '1', '代码生成-主子表-编辑', '1', '2017-03-16 09:49:27', '0:0:0:0:0:0:0:1', 'Mozilla/5.0 (Windows NT 6.3; WOW64) AppleWebKit/537.36 (KHTML, like Gecko) Chrome/56.0.2924.87 Safari/537.36', '/jeetc/a/test/testDataMain/getSelectData', 'GET', 0x6E616D653D626569265F3D31343839363238393637383130, '');
INSERT INTO `sys_log` VALUES ('40a9cad95a5f4456ac6a3f30caf9ee3f', '1', '代码生成-主子表-编辑', '1', '2017-03-15 19:49:38', '0:0:0:0:0:0:0:1', 'Mozilla/5.0 (Windows NT 6.3; WOW64) AppleWebKit/537.36 (KHTML, like Gecko) Chrome/56.0.2924.87 Safari/537.36', '/jeetc/a/test/testDataMain/getSelectData', 'GET', 0x63616C6C6261636B3D6A517565727931383330333738343834373034353439323736355F3134383935373835373637313226713D31323126706167655F6C696D69743D3130266E616D653D6A75367A396D6A79616A7132646A75653367627676323674265F3D31343839353738353738363936, '');
INSERT INTO `sys_log` VALUES ('410d82d2ba494a7e9669ce09d74e5cf0', '1', '内容管理-内容发布-文章模型', '1', '2017-03-09 18:17:51', '0:0:0:0:0:0:0:1', 'Mozilla/5.0 (compatible; MSIE 9.0; Windows NT 6.3; WOW64; Trident/7.0)', '/jeetc/a/cms/article/', 'GET', 0x63617465676F72792E69643D33, '');
INSERT INTO `sys_log` VALUES ('413502fcf76541e2964d56b42c2c6cc0', '1', '代码生成-主子表-编辑', '1', '2017-03-16 09:01:35', '0:0:0:0:0:0:0:1', 'Mozilla/5.0 (compatible; MSIE 9.0; Windows NT 6.3; WOW64; Trident/7.0)', '/jeetc/a/test/testDataMain/getSelectData', 'GET', '', '');
INSERT INTO `sys_log` VALUES ('415f1173156c403d9ae6f9bf90dfe41e', '1', '代码生成-主子表', '1', '2017-03-17 12:29:50', '0:0:0:0:0:0:0:1', 'Mozilla/5.0 (compatible; MSIE 9.0; Windows NT 6.3; WOW64; Trident/7.0)', '/jeetc/a/test/testDataMain', 'GET', '', '');
INSERT INTO `sys_log` VALUES ('41691d4d70f34183b3d0b476f463f10a', '1', '代码生成-主子表', '1', '2017-03-16 09:05:06', '0:0:0:0:0:0:0:1', 'Mozilla/5.0 (compatible; MSIE 9.0; Windows NT 6.3; WOW64; Trident/7.0)', '/jeetc/a/test/testDataMain', 'GET', '', '');
INSERT INTO `sys_log` VALUES ('41d3e2d75bc64c5d938de825152e6fcd', '1', '代码生成-主子表', '1', '2017-03-16 09:57:36', '0:0:0:0:0:0:0:1', 'Mozilla/5.0 (Windows NT 6.3; WOW64) AppleWebKit/537.36 (KHTML, like Gecko) Chrome/56.0.2924.87 Safari/537.36', '/jeetc/a/test/testDataMain', 'GET', '', '');
INSERT INTO `sys_log` VALUES ('42734e0e276741549d90d0a5c9ad0a4a', '1', '栏目设置-栏目管理', '1', '2017-03-09 18:37:31', '0:0:0:0:0:0:0:1', 'Mozilla/5.0 (compatible; MSIE 9.0; Windows NT 6.3; WOW64; Trident/7.0)', '/jeetc/a/cms/category/', 'GET', '', '');
INSERT INTO `sys_log` VALUES ('4282a56720714976b0e2872ed00d30be', '1', '内容管理-内容发布-文章模型-查看', '1', '2017-03-09 18:46:38', '0:0:0:0:0:0:0:1', 'Mozilla/5.0 (compatible; MSIE 9.0; Windows NT 6.3; WOW64; Trident/7.0)', '/jeetc/a/cms/article/form', 'GET', 0x69643D38, '');
INSERT INTO `sys_log` VALUES ('42af158566434a3a8d28050817b4a727', '1', '代码生成-主子表-编辑', '1', '2017-03-15 19:51:49', '0:0:0:0:0:0:0:1', 'Mozilla/5.0 (Windows NT 6.3; WOW64) AppleWebKit/537.36 (KHTML, like Gecko) Chrome/56.0.2924.87 Safari/537.36', '/jeetc/a/test/testDataMain/getSelectData', 'GET', 0x63616C6C6261636B3D6A51756572793138333030393238393236393538353136383034375F3134383935373837303733313426713D313226706167655F6C696D69743D3130266E616D653D6A75367A396D6A79616A7132646A75653367627676323674265F3D31343839353738373039393337, '');
INSERT INTO `sys_log` VALUES ('42ecc2b81d3e4ce197a9745f7d026d60', '1', '代码生成-主子表-编辑', '1', '2017-03-16 10:17:57', '0:0:0:0:0:0:0:1', 'Mozilla/5.0 (Windows NT 6.3; WOW64) AppleWebKit/537.36 (KHTML, like Gecko) Chrome/56.0.2924.87 Safari/537.36', '/jeetc/a/test/testDataMain/getSelectData', 'GET', 0x6E616D653D61626364265F3D31343839363330363737343236, '');
INSERT INTO `sys_log` VALUES ('4361588ec5bd47ee8a6f52ff770c97c4', '1', '内容管理', '1', '2017-03-09 18:40:04', '0:0:0:0:0:0:0:1', 'Mozilla/5.0 (compatible; MSIE 9.0; Windows NT 6.3; WOW64; Trident/7.0)', '/jeetc/a/cms/tree', 'GET', '', '');
INSERT INTO `sys_log` VALUES ('437b233768ae4dd18139047f13c0ddfd', '1', '内容管理-内容发布-文章模型', '1', '2017-03-09 19:24:15', '0:0:0:0:0:0:0:1', 'Mozilla/5.0 (compatible; MSIE 9.0; Windows NT 6.3; WOW64; Trident/7.0)', '/jeetc/a/cms/article/', 'GET', 0x7265706167653D2663617465676F72792E69643D33, '');
INSERT INTO `sys_log` VALUES ('4380555a1f4d4f159b78c5ba46d671fe', '1', '个人信息-个人信息', '1', '2017-03-15 19:48:11', '0:0:0:0:0:0:0:1', 'Mozilla/5.0 (Windows NT 6.3; WOW64) AppleWebKit/537.36 (KHTML, like Gecko) Chrome/56.0.2924.87 Safari/537.36', '/jeetc/a/sys/user/info', 'GET', '', '');
INSERT INTO `sys_log` VALUES ('44a208c66cc8405aafa3dff97d541923', '1', '机构用户-机构管理', '1', '2017-03-09 13:44:50', '0:0:0:0:0:0:0:1', 'Mozilla/5.0 (compatible; MSIE 9.0; Windows NT 6.3; WOW64; Trident/7.0)', '/jeetc/a/sys/office/', 'GET', '', '');
INSERT INTO `sys_log` VALUES ('44db38f104194e3390b00f464daabafc', '1', '内容管理-内容发布-文章模型-修改', '1', '2017-03-09 18:46:01', '0:0:0:0:0:0:0:1', 'Mozilla/5.0 (compatible; MSIE 9.0; Windows NT 6.3; WOW64; Trident/7.0)', '/jeetc/a/cms/article/save', 'POST', 0x69643D382663617465676F72792E69643D342663617465676F72792E6E616D653DE58685E983A8E69CBAE69E84267469746C653DE69687E7ABA0E6A087E9A298E6A087E9A298E6A087E9A298E6A087E9A29826636F6C6F723D626C7565266C696E6B3D266B6579776F7264733DE585B3E994AEE5AD97312CE585B3E994AEE5AD9732267765696768743D3026776569676874446174653D266465736372697074696F6E3D26696D6167653D2661727469636C65446174612E636F707966726F6D3DE69DA5E6BA902661727469636C65446174612E72656C6174696F6E3D312C322C332C2661727469636C65446174612E616C6C6F77436F6D6D656E743D31265F706F7369644C6973743D6F6E26637265617465446174653D323031332D30352D32372030383A30303A30302664656C466C61673D3026637573746F6D436F6E74656E74566965773D2676696577436F6E6669673D2661727469636C65446174612E636F6E74656E743DE69687E7ABA0E58685E5AEB9E58685E5AEB9E58685E5AEB9E58685E5AEB9, '');
INSERT INTO `sys_log` VALUES ('44e212fe589e4b38a84cf705b39cc2bd', '1', '系统登录', '1', '2017-03-09 18:40:01', '0:0:0:0:0:0:0:1', 'Mozilla/5.0 (compatible; MSIE 9.0; Windows NT 6.3; WOW64; Trident/7.0)', '/jeetc/a', 'GET', '', '');
INSERT INTO `sys_log` VALUES ('459345464c054700bd6e1b6e05287be4', '1', '代码生成-主子表-编辑', '1', '2017-03-16 09:45:56', '0:0:0:0:0:0:0:1', 'Mozilla/5.0 (Windows NT 6.3; WOW64) AppleWebKit/537.36 (KHTML, like Gecko) Chrome/56.0.2924.87 Safari/537.36', '/jeetc/a/test/testDataMain/getSelectData', 'GET', 0x6E616D653D31265F3D31343839363238373536303937, '');
INSERT INTO `sys_log` VALUES ('46908c2230954d128b611eb7f602769d', '1', '代码生成-树结构', '1', '2017-03-15 18:46:11', '0:0:0:0:0:0:0:1', 'Mozilla/5.0 (Windows NT 6.3; WOW64) AppleWebKit/537.36 (KHTML, like Gecko) Chrome/56.0.2924.87 Safari/537.36', '/jeetc/a/test/testTree', 'GET', '', '');
INSERT INTO `sys_log` VALUES ('46bb332ce045433294bf2202905516df', '1', '系统登录', '1', '2017-03-09 13:40:15', '0:0:0:0:0:0:0:1', 'Mozilla/5.0 (compatible; MSIE 9.0; Windows NT 6.3; WOW64; Trident/7.0)', '/jeetc/a', 'GET', 0x6C6F67696E3D, '');
INSERT INTO `sys_log` VALUES ('46c16dc750234dea84a1f735f9f8ee73', '1', '代码生成-主子表', '1', '2017-03-16 10:17:43', '0:0:0:0:0:0:0:1', 'Mozilla/5.0 (Windows NT 6.3; WOW64) AppleWebKit/537.36 (KHTML, like Gecko) Chrome/56.0.2924.87 Safari/537.36', '/jeetc/a/test/testDataMain', 'GET', '', '');
INSERT INTO `sys_log` VALUES ('47b8edab121f4944a1ecd5e5f6c56703', '1', '个人办公-请假办理-查看', '1', '2017-03-09 13:29:45', '0:0:0:0:0:0:0:1', 'Mozilla/5.0 (compatible; MSIE 9.0; Windows NT 6.3; WOW64; Trident/7.0)', '/jeetc/a/oa/leave/list', 'GET', '', '');
INSERT INTO `sys_log` VALUES ('487945afd36142e5936c4122eaafe874', '1', '代码生成-主子表-编辑', '1', '2017-03-16 10:20:45', '0:0:0:0:0:0:0:1', 'Mozilla/5.0 (Windows NT 6.3; WOW64) AppleWebKit/537.36 (KHTML, like Gecko) Chrome/56.0.2924.87 Safari/537.36', '/jeetc/a/test/testDataMain/getSelectData', 'GET', 0x6E616D653D6164265F3D31343839363330383435333931, '');
INSERT INTO `sys_log` VALUES ('4897e6df25754d0aad16a215309109fa', '1', '代码生成-主子表-编辑', '1', '2017-03-15 19:12:12', '0:0:0:0:0:0:0:1', 'Mozilla/5.0 (Windows NT 6.3; WOW64) AppleWebKit/537.36 (KHTML, like Gecko) Chrome/56.0.2924.87 Safari/537.36', '/jeetc/a/test/testDataMain/getSelectData', 'GET', 0x6E616D653D313233265F3D31343839353736333332303034, '');
INSERT INTO `sys_log` VALUES ('492adc99aa9c46aab8a9508a4fc640ef', '1', '代码生成-主子表-编辑', '1', '2017-03-15 19:12:13', '0:0:0:0:0:0:0:1', 'Mozilla/5.0 (Windows NT 6.3; WOW64) AppleWebKit/537.36 (KHTML, like Gecko) Chrome/56.0.2924.87 Safari/537.36', '/jeetc/a/test/testDataMain/getSelectData', 'GET', 0x6E616D653D313233265F3D31343839353736333333303836, '');
INSERT INTO `sys_log` VALUES ('493c2f37c6d24b6095520bfb5b7f4998', '1', '个人信息-个人信息', '1', '2017-03-09 18:23:09', '0:0:0:0:0:0:0:1', 'Mozilla/5.0 (compatible; MSIE 9.0; Windows NT 6.3; WOW64; Trident/7.0)', '/jeetc/a/sys/user/info', 'GET', '', '');
INSERT INTO `sys_log` VALUES ('49c8425e367c4c83be432b55756b2f88', '1', '代码生成-主子表', '1', '2017-03-17 09:10:53', '0:0:0:0:0:0:0:1', 'Mozilla/5.0 (compatible; MSIE 9.0; Windows NT 6.3; WOW64; Trident/7.0)', '/jeetc/a/test/testDataMain', 'GET', '', '');
INSERT INTO `sys_log` VALUES ('49e295bb64bb48c1925309b866e486a4', '1', '个人信息-个人信息', '1', '2017-03-09 18:40:02', '0:0:0:0:0:0:0:1', 'Mozilla/5.0 (compatible; MSIE 9.0; Windows NT 6.3; WOW64; Trident/7.0)', '/jeetc/a/sys/user/info', 'GET', '', '');
INSERT INTO `sys_log` VALUES ('4af67b11bfdf48cf81944fb908f4643a', '1', '系统登录', '1', '2017-03-15 19:20:57', '0:0:0:0:0:0:0:1', 'Mozilla/5.0 (Windows NT 6.3; WOW64) AppleWebKit/537.36 (KHTML, like Gecko) Chrome/56.0.2924.87 Safari/537.36', '/jeetc/a', 'GET', 0x6C6F67696E3D, '');
INSERT INTO `sys_log` VALUES ('4c06a8e836ca49fead5476e352953e89', '1', '代码生成-主子表-编辑', '1', '2017-03-16 09:21:52', '0:0:0:0:0:0:0:1', 'Mozilla/5.0 (compatible; MSIE 9.0; Windows NT 6.3; WOW64; Trident/7.0)', '/jeetc/a/test/testDataMain/getSelectData', 'GET', 0x6E616D653D3132265F3D31343839363237333132363436, '');
INSERT INTO `sys_log` VALUES ('4c5f0b4fec60487692cb526f599c6a5f', '1', '代码生成-主子表-编辑', '1', '2017-03-16 09:57:37', '0:0:0:0:0:0:0:1', 'Mozilla/5.0 (Windows NT 6.3; WOW64) AppleWebKit/537.36 (KHTML, like Gecko) Chrome/56.0.2924.87 Safari/537.36', '/jeetc/a/test/testDataMain/getSelectData', 'GET', 0x6E616D653D31265F3D31343839363239343537353437, '');
INSERT INTO `sys_log` VALUES ('4cae74b2109548e0a6e569635defb7cb', '1', '代码生成-单表', '1', '2017-03-15 18:46:20', '0:0:0:0:0:0:0:1', 'Mozilla/5.0 (Windows NT 6.3; WOW64) AppleWebKit/537.36 (KHTML, like Gecko) Chrome/56.0.2924.87 Safari/537.36', '/jeetc/a/test/testData', 'GET', '', '');
INSERT INTO `sys_log` VALUES ('4cbe5886a22b41d4844b24319edef555', '1', '个人信息-个人信息', '1', '2017-03-16 09:00:22', '0:0:0:0:0:0:0:1', 'Mozilla/5.0 (compatible; MSIE 9.0; Windows NT 6.3; WOW64; Trident/7.0)', '/jeetc/a/sys/user/info', 'GET', '', '');
INSERT INTO `sys_log` VALUES ('4df4be1d8ce340408ed36e897ae73b20', '1', '内容管理-内容发布-文章模型-查看', '1', '2017-03-09 18:35:02', '0:0:0:0:0:0:0:1', 'Mozilla/5.0 (compatible; MSIE 9.0; Windows NT 6.3; WOW64; Trident/7.0)', '/jeetc/a/cms/article/form', 'GET', 0x69643D31, '');
INSERT INTO `sys_log` VALUES ('4e56b128e00c4f7caac27d6b9a94718e', '1', '代码生成-主子表-编辑', '1', '2017-03-15 19:30:26', '0:0:0:0:0:0:0:1', 'Mozilla/5.0 (Windows NT 6.3; WOW64) AppleWebKit/537.36 (KHTML, like Gecko) Chrome/56.0.2924.87 Safari/537.36', '/jeetc/a/test/testDataMain/getSelectData', 'GET', 0x6E616D653D3132333132265F3D31343839353737343236333633, '');
INSERT INTO `sys_log` VALUES ('4f63a19682eb4e25bf221987a92becfc', '1', '个人信息-个人信息', '1', '2017-03-15 19:20:59', '0:0:0:0:0:0:0:1', 'Mozilla/5.0 (Windows NT 6.3; WOW64) AppleWebKit/537.36 (KHTML, like Gecko) Chrome/56.0.2924.87 Safari/537.36', '/jeetc/a/sys/user/info', 'GET', '', '');
INSERT INTO `sys_log` VALUES ('4f81b05675a04ceb96475a40ee2fefe9', '1', '个人信息-个人信息', '1', '2017-03-15 19:51:04', '0:0:0:0:0:0:0:1', 'Mozilla/5.0 (Windows NT 6.3; WOW64) AppleWebKit/537.36 (KHTML, like Gecko) Chrome/56.0.2924.87 Safari/537.36', '/jeetc/a/sys/user/info', 'GET', '', '');
INSERT INTO `sys_log` VALUES ('4fc5bb0ee908473c839671d51c45a16e', '1', '栏目设置-栏目管理-查看', '1', '2017-03-09 18:37:39', '0:0:0:0:0:0:0:1', 'Mozilla/5.0 (compatible; MSIE 9.0; Windows NT 6.3; WOW64; Trident/7.0)', '/jeetc/a/cms/category/form', 'GET', 0x69643D33, '');
INSERT INTO `sys_log` VALUES ('4fda889b93f84f2483aac9d0a59525ee', '1', '代码生成-主子表', '1', '2017-03-15 20:07:24', '0:0:0:0:0:0:0:1', 'Mozilla/5.0 (Windows NT 6.3; WOW64) AppleWebKit/537.36 (KHTML, like Gecko) Chrome/56.0.2924.87 Safari/537.36', '/jeetc/a/test/testDataMain', 'GET', '', '');
INSERT INTO `sys_log` VALUES ('502034a8274d4f969c0c8fedbc4c39e9', '1', '代码生成-主子表', '1', '2017-03-15 20:05:25', '0:0:0:0:0:0:0:1', 'Mozilla/5.0 (Windows NT 6.3; WOW64) AppleWebKit/537.36 (KHTML, like Gecko) Chrome/56.0.2924.87 Safari/537.36', '/jeetc/a/test/testDataMain', 'GET', '', '');
INSERT INTO `sys_log` VALUES ('514a9ec29c294283afc09b55e78e5da0', '1', '系统登录', '1', '2017-03-09 19:30:38', '0:0:0:0:0:0:0:1', 'Mozilla/5.0 (compatible; MSIE 9.0; Windows NT 6.3; WOW64; Trident/7.0)', '/jeetc/a/cms/article/save', 'POST', 0x69643D322663617465676F72792E69643D332663617465676F72792E6E616D653DE7BD91E7AB99E7AE80E4BB8B267469746C653DE69687E7ABA0E6A087E9A298E6A087E9A298E6A087E9A298E6A087E9A29826636F6C6F723D726564266C696E6B3D266B6579776F7264733DE585B3E994AEE5AD97312CE585B3E994AEE5AD9732267765696768743D3026776569676874446174653D266465736372697074696F6E3D26696D6167653D2661727469636C65446174612E636F707966726F6D3DE69DA5E6BA902661727469636C65446174612E72656C6174696F6E3D312C322C332C2661727469636C65446174612E616C6C6F77436F6D6D656E743D31265F706F7369644C6973743D6F6E26637265617465446174653D323031332D30352D32372030383A30303A30302664656C466C61673D3026637573746F6D436F6E74656E74566965773D2676696577436F6E6669673D2661727469636C65446174612E636F6E74656E743D, '');
INSERT INTO `sys_log` VALUES ('51556b603b6b40c2a4226fe148000a2f', '1', '系统登录', '1', '2017-03-09 13:45:44', '0:0:0:0:0:0:0:1', 'Mozilla/5.0 (compatible; MSIE 9.0; Windows NT 6.3; WOW64; Trident/7.0)', '/jeetc/a', 'GET', 0x6C6F67696E3D, '');
INSERT INTO `sys_log` VALUES ('52b1f5ba524c4f469293b363a88b5eb9', '1', '代码生成-主子表-编辑', '1', '2017-03-15 20:10:18', '0:0:0:0:0:0:0:1', 'Mozilla/5.0 (Windows NT 6.3; WOW64) AppleWebKit/537.36 (KHTML, like Gecko) Chrome/56.0.2924.87 Safari/537.36', '/jeetc/a/test/testDataMain/getSelectData', 'GET', 0x6E616D653D313132265F3D31343839353739383138333932, '');
INSERT INTO `sys_log` VALUES ('52c1955526994b5d9eb7ce0369193d89', '1', '代码生成-主子表', '1', '2017-03-16 09:47:42', '0:0:0:0:0:0:0:1', 'Mozilla/5.0 (Windows NT 6.3; WOW64) AppleWebKit/537.36 (KHTML, like Gecko) Chrome/56.0.2924.87 Safari/537.36', '/jeetc/a/test/testDataMain', 'GET', '', '');
INSERT INTO `sys_log` VALUES ('532a82276a584df894794a3e300d0e78', '1', '代码生成-主子表-编辑', '1', '2017-03-16 09:29:30', '0:0:0:0:0:0:0:1', 'Mozilla/5.0 (Windows NT 6.3; WOW64) AppleWebKit/537.36 (KHTML, like Gecko) Chrome/56.0.2924.87 Safari/537.36', '/jeetc/a/test/testDataMain/getSelectData', 'GET', 0x6E616D653D313233265F3D31343839363237373730303539, '');
INSERT INTO `sys_log` VALUES ('532bf73297804f81ace59c67ebb3c552', '1', '代码生成-主子表-编辑', '1', '2017-03-16 09:49:27', '0:0:0:0:0:0:0:1', 'Mozilla/5.0 (Windows NT 6.3; WOW64) AppleWebKit/537.36 (KHTML, like Gecko) Chrome/56.0.2924.87 Safari/537.36', '/jeetc/a/test/testDataMain/getSelectData', 'GET', 0x6E616D653D626569276A265F3D31343839363238393637393636, '');
INSERT INTO `sys_log` VALUES ('547e85b39d1c4e69ac78a031abd406ca', '1', '代码生成-主子表-编辑', '1', '2017-03-16 10:22:25', '0:0:0:0:0:0:0:1', 'Mozilla/5.0 (Windows NT 6.3; WOW64) AppleWebKit/537.36 (KHTML, like Gecko) Chrome/56.0.2924.87 Safari/537.36', '/jeetc/a/test/testDataMain/getSelectData', 'GET', 0x6E616D653D63265F3D31343839363330393435353335, '');
INSERT INTO `sys_log` VALUES ('554cf6d904984f179dce2d8df3fdb248', '1', '系统设置-菜单管理', '1', '2017-03-09 18:37:47', '0:0:0:0:0:0:0:1', 'Mozilla/5.0 (compatible; MSIE 9.0; Windows NT 6.3; WOW64; Trident/7.0)', '/jeetc/a/sys/menu/', 'GET', '', '');
INSERT INTO `sys_log` VALUES ('55f6d8b722a7465da28a6fafa4ae765e', '1', '代码生成-主子表-编辑', '1', '2017-03-16 08:54:16', '0:0:0:0:0:0:0:1', 'Mozilla/5.0 (compatible; MSIE 9.0; Windows NT 6.3; WOW64; Trident/7.0)', '/jeetc/a/test/testDataMain/getSelectData', 'GET', 0x6E616D653D6131265F3D31343839363235363536333139, '');
INSERT INTO `sys_log` VALUES ('5684699e04934d3ebfd5d09042365561', '1', '代码生成-主子表-编辑', '1', '2017-03-16 10:17:56', '0:0:0:0:0:0:0:1', 'Mozilla/5.0 (Windows NT 6.3; WOW64) AppleWebKit/537.36 (KHTML, like Gecko) Chrome/56.0.2924.87 Safari/537.36', '/jeetc/a/test/testDataMain/getSelectData', 'GET', 0x6E616D653D616263265F3D31343839363330363736353332, '');
INSERT INTO `sys_log` VALUES ('579b1be574f94584aecce2fc3b6d17e6', '1', '系统登录', '1', '2017-03-17 09:05:31', '0:0:0:0:0:0:0:1', 'Mozilla/5.0 (compatible; MSIE 9.0; Windows NT 6.3; WOW64; Trident/7.0)', '/jeetc/a/test/testDataMain/getSelectData', 'GET', 0x6E616D653D32265F3D31343839373132373331373133, '');
INSERT INTO `sys_log` VALUES ('57ad8939b045408ea36881b49c197cf5', '1', '内容管理-内容发布-文章模型', '1', '2017-03-09 18:51:36', '0:0:0:0:0:0:0:1', 'Mozilla/5.0 (compatible; MSIE 9.0; Windows NT 6.3; WOW64; Trident/7.0)', '/jeetc/a/cms/article/', 'GET', 0x7265706167653D2663617465676F72792E69643D34, '');
INSERT INTO `sys_log` VALUES ('57b22a10e0f947058f0e5c5b1b46a3b5', '1', '代码生成-生成方案配置', '1', '2017-03-15 18:46:22', '0:0:0:0:0:0:0:1', 'Mozilla/5.0 (Windows NT 6.3; WOW64) AppleWebKit/537.36 (KHTML, like Gecko) Chrome/56.0.2924.87 Safari/537.36', '/jeetc/a/gen/genScheme', 'GET', '', '');
INSERT INTO `sys_log` VALUES ('5804107404444e338c22623317ad3518', '1', '代码生成-主子表', '1', '2017-03-15 20:06:44', '0:0:0:0:0:0:0:1', 'Mozilla/5.0 (Windows NT 6.3; WOW64) AppleWebKit/537.36 (KHTML, like Gecko) Chrome/56.0.2924.87 Safari/537.36', '/jeetc/a/test/testDataMain', 'GET', '', '');
INSERT INTO `sys_log` VALUES ('587febab33ba4ac198b7cc37f8e368f2', '1', '代码生成-主子表-编辑', '1', '2017-03-15 19:26:05', '0:0:0:0:0:0:0:1', 'Mozilla/5.0 (Windows NT 6.3; WOW64) AppleWebKit/537.36 (KHTML, like Gecko) Chrome/56.0.2924.87 Safari/537.36', '/jeetc/a/test/testDataMain/getSelectData', 'GET', 0x6E616D653D31265F3D31343839353737313635353034, '');
INSERT INTO `sys_log` VALUES ('589eca308f194d37baf5e0231f035e73', '1', '代码生成-主子表-编辑', '1', '2017-03-15 19:27:09', '0:0:0:0:0:0:0:1', 'Mozilla/5.0 (Windows NT 6.3; WOW64) AppleWebKit/537.36 (KHTML, like Gecko) Chrome/56.0.2924.87 Safari/537.36', '/jeetc/a/test/testDataMain/getSelectData', 'GET', 0x6E616D653D61265F3D31343839353737323239323039, '');
INSERT INTO `sys_log` VALUES ('59640cc56cd741fda9bf1e33db2ffd2e', '1', '内容管理-内容发布-文章模型', '1', '2017-03-09 18:51:57', '0:0:0:0:0:0:0:1', 'Mozilla/5.0 (compatible; MSIE 9.0; Windows NT 6.3; WOW64; Trident/7.0)', '/jeetc/a/cms/article/', 'GET', 0x63617465676F72792E69643D33, '');
INSERT INTO `sys_log` VALUES ('59997a6336d047eb98c70fa6dba6dab1', '1', '代码生成-主子表', '1', '2017-03-17 08:59:15', '0:0:0:0:0:0:0:1', 'Mozilla/5.0 (compatible; MSIE 9.0; Windows NT 6.3; WOW64; Trident/7.0)', '/jeetc/a/test/testDataMain', 'GET', '', '');
INSERT INTO `sys_log` VALUES ('5a13a359e60e4f73be857c229c1a64e5', '1', '代码生成-主子表-编辑', '1', '2017-03-16 09:05:24', '0:0:0:0:0:0:0:1', 'Mozilla/5.0 (compatible; MSIE 9.0; Windows NT 6.3; WOW64; Trident/7.0)', '/jeetc/a/test/testDataMain/getSelectData', 'GET', 0x6E616D653D33265F3D31343839363236333234323032, '');
INSERT INTO `sys_log` VALUES ('5ac9f2d91d894817811c148ba4c522c9', '1', '个人信息-个人信息', '1', '2017-03-09 19:30:58', '0:0:0:0:0:0:0:1', 'Mozilla/5.0 (compatible; MSIE 9.0; Windows NT 6.3; WOW64; Trident/7.0)', '/jeetc/a/sys/user/info', 'GET', '', '');
INSERT INTO `sys_log` VALUES ('5b192f8f80174f468123e74362cf83f1', '1', '代码生成-主子表-编辑', '1', '2017-03-15 19:52:44', '0:0:0:0:0:0:0:1', 'Mozilla/5.0 (Windows NT 6.3; WOW64) AppleWebKit/537.36 (KHTML, like Gecko) Chrome/56.0.2924.87 Safari/537.36', '/jeetc/a/test/testDataMain/getSelectData', 'GET', 0x63616C6C6261636B3D6A51756572793138333031323738363538373939363431333136385F3134383935373837363030373426713D313226706167655F6C696D69743D3130266E616D653D6A75367A396D6A79616A7132646A75653367627676323674265F3D31343839353738373634353335, '');
INSERT INTO `sys_log` VALUES ('5b43a30ec1ba41df9751dfbbc438350d', '1', '代码生成-主子表-编辑', '1', '2017-03-16 10:17:47', '0:0:0:0:0:0:0:1', 'Mozilla/5.0 (Windows NT 6.3; WOW64) AppleWebKit/537.36 (KHTML, like Gecko) Chrome/56.0.2924.87 Safari/537.36', '/jeetc/a/test/testDataMain/getSelectData', 'GET', 0x6E616D653D61265F3D31343839363330363637373033, '');
INSERT INTO `sys_log` VALUES ('5ce2e74b76ab4747ad555650c8853774', '1', '代码生成-主子表-编辑', '1', '2017-03-16 11:12:46', '0:0:0:0:0:0:0:1', 'Mozilla/5.0 (compatible; MSIE 9.0; Windows NT 6.3; WOW64; Trident/7.0)', '/jeetc/a/test/testDataMain/getSelectData', 'GET', 0x6E616D653D61265F3D31343839363333393636303130, '');
INSERT INTO `sys_log` VALUES ('5d4874c04b6f4de9b29f2fc7715a75b5', '1', '代码生成-主子表', '1', '2017-03-17 12:30:23', '0:0:0:0:0:0:0:1', 'Mozilla/5.0 (compatible; MSIE 9.0; Windows NT 6.3; WOW64; Trident/7.0)', '/jeetc/a/test/testDataMain', 'GET', '', '');
INSERT INTO `sys_log` VALUES ('5d87430370a5460b9a1a7267325317f7', '1', '内容管理', '1', '2017-03-09 18:37:51', '0:0:0:0:0:0:0:1', 'Mozilla/5.0 (compatible; MSIE 9.0; Windows NT 6.3; WOW64; Trident/7.0)', '/jeetc/a/cms/none', 'GET', '', '');
INSERT INTO `sys_log` VALUES ('5e1d2f9b9eba4ac6a6ed4460c46afbab', '1', '个人办公-请假办理-查看', '1', '2017-03-09 13:33:58', '0:0:0:0:0:0:0:1', 'Mozilla/5.0 (compatible; MSIE 9.0; Windows NT 6.3; WOW64; Trident/7.0)', '/jeetc/a/oa/leave/', 'GET', '', '');
INSERT INTO `sys_log` VALUES ('5e42ef5128af48abbbdf9cea54cc1b34', '1', '个人办公-请假办理', '1', '2017-03-09 13:29:39', '0:0:0:0:0:0:0:1', 'Mozilla/5.0 (compatible; MSIE 9.0; Windows NT 6.3; WOW64; Trident/7.0)', '/jeetc/a/oa/leave', 'GET', '', '');
INSERT INTO `sys_log` VALUES ('5f57bbbd5254498aa34f5651a3a02ab5', '1', '代码生成-主子表', '1', '2017-03-15 20:02:30', '0:0:0:0:0:0:0:1', 'Mozilla/5.0 (Windows NT 6.3; WOW64) AppleWebKit/537.36 (KHTML, like Gecko) Chrome/56.0.2924.87 Safari/537.36', '/jeetc/a/test/testDataMain', 'GET', '', '');
INSERT INTO `sys_log` VALUES ('5f7652a7f3014fca8ec4ab101922cffb', '1', '个人办公-我的任务', '8', '2017-03-09 13:36:15', '0:0:0:0:0:0:0:1', 'Mozilla/5.0 (compatible; MSIE 9.0; Windows NT 6.3; WOW64; Trident/7.0)', '/jeetc/a/act/task/todo/', 'GET', '', '');
INSERT INTO `sys_log` VALUES ('608796d9c056426b8fe76a35e2972c09', '1', '代码生成-主子表-编辑', '1', '2017-03-15 19:30:26', '0:0:0:0:0:0:0:1', 'Mozilla/5.0 (Windows NT 6.3; WOW64) AppleWebKit/537.36 (KHTML, like Gecko) Chrome/56.0.2924.87 Safari/537.36', '/jeetc/a/test/testDataMain/getSelectData', 'GET', 0x6E616D653D313233265F3D31343839353737343236313238, '');
INSERT INTO `sys_log` VALUES ('608ec8fc750c4b698eb83241397ff7c4', '1', '代码生成-主子表-编辑', '1', '2017-03-17 09:05:34', '0:0:0:0:0:0:0:1', 'Mozilla/5.0 (compatible; MSIE 9.0; Windows NT 6.3; WOW64; Trident/7.0)', '/jeetc/a/test/testDataMain/getSelectData', 'GET', 0x6E616D653D31265F3D31343839373132373334303030, '');
INSERT INTO `sys_log` VALUES ('60beebd7ef6b499599e2ad5bdbc60f8b', '1', '代码生成-主子表-编辑', '1', '2017-03-15 19:51:49', '0:0:0:0:0:0:0:1', 'Mozilla/5.0 (Windows NT 6.3; WOW64) AppleWebKit/537.36 (KHTML, like Gecko) Chrome/56.0.2924.87 Safari/537.36', '/jeetc/a/test/testDataMain/getSelectData', 'GET', 0x63616C6C6261636B3D6A51756572793138333030393238393236393538353136383034375F3134383935373837303733313426713D3126706167655F6C696D69743D3130266E616D653D6A75367A396D6A79616A7132646A75653367627676323674265F3D31343839353738373039343634, '');
INSERT INTO `sys_log` VALUES ('610cefebdeed4a96a21d4525ed782066', '1', '代码生成-主子表', '1', '2017-03-15 19:32:25', '0:0:0:0:0:0:0:1', 'Mozilla/5.0 (Windows NT 6.3; WOW64) AppleWebKit/537.36 (KHTML, like Gecko) Chrome/56.0.2924.87 Safari/537.36', '/jeetc/a/test/testDataMain', 'GET', '', '');
INSERT INTO `sys_log` VALUES ('6110e64b22054b968bd3f95b30a217a5', '1', '代码生成-主子表-编辑', '1', '2017-03-16 10:17:45', '0:0:0:0:0:0:0:1', 'Mozilla/5.0 (Windows NT 6.3; WOW64) AppleWebKit/537.36 (KHTML, like Gecko) Chrome/56.0.2924.87 Safari/537.36', '/jeetc/a/test/testDataMain/getSelectData', 'GET', 0x6E616D653D73265F3D31343839363330363635313738, '');
INSERT INTO `sys_log` VALUES ('6116be6d5c684ab38cebf50798cb5b4c', '1', '内容管理-内容发布-文章模型-查看', '1', '2017-03-09 19:35:15', '0:0:0:0:0:0:0:1', 'Mozilla/5.0 (compatible; MSIE 9.0; Windows NT 6.3; WOW64; Trident/7.0)', '/jeetc/a/cms/article/form', 'GET', 0x69643D32, '');
INSERT INTO `sys_log` VALUES ('632186b14f3741f082aa839d10bf4702', '1', '代码生成-主子表-编辑', '1', '2017-03-16 09:16:52', '0:0:0:0:0:0:0:1', 'Mozilla/5.0 (Windows NT 6.3; WOW64) AppleWebKit/537.36 (KHTML, like Gecko) Chrome/56.0.2924.87 Safari/537.36', '/jeetc/a/test/testDataMain/getSelectData', 'GET', '', '');
INSERT INTO `sys_log` VALUES ('633fe20958394e11b5a85b7fd9be1a3e', '1', '代码生成-主子表', '1', '2017-03-15 20:07:25', '0:0:0:0:0:0:0:1', 'Mozilla/5.0 (Windows NT 6.3; WOW64) AppleWebKit/537.36 (KHTML, like Gecko) Chrome/56.0.2924.87 Safari/537.36', '/jeetc/a/test/testDataMain', 'GET', '', '');
INSERT INTO `sys_log` VALUES ('635ab5309fb14d61a58d5e635dbf3248', '1', '代码生成-主子表-编辑', '1', '2017-03-16 09:48:43', '0:0:0:0:0:0:0:1', 'Mozilla/5.0 (Windows NT 6.3; WOW64) AppleWebKit/537.36 (KHTML, like Gecko) Chrome/56.0.2924.87 Safari/537.36', '/jeetc/a/test/testDataMain/getSelectData', 'GET', 0x6E616D653D62656927265F3D31343839363238393233303933, '');
INSERT INTO `sys_log` VALUES ('636368bb8f84421ebf5a99b81b3c0e2a', '1', '代码生成-主子表-编辑', '1', '2017-03-17 13:45:44', '0:0:0:0:0:0:0:1', 'Mozilla/5.0 (Windows NT 6.3; WOW64) AppleWebKit/537.36 (KHTML, like Gecko) Chrome/56.0.2924.87 Safari/537.36', '/jeetc/a/test/testDataMain/getSelectData', 'GET', 0x6E616D653D313226706167655F6C696D69743D3926706167653D31265F3D31343839373239353434353932, '');
INSERT INTO `sys_log` VALUES ('6382555989c54a05b2ce0aed6b9be28b', '1', '个人办公-请假办理-修改', '1', '2017-03-09 13:28:57', '0:0:0:0:0:0:0:1', 'Mozilla/5.0 (compatible; MSIE 9.0; Windows NT 6.3; WOW64; Trident/7.0)', '/jeetc/a/oa/leave/save', 'POST', 0x69643D266C65617665547970653D3126737461727454696D653D323031372D30332D30392031333A32383A343726656E6454696D653D323031372D30332D32352031333A32383A353126726561736F6E3D3131, '');
INSERT INTO `sys_log` VALUES ('63a15582ec0242f38b8f2b3c38aee9d8', '1', '内容管理-内容发布-文章模型-查看', '1', '2017-03-09 18:40:13', '0:0:0:0:0:0:0:1', 'Mozilla/5.0 (compatible; MSIE 9.0; Windows NT 6.3; WOW64; Trident/7.0)', '/jeetc/a/cms/article/form', 'GET', 0x69643D32, '');
INSERT INTO `sys_log` VALUES ('642ebe4931f24c3286fd4f24d86bfe22', '1', '代码生成-主子表-编辑', '1', '2017-03-15 19:37:30', '0:0:0:0:0:0:0:1', 'Mozilla/5.0 (Windows NT 6.3; WOW64) AppleWebKit/537.36 (KHTML, like Gecko) Chrome/56.0.2924.87 Safari/537.36', '/jeetc/a/test/testDataMain/getSelectData', 'GET', 0x63616C6C6261636B3D6A51756572793138333031313238353733333930373831343135355F3134383935373738343739303326713D3126706167655F6C696D69743D3130266E616D653D6A75367A396D6A79616A7132646A75653367627676323674265F3D31343839353737383530313831, '');
INSERT INTO `sys_log` VALUES ('64657c3cc3474d7d903d35e23f659a1c', '1', '代码生成-主子表-编辑', '1', '2017-03-15 19:52:42', '0:0:0:0:0:0:0:1', 'Mozilla/5.0 (Windows NT 6.3; WOW64) AppleWebKit/537.36 (KHTML, like Gecko) Chrome/56.0.2924.87 Safari/537.36', '/jeetc/a/test/testDataMain/getSelectData', 'GET', 0x63616C6C6261636B3D6A51756572793138333031323738363538373939363431333136385F3134383935373837363030373426713D3126706167655F6C696D69743D3130266E616D653D6A75367A396D6A79616A7132646A75653367627676323674265F3D31343839353738373632343936, '');
INSERT INTO `sys_log` VALUES ('650ff4bb35d5489d864c8077d159faaa', '1', '个人办公-请假办理-查看', '1', '2017-03-09 13:28:46', '0:0:0:0:0:0:0:1', 'Mozilla/5.0 (compatible; MSIE 9.0; Windows NT 6.3; WOW64; Trident/7.0)', '/jeetc/a/oa/leave/form', 'GET', '', '');
INSERT INTO `sys_log` VALUES ('65402c36cbf140458660bcc5b947f237', '1', '个人信息-个人信息', '1', '2017-03-09 13:45:45', '0:0:0:0:0:0:0:1', 'Mozilla/5.0 (compatible; MSIE 9.0; Windows NT 6.3; WOW64; Trident/7.0)', '/jeetc/a/sys/user/info', 'GET', '', '');
INSERT INTO `sys_log` VALUES ('65dc2be449b9480c91c1e2bce96bc0b3', '1', '代码生成-主子表-编辑', '1', '2017-03-16 09:48:11', '0:0:0:0:0:0:0:1', 'Mozilla/5.0 (Windows NT 6.3; WOW64) AppleWebKit/537.36 (KHTML, like Gecko) Chrome/56.0.2924.87 Safari/537.36', '/jeetc/a/test/testDataMain/getSelectData', 'GET', 0x6E616D653D62265F3D31343839363238383931333335, '');
INSERT INTO `sys_log` VALUES ('65e94c84ed1a4113829a77dd0d77f232', '1', '内容管理-内容发布-文章模型-查看', '1', '2017-03-09 18:23:15', '0:0:0:0:0:0:0:1', 'Mozilla/5.0 (compatible; MSIE 9.0; Windows NT 6.3; WOW64; Trident/7.0)', '/jeetc/a/cms/article/form', 'GET', 0x69643D31, '');
INSERT INTO `sys_log` VALUES ('66790776bdae4836b441ac7586ad52c6', '1', '代码生成-主子表-编辑', '1', '2017-03-17 09:05:31', '0:0:0:0:0:0:0:1', 'Mozilla/5.0 (compatible; MSIE 9.0; Windows NT 6.3; WOW64; Trident/7.0)', '/jeetc/a/test/testDataMain/getSelectData', 'GET', 0x6E616D653D32265F3D31343839373132373331373133, '');
INSERT INTO `sys_log` VALUES ('668ac4013d3a48ddb9a3995c5e460b3b', '1', '栏目设置-站点设置', '1', '2017-03-17 13:43:55', '0:0:0:0:0:0:0:1', 'Mozilla/5.0 (Windows NT 6.3; WOW64) AppleWebKit/537.36 (KHTML, like Gecko) Chrome/56.0.2924.87 Safari/537.36', '/jeetc/a/cms/site/', 'GET', '', '');
INSERT INTO `sys_log` VALUES ('674c89bc0f024c96803fad9dd331cc46', '1', '代码生成-主子表-编辑', '1', '2017-03-16 09:21:48', '0:0:0:0:0:0:0:1', 'Mozilla/5.0 (compatible; MSIE 9.0; Windows NT 6.3; WOW64; Trident/7.0)', '/jeetc/a/test/testDataMain/getSelectData', 'GET', 0x6E616D653D31265F3D31343839363237333038383834, '');
INSERT INTO `sys_log` VALUES ('67993f6ea9bf4747bce2e56cdc06fb89', '1', '内容管理-内容发布', '1', '2017-03-09 19:31:01', '0:0:0:0:0:0:0:1', 'Mozilla/5.0 (compatible; MSIE 9.0; Windows NT 6.3; WOW64; Trident/7.0)', '/jeetc/a/cms/', 'GET', '', '');
INSERT INTO `sys_log` VALUES ('67e09c5fccde49fcb92691a7164e2ef2', '1', '内容管理-内容发布-文章模型-查看', '1', '2017-03-09 19:31:44', '0:0:0:0:0:0:0:1', 'Mozilla/5.0 (compatible; MSIE 9.0; Windows NT 6.3; WOW64; Trident/7.0)', '/jeetc/a/cms/article/form', 'GET', 0x69643D32, '');
INSERT INTO `sys_log` VALUES ('6814685b9c7642219ac07d09a96ff428', '1', '代码生成-主子表', '1', '2017-03-15 20:07:24', '0:0:0:0:0:0:0:1', 'Mozilla/5.0 (Windows NT 6.3; WOW64) AppleWebKit/537.36 (KHTML, like Gecko) Chrome/56.0.2924.87 Safari/537.36', '/jeetc/a/test/testDataMain', 'GET', '', '');
INSERT INTO `sys_log` VALUES ('689d679c765448e1b238f58dfad542a2', '1', '个人信息-个人信息', '1', '2017-03-15 19:29:16', '0:0:0:0:0:0:0:1', 'Mozilla/5.0 (Windows NT 6.3; WOW64) AppleWebKit/537.36 (KHTML, like Gecko) Chrome/56.0.2924.87 Safari/537.36', '/jeetc/a/sys/user/info', 'GET', '', '');
INSERT INTO `sys_log` VALUES ('6911cec1272d4fe79e474ed1b68a9796', '1', '代码生成-主子表', '1', '2017-03-15 20:07:24', '0:0:0:0:0:0:0:1', 'Mozilla/5.0 (Windows NT 6.3; WOW64) AppleWebKit/537.36 (KHTML, like Gecko) Chrome/56.0.2924.87 Safari/537.36', '/jeetc/a/test/testDataMain', 'GET', '', '');
INSERT INTO `sys_log` VALUES ('698f0380eaff49109b86244d2a89e86b', '1', '内容管理-内容发布-文章模型-修改', '1', '2017-03-09 19:34:19', '0:0:0:0:0:0:0:1', 'Mozilla/5.0 (compatible; MSIE 9.0; Windows NT 6.3; WOW64; Trident/7.0)', '/jeetc/a/cms/article/save', 'POST', 0x69643D322663617465676F72792E69643D332663617465676F72792E6E616D653DE7BD91E7AB99E7AE80E4BB8B267469746C653DE69687E7ABA0E6A087E9A298E6A087E9A298E6A087E9A298E6A087E9A29826636F6C6F723D726564266C696E6B3D266B6579776F7264733DE585B3E994AEE5AD97312CE585B3E994AEE5AD9732267765696768743D3026776569676874446174653D266465736372697074696F6E3D26696D6167653D2661727469636C65446174612E636F707966726F6D3DE69DA5E6BA902661727469636C65446174612E72656C6174696F6E3D312C322C332C2661727469636C65446174612E616C6C6F77436F6D6D656E743D31265F706F7369644C6973743D6F6E26637265617465446174653D323031332D30352D32372030383A30303A30302664656C466C61673D3026637573746F6D436F6E74656E74566965773D2676696577436F6E6669673D2661727469636C65446174612E636F6E74656E743D, '');
INSERT INTO `sys_log` VALUES ('69bea73504964dba8f79c538b48d4e95', '1', '代码生成-主子表', '1', '2017-03-17 09:13:02', '0:0:0:0:0:0:0:1', 'Mozilla/5.0 (compatible; MSIE 9.0; Windows NT 6.3; WOW64; Trident/7.0)', '/jeetc/a/test/testDataMain', 'GET', '', '');
INSERT INTO `sys_log` VALUES ('69c74bf8c7884d50ab2471cf7a29e75b', '1', '代码生成-主子表-编辑', '1', '2017-03-16 09:49:31', '0:0:0:0:0:0:0:1', 'Mozilla/5.0 (Windows NT 6.3; WOW64) AppleWebKit/537.36 (KHTML, like Gecko) Chrome/56.0.2924.87 Safari/537.36', '/jeetc/a/test/testDataMain/getSelectData', 'GET', 0x6E616D653D62265F3D31343839363238393731373133, '');
INSERT INTO `sys_log` VALUES ('6a880885c4d149649ada22cad31032e3', '1', '代码生成-主子表-编辑', '1', '2017-03-17 13:46:50', '0:0:0:0:0:0:0:1', 'Mozilla/5.0 (Windows NT 6.3; WOW64) AppleWebKit/537.36 (KHTML, like Gecko) Chrome/56.0.2924.87 Safari/537.36', '/jeetc/a/test/testDataMain/getSelectData', 'GET', 0x6E616D653D31323126706167655F6C696D69743D3926706167653D31265F3D31343839373239363130373231, '');
INSERT INTO `sys_log` VALUES ('6b6e9edb213c483387841ede3fa283cb', '1', '个人办公-流程管理', '1', '2017-03-09 13:30:35', '0:0:0:0:0:0:0:1', 'Mozilla/5.0 (compatible; MSIE 9.0; Windows NT 6.3; WOW64; Trident/7.0)', '/jeetc/a/act/process', 'GET', '', '');
INSERT INTO `sys_log` VALUES ('6bbeed0a852641d0ac782595a0504705', '1', '内容管理-内容发布', '1', '2017-03-09 18:34:57', '0:0:0:0:0:0:0:1', 'Mozilla/5.0 (compatible; MSIE 9.0; Windows NT 6.3; WOW64; Trident/7.0)', '/jeetc/a/cms/', 'GET', '', '');
INSERT INTO `sys_log` VALUES ('6bf3dd11ffbc4a7482928e9313ed37a0', '1', '代码生成-主子表', '1', '2017-03-16 09:29:26', '0:0:0:0:0:0:0:1', 'Mozilla/5.0 (Windows NT 6.3; WOW64) AppleWebKit/537.36 (KHTML, like Gecko) Chrome/56.0.2924.87 Safari/537.36', '/jeetc/a/test/testDataMain', 'GET', '', '');
INSERT INTO `sys_log` VALUES ('6bfc18532762431a9c64c1beebab5d6f', '1', '代码生成-主子表-编辑', '1', '2017-03-15 19:26:59', '0:0:0:0:0:0:0:1', 'Mozilla/5.0 (Windows NT 6.3; WOW64) AppleWebKit/537.36 (KHTML, like Gecko) Chrome/56.0.2924.87 Safari/537.36', '/jeetc/a/test/testDataMain/getSelectData', 'GET', 0x6E616D653D31265F3D31343839353737323137333132, '');
INSERT INTO `sys_log` VALUES ('6c1b2b4b42ca4522a7878a45a3482cca', '1', '代码生成-主子表', '1', '2017-03-15 20:10:16', '0:0:0:0:0:0:0:1', 'Mozilla/5.0 (Windows NT 6.3; WOW64) AppleWebKit/537.36 (KHTML, like Gecko) Chrome/56.0.2924.87 Safari/537.36', '/jeetc/a/test/testDataMain', 'GET', '', '');
INSERT INTO `sys_log` VALUES ('6c23104e7e6f4df9a6848e62ce91a3e9', '1', '内容管理', '1', '2017-03-09 19:31:02', '0:0:0:0:0:0:0:1', 'Mozilla/5.0 (compatible; MSIE 9.0; Windows NT 6.3; WOW64; Trident/7.0)', '/jeetc/a/cms/none', 'GET', '', '');
INSERT INTO `sys_log` VALUES ('6cb455d0029a478fb0415094f063eb22', '1', '代码生成-主子表-编辑', '1', '2017-03-17 09:12:58', '0:0:0:0:0:0:0:1', 'Mozilla/5.0 (compatible; MSIE 9.0; Windows NT 6.3; WOW64; Trident/7.0)', '/jeetc/a/test/testDataMain/getSelectData', 'GET', 0x6E616D653D31265F3D31343839373133313738323231, '');
INSERT INTO `sys_log` VALUES ('6ccec96366494468a389b3f307a7a872', '1', '代码生成-代码生成-代码模板管理', '1', '2017-03-15 19:51:10', '0:0:0:0:0:0:0:1', 'Mozilla/5.0 (Windows NT 6.3; WOW64) AppleWebKit/537.36 (KHTML, like Gecko) Chrome/56.0.2924.87 Safari/537.36', '/jeetc/a/gen/genTemplate', 'GET', '', '');
INSERT INTO `sys_log` VALUES ('6d705dbde33a479dbf296718864f2a59', '1', '代码生成-主子表', '1', '2017-03-15 18:46:02', '0:0:0:0:0:0:0:1', 'Mozilla/5.0 (Windows NT 6.3; WOW64) AppleWebKit/537.36 (KHTML, like Gecko) Chrome/56.0.2924.87 Safari/537.36', '/jeetc/a/test/testDataMain', 'GET', '', '');
INSERT INTO `sys_log` VALUES ('6d995a08f9b843c39be10a147b47974f', '1', '代码生成-主子表-编辑', '1', '2017-03-16 09:52:50', '0:0:0:0:0:0:0:1', 'Mozilla/5.0 (Windows NT 6.3; WOW64) AppleWebKit/537.36 (KHTML, like Gecko) Chrome/56.0.2924.87 Safari/537.36', '/jeetc/a/test/testDataMain/getSelectData', 'GET', 0x6E616D653D62265F3D31343839363239313730373031, '');
INSERT INTO `sys_log` VALUES ('6ddfecb085f7441fbb3b7fe826e68da8', '1', '个人信息-个人信息', '1', '2017-03-15 19:36:48', '0:0:0:0:0:0:0:1', 'Mozilla/5.0 (Windows NT 6.3; WOW64) AppleWebKit/537.36 (KHTML, like Gecko) Chrome/56.0.2924.87 Safari/537.36', '/jeetc/a/sys/user/info', 'GET', '', '');
INSERT INTO `sys_log` VALUES ('6de1d07e0c9f4f9ab3ebf4a606a1bc4f', '1', '代码生成-主子表-编辑', '1', '2017-03-16 08:50:49', '0:0:0:0:0:0:0:1', 'Mozilla/5.0 (compatible; MSIE 9.0; Windows NT 6.3; WOW64; Trident/7.0)', '/jeetc/a/test/testDataMain/getSelectData', 'GET', 0x6E616D653D31265F3D31343839363235343439343533, '');
INSERT INTO `sys_log` VALUES ('6e3134a7003942f3a3fef817c1a1da5d', '1', '代码生成-代码生成-代码模板管理', '1', '2017-03-15 18:46:17', '0:0:0:0:0:0:0:1', 'Mozilla/5.0 (Windows NT 6.3; WOW64) AppleWebKit/537.36 (KHTML, like Gecko) Chrome/56.0.2924.87 Safari/537.36', '/jeetc/a/gen/genTemplate', 'GET', '', '');
INSERT INTO `sys_log` VALUES ('6e59ee4c5eaa451681bba1b8ca10f527', '1', '代码生成-主子表-编辑', '1', '2017-03-17 12:30:26', '0:0:0:0:0:0:0:1', 'Mozilla/5.0 (compatible; MSIE 9.0; Windows NT 6.3; WOW64; Trident/7.0)', '/jeetc/a/test/testDataMain/getSelectData', 'GET', 0x6E616D653D61265F3D31343839373235303236383731, '');
INSERT INTO `sys_log` VALUES ('6e6bb7d5845e4563985f93731acae733', '1', '内容管理-内容发布-文章模型-查看', '1', '2017-03-09 19:34:08', '0:0:0:0:0:0:0:1', 'Mozilla/5.0 (compatible; MSIE 9.0; Windows NT 6.3; WOW64; Trident/7.0)', '/jeetc/a/cms/article/form', 'GET', 0x69643D32, '');
INSERT INTO `sys_log` VALUES ('6e6daa9838c54939a7cf274c7c164e74', '1', '代码生成-主子表-编辑', '1', '2017-03-15 19:32:30', '0:0:0:0:0:0:0:1', 'Mozilla/5.0 (Windows NT 6.3; WOW64) AppleWebKit/537.36 (KHTML, like Gecko) Chrome/56.0.2924.87 Safari/537.36', '/jeetc/a/test/testDataMain/getSelectData', 'GET', 0x6E616D653D323334265F3D31343839353737353530323639, '');
INSERT INTO `sys_log` VALUES ('6ed9f18410e448a5a55917b20625d391', '1', '个人办公-流程管理', '1', '2017-03-09 13:30:41', '0:0:0:0:0:0:0:1', 'Mozilla/5.0 (compatible; MSIE 9.0; Windows NT 6.3; WOW64; Trident/7.0)', '/jeetc/a/act/process', 'GET', '', '');
INSERT INTO `sys_log` VALUES ('6f0317d8d21a4724ba838ba0e849e75d', '1', '代码生成-主子表', '1', '2017-03-16 09:26:45', '0:0:0:0:0:0:0:1', 'Mozilla/5.0 (Windows NT 6.3; WOW64) AppleWebKit/537.36 (KHTML, like Gecko) Chrome/56.0.2924.87 Safari/537.36', '/jeetc/a/test/testDataMain', 'GET', '', '');
INSERT INTO `sys_log` VALUES ('6f13c2bd10394ab8b1db5f124469b92d', '1', '个人信息-通告管理', '1', '2017-03-17 13:43:44', '0:0:0:0:0:0:0:1', 'Mozilla/5.0 (Windows NT 6.3; WOW64) AppleWebKit/537.36 (KHTML, like Gecko) Chrome/56.0.2924.87 Safari/537.36', '/jeetc/a/oa/oaNotify', 'GET', '', '');
INSERT INTO `sys_log` VALUES ('6f460088e48a4df89eb2f6980c858d13', '1', '系统登录', '1', '2017-03-16 09:57:35', '0:0:0:0:0:0:0:1', 'Mozilla/5.0 (Windows NT 6.3; WOW64) AppleWebKit/537.36 (KHTML, like Gecko) Chrome/56.0.2924.87 Safari/537.36', '/jeetc/a/test/testDataMain', 'GET', '', '');
INSERT INTO `sys_log` VALUES ('6f70f31615ae4dd8808c39689b41efa6', '1', '代码生成-主子表-编辑', '1', '2017-03-15 19:37:31', '0:0:0:0:0:0:0:1', 'Mozilla/5.0 (Windows NT 6.3; WOW64) AppleWebKit/537.36 (KHTML, like Gecko) Chrome/56.0.2924.87 Safari/537.36', '/jeetc/a/test/testDataMain/getSelectData', 'GET', 0x63616C6C6261636B3D6A51756572793138333031313238353733333930373831343135355F3134383935373738343739303326713D31323331323331323326706167655F6C696D69743D3130266E616D653D6A75367A396D6A79616A7132646A75653367627676323674265F3D31343839353737383531333932, '');
INSERT INTO `sys_log` VALUES ('6f8f45c8c3b4418bbfbf7cc0a66701f5', '1', '代码生成-主子表-编辑', '1', '2017-03-15 19:12:08', '0:0:0:0:0:0:0:1', 'Mozilla/5.0 (Windows NT 6.3; WOW64) AppleWebKit/537.36 (KHTML, like Gecko) Chrome/56.0.2924.87 Safari/537.36', '/jeetc/a/test/testDataMain/getSelectData', 'GET', 0x6E616D653DE58EBB265F3D31343839353736333238353531, '');
INSERT INTO `sys_log` VALUES ('6fda15feb09949f98e24a52ad333e74d', '1', '代码生成-主子表', '1', '2017-03-15 19:51:57', '0:0:0:0:0:0:0:1', 'Mozilla/5.0 (Windows NT 6.3; WOW64) AppleWebKit/537.36 (KHTML, like Gecko) Chrome/56.0.2924.87 Safari/537.36', '/jeetc/a/test/testDataMain', 'GET', '', '');
INSERT INTO `sys_log` VALUES ('70cac56fd1a9419297c417513568f6ba', '1', '代码生成-主子表', '1', '2017-03-16 08:51:24', '0:0:0:0:0:0:0:1', 'Mozilla/5.0 (compatible; MSIE 9.0; Windows NT 6.3; WOW64; Trident/7.0)', '/jeetc/a/test/testDataMain', 'GET', '', '');
INSERT INTO `sys_log` VALUES ('71261f597e1049eea04f0ccb2dc75817', '1', '代码生成-主子表-编辑', '1', '2017-03-16 09:25:22', '0:0:0:0:0:0:0:1', 'Mozilla/5.0 (Windows NT 6.3; WOW64) AppleWebKit/537.36 (KHTML, like Gecko) Chrome/56.0.2924.87 Safari/537.36', '/jeetc/a/test/testDataMain/getSelectData', 'GET', 0x6E616D653D31265F3D31343839363237353232313039, '');
INSERT INTO `sys_log` VALUES ('715b582adaa9405e879bf3de89d0f691', '1', '代码生成-主子表-编辑', '1', '2017-03-16 11:12:49', '0:0:0:0:0:0:0:1', 'Mozilla/5.0 (compatible; MSIE 9.0; Windows NT 6.3; WOW64; Trident/7.0)', '/jeetc/a/test/testDataMain/getSelectData', 'GET', 0x6E616D653D6162265F3D31343839363333393639313237, '');
INSERT INTO `sys_log` VALUES ('718e022fbd3546948bf138258ff72d8f', '1', '代码生成-业务表配置', '1', '2017-03-15 18:46:26', '0:0:0:0:0:0:0:1', 'Mozilla/5.0 (Windows NT 6.3; WOW64) AppleWebKit/537.36 (KHTML, like Gecko) Chrome/56.0.2924.87 Safari/537.36', '/jeetc/a/gen/genTable', 'GET', '', '');
INSERT INTO `sys_log` VALUES ('71e85406d8af4709a7a6e925dd9050fe', '1', '代码生成-主子表-编辑', '1', '2017-03-16 09:58:41', '0:0:0:0:0:0:0:1', 'Mozilla/5.0 (Windows NT 6.3; WOW64) AppleWebKit/537.36 (KHTML, like Gecko) Chrome/56.0.2924.87 Safari/537.36', '/jeetc/a/test/testDataMain/getSelectData', 'GET', 0x6E616D653DE58C97265F3D31343839363239353231353933, '');
INSERT INTO `sys_log` VALUES ('72824746eb624cd097627aacb5ef4366', '1', '代码生成-单表', '1', '2017-03-15 18:44:32', '127.0.0.1', 'Mozilla/5.0 (compatible; MSIE 9.0; Windows NT 6.3; WOW64; Trident/7.0)', '/jeetc/a/test/testData', 'GET', '', '');
INSERT INTO `sys_log` VALUES ('728e176a3b30474c9bd88ffc662d81a2', '1', '代码生成-主子表-编辑', '1', '2017-03-17 09:19:56', '0:0:0:0:0:0:0:1', 'Mozilla/5.0 (compatible; MSIE 9.0; Windows NT 6.3; WOW64; Trident/7.0)', '/jeetc/a/test/testDataMain/getSelectData', 'GET', 0x6E616D653D71265F3D31343839373133353936333936, '');
INSERT INTO `sys_log` VALUES ('72bdad9b10834f6cb077011a194e64ec', '1', '代码生成-主子表-编辑', '1', '2017-03-16 09:26:48', '0:0:0:0:0:0:0:1', 'Mozilla/5.0 (Windows NT 6.3; WOW64) AppleWebKit/537.36 (KHTML, like Gecko) Chrome/56.0.2924.87 Safari/537.36', '/jeetc/a/test/testDataMain/getSelectData', 'GET', 0x6E616D653D3132265F3D31343839363237363038363436, '');
INSERT INTO `sys_log` VALUES ('72c24c6459f340afa904d65c33423c3d', '1', '机构用户-用户管理', '1', '2017-03-09 13:45:49', '0:0:0:0:0:0:0:1', 'Mozilla/5.0 (compatible; MSIE 9.0; Windows NT 6.3; WOW64; Trident/7.0)', '/jeetc/a/sys/user/index', 'GET', '', '');
INSERT INTO `sys_log` VALUES ('72cfe9e58ffa49478050bd63d0e3f653', '1', '代码生成-主子表-编辑', '1', '2017-03-16 11:14:23', '0:0:0:0:0:0:0:1', 'Mozilla/5.0 (compatible; MSIE 9.0; Windows NT 6.3; WOW64; Trident/7.0)', '/jeetc/a/test/testDataMain/getSelectData', 'GET', 0x6E616D653D61265F3D31343839363334303633313834, '');
INSERT INTO `sys_log` VALUES ('7333995ff7a5433dbe7ec8458aeb5659', '1', '代码生成-主子表-编辑', '1', '2017-03-16 10:02:57', '0:0:0:0:0:0:0:1', 'Mozilla/5.0 (Windows NT 6.3; WOW64) AppleWebKit/537.36 (KHTML, like Gecko) Chrome/56.0.2924.87 Safari/537.36', '/jeetc/a/test/testDataMain/getSelectData', 'GET', 0x6E616D653DE58C97265F3D31343839363239373737303435, '');
INSERT INTO `sys_log` VALUES ('73b0e18f91ce42d59af78494043fec6a', '1', '个人办公-我的任务', '1', '2017-03-09 13:29:36', '0:0:0:0:0:0:0:1', 'Mozilla/5.0 (compatible; MSIE 9.0; Windows NT 6.3; WOW64; Trident/7.0)', '/jeetc/a/act/task/todo/', 'GET', '', '');
INSERT INTO `sys_log` VALUES ('73b3e34f0ca44e9ca76ce09450582353', '1', '代码生成-主子表-编辑', '1', '2017-03-16 10:20:41', '0:0:0:0:0:0:0:1', 'Mozilla/5.0 (Windows NT 6.3; WOW64) AppleWebKit/537.36 (KHTML, like Gecko) Chrome/56.0.2924.87 Safari/537.36', '/jeetc/a/test/testDataMain/getSelectData', 'GET', 0x6E616D653D616263265F3D31343839363330383431353036, '');
INSERT INTO `sys_log` VALUES ('741c4bc4b5dd40b7991d4057240f1bf9', '1', '个人信息-个人信息', '1', '2017-03-09 18:27:22', '0:0:0:0:0:0:0:1', 'Mozilla/5.0 (compatible; MSIE 9.0; Windows NT 6.3; WOW64; Trident/7.0)', '/jeetc/a/sys/user/info', 'GET', '', '');
INSERT INTO `sys_log` VALUES ('7422788c920a4643900bca9e1200207f', '1', '系统登录', '1', '2017-03-16 11:12:41', '0:0:0:0:0:0:0:1', 'Mozilla/5.0 (compatible; MSIE 9.0; Windows NT 6.3; WOW64; Trident/7.0)', '/jeetc/a', 'GET', 0x6C6F67696E3D, '');
INSERT INTO `sys_log` VALUES ('744ad6c168fa41e4aeacd0aa959dd665', '1', '代码生成-主子表', '1', '2017-03-16 09:52:39', '0:0:0:0:0:0:0:1', 'Mozilla/5.0 (Windows NT 6.3; WOW64) AppleWebKit/537.36 (KHTML, like Gecko) Chrome/56.0.2924.87 Safari/537.36', '/jeetc/a/test/testDataMain', 'GET', '', '');
INSERT INTO `sys_log` VALUES ('7469b2760afe45cf9fe4065423796c18', '1', '系统登录', '1', '2017-03-16 09:00:20', '0:0:0:0:0:0:0:1', 'Mozilla/5.0 (compatible; MSIE 9.0; Windows NT 6.3; WOW64; Trident/7.0)', '/jeetc/a', 'GET', 0x6C6F67696E3D, '');
INSERT INTO `sys_log` VALUES ('7473104da028408db8952a0589fc1312', '1', '代码生成-主子表-编辑', '1', '2017-03-16 10:22:28', '0:0:0:0:0:0:0:1', 'Mozilla/5.0 (Windows NT 6.3; WOW64) AppleWebKit/537.36 (KHTML, like Gecko) Chrome/56.0.2924.87 Safari/537.36', '/jeetc/a/test/testDataMain/getSelectData', 'GET', 0x6E616D653D6464265F3D31343839363330393438363432, '');
INSERT INTO `sys_log` VALUES ('748d921d2bb64adaab626b8b7ef8f451', '1', '内容管理-内容发布-文章模型', '1', '2017-03-09 18:40:11', '0:0:0:0:0:0:0:1', 'Mozilla/5.0 (compatible; MSIE 9.0; Windows NT 6.3; WOW64; Trident/7.0)', '/jeetc/a/cms/article/', 'GET', 0x63617465676F72792E69643D33, '');
INSERT INTO `sys_log` VALUES ('755bde9282754b89aba2847e80e17379', '1', '代码生成-主子表', '1', '2017-03-17 12:35:16', '0:0:0:0:0:0:0:1', 'Mozilla/5.0 (compatible; MSIE 9.0; Windows NT 6.3; WOW64; Trident/7.0)', '/jeetc/a/test/testDataMain', 'GET', '', '');
INSERT INTO `sys_log` VALUES ('75accd8fe50a4cf7b559104045ced978', '1', '代码生成-主子表', '1', '2017-03-17 12:33:57', '0:0:0:0:0:0:0:1', 'Mozilla/5.0 (compatible; MSIE 9.0; Windows NT 6.3; WOW64; Trident/7.0)', '/jeetc/a/test/testDataMain', 'GET', '', '');
INSERT INTO `sys_log` VALUES ('75e721896ab04e51a01de39b2832ffda', '1', '代码生成-主子表-编辑', '1', '2017-03-16 09:58:30', '0:0:0:0:0:0:0:1', 'Mozilla/5.0 (Windows NT 6.3; WOW64) AppleWebKit/537.36 (KHTML, like Gecko) Chrome/56.0.2924.87 Safari/537.36', '/jeetc/a/test/testDataMain/getSelectData', 'GET', 0x6E616D653D31265F3D31343839363239353130383431, '');
INSERT INTO `sys_log` VALUES ('75f1c4a0d05642b793cdb120eace50c4', '1', '代码生成-主子表-编辑', '1', '2017-03-15 19:30:16', '0:0:0:0:0:0:0:1', 'Mozilla/5.0 (Windows NT 6.3; WOW64) AppleWebKit/537.36 (KHTML, like Gecko) Chrome/56.0.2924.87 Safari/537.36', '/jeetc/a/test/testDataMain/getSelectData', 'GET', 0x6E616D653D31265F3D31343839353737343134363036, '');
INSERT INTO `sys_log` VALUES ('76cc855430824c8fa8080206cdaba9be', '1', '个人信息-个人信息', '1', '2017-03-09 13:41:11', '0:0:0:0:0:0:0:1', 'Mozilla/5.0 (compatible; MSIE 9.0; Windows NT 6.3; WOW64; Trident/7.0)', '/jeetc/a/sys/user/info', 'GET', '', '');
INSERT INTO `sys_log` VALUES ('77015cc4a07b4f5a93a65ca04ad13c7d', '1', '代码生成-主子表-编辑', '1', '2017-03-16 09:29:28', '0:0:0:0:0:0:0:1', 'Mozilla/5.0 (Windows NT 6.3; WOW64) AppleWebKit/537.36 (KHTML, like Gecko) Chrome/56.0.2924.87 Safari/537.36', '/jeetc/a/test/testDataMain/getSelectData', 'GET', 0x6E616D653D31265F3D31343839363237373637393839, '');
INSERT INTO `sys_log` VALUES ('775fb3d5c73c452a892203e1561af95d', '1', '代码生成-主子表-编辑', '1', '2017-03-16 10:03:15', '0:0:0:0:0:0:0:1', 'Mozilla/5.0 (Windows NT 6.3; WOW64) AppleWebKit/537.36 (KHTML, like Gecko) Chrome/56.0.2924.87 Safari/537.36', '/jeetc/a/test/testDataMain/getSelectData', 'GET', 0x6E616D653D31265F3D31343839363239373935313433, '');
INSERT INTO `sys_log` VALUES ('779e7a7e7e20437ba09ce60d3bfa8f5a', '1', '代码生成-主子表-编辑', '1', '2017-03-16 09:23:49', '0:0:0:0:0:0:0:1', 'Mozilla/5.0 (Windows NT 6.3; WOW64) AppleWebKit/537.36 (KHTML, like Gecko) Chrome/56.0.2924.87 Safari/537.36', '/jeetc/a/test/testDataMain/getSelectData', 'GET', 0x6E616D653D31265F3D31343839363237343238393831, '');
INSERT INTO `sys_log` VALUES ('77eb6ba3833246dc9946bd51858ac831', '1', '代码生成-主子表-编辑', '1', '2017-03-15 19:38:00', '0:0:0:0:0:0:0:1', 'Mozilla/5.0 (Windows NT 6.3; WOW64) AppleWebKit/537.36 (KHTML, like Gecko) Chrome/56.0.2924.87 Safari/537.36', '/jeetc/a/test/testDataMain/getSelectData', 'GET', 0x63616C6C6261636B3D6A51756572793138333031313238353733333930373831343135355F3134383935373738343739303326713D313226706167655F6C696D69743D3130266E616D653D6A75367A396D6A79616A7132646A75653367627676323674265F3D31343839353737383732343238, '');
INSERT INTO `sys_log` VALUES ('7821e08903b2482b9f5c81fa5482b4e1', '1', '代码生成-主子表-编辑', '1', '2017-03-16 08:50:51', '0:0:0:0:0:0:0:1', 'Mozilla/5.0 (compatible; MSIE 9.0; Windows NT 6.3; WOW64; Trident/7.0)', '/jeetc/a/test/testDataMain/getSelectData', 'GET', 0x6E616D653D3132333132265F3D31343839363235343531323531, '');
INSERT INTO `sys_log` VALUES ('791efc25a54f47ce90a60e6e6c3539b1', '1', '代码生成-主子表-编辑', '1', '2017-03-16 09:21:53', '0:0:0:0:0:0:0:1', 'Mozilla/5.0 (compatible; MSIE 9.0; Windows NT 6.3; WOW64; Trident/7.0)', '/jeetc/a/test/testDataMain/getSelectData', 'GET', 0x6E616D653D3132265F3D31343839363237333133373436, '');
INSERT INTO `sys_log` VALUES ('794f0bf9c1b64575be20e7837d1e411f', '1', '内容管理', '1', '2017-03-09 18:27:30', '0:0:0:0:0:0:0:1', 'Mozilla/5.0 (compatible; MSIE 9.0; Windows NT 6.3; WOW64; Trident/7.0)', '/jeetc/a/cms/none', 'GET', '', '');
INSERT INTO `sys_log` VALUES ('7966ed19aa2f45a1bb8b4ee2921879c2', '1', '内容管理-内容发布-文章模型', '1', '2017-03-09 19:34:19', '0:0:0:0:0:0:0:1', 'Mozilla/5.0 (compatible; MSIE 9.0; Windows NT 6.3; WOW64; Trident/7.0)', '/jeetc/a/cms/article/', 'GET', 0x7265706167653D2663617465676F72792E69643D33, '');
INSERT INTO `sys_log` VALUES ('79839c4566b04324b64d2713ef546649', '1', '内容管理-内容发布-文章模型-查看', '1', '2017-03-09 19:24:49', '0:0:0:0:0:0:0:1', 'Mozilla/5.0 (compatible; MSIE 9.0; Windows NT 6.3; WOW64; Trident/7.0)', '/jeetc/a/cms/article/form', 'GET', 0x69643D32, '');
INSERT INTO `sys_log` VALUES ('7a657ff4f3f44896a2dcef602c3bccf2', '1', '个人信息-个人信息', '1', '2017-03-15 20:10:14', '0:0:0:0:0:0:0:1', 'Mozilla/5.0 (Windows NT 6.3; WOW64) AppleWebKit/537.36 (KHTML, like Gecko) Chrome/56.0.2924.87 Safari/537.36', '/jeetc/a/sys/user/info', 'GET', '', '');
INSERT INTO `sys_log` VALUES ('7a7ac619bf4143bdbe8ad89ae743a10f', '1', '机构用户-用户管理-查看', '1', '2017-03-09 13:45:49', '0:0:0:0:0:0:0:1', 'Mozilla/5.0 (compatible; MSIE 9.0; Windows NT 6.3; WOW64; Trident/7.0)', '/jeetc/a/sys/user/list', 'GET', '', '');
INSERT INTO `sys_log` VALUES ('7a89d4528df5476bac585cd34ed7a5d2', '1', '系统登录', '1', '2017-03-09 18:27:20', '0:0:0:0:0:0:0:1', 'Mozilla/5.0 (compatible; MSIE 9.0; Windows NT 6.3; WOW64; Trident/7.0)', '/jeetc/a', 'GET', 0x6C6F67696E3D, '');
INSERT INTO `sys_log` VALUES ('7aa24e87d7574ef9b45497f4b8cc146a', '1', '系统登录', '1', '2017-03-17 12:26:25', '0:0:0:0:0:0:0:1', 'Mozilla/5.0 (compatible; MSIE 9.0; Windows NT 6.3; WOW64; Trident/7.0)', '/jeetc/a', 'GET', 0x6C6F67696E3D, '');
INSERT INTO `sys_log` VALUES ('7aaa878d9ce94d3da921c877eaf1168f', '1', '个人办公-我的任务', '1', '2017-03-09 13:34:59', '0:0:0:0:0:0:0:1', 'Mozilla/5.0 (compatible; MSIE 9.0; Windows NT 6.3; WOW64; Trident/7.0)', '/jeetc/a/act/task/todo/', 'GET', '', '');
INSERT INTO `sys_log` VALUES ('7c44d6b0a6374925a7403cb06193bd11', '1', '代码生成-主子表', '1', '2017-03-15 20:06:36', '0:0:0:0:0:0:0:1', 'Mozilla/5.0 (Windows NT 6.3; WOW64) AppleWebKit/537.36 (KHTML, like Gecko) Chrome/56.0.2924.87 Safari/537.36', '/jeetc/a/test/testDataMain', 'GET', '', '');
INSERT INTO `sys_log` VALUES ('7c699bea71144b4e9302fcdd5ddf7d66', '1', '代码生成-主子表-编辑', '1', '2017-03-15 19:12:09', '0:0:0:0:0:0:0:1', 'Mozilla/5.0 (Windows NT 6.3; WOW64) AppleWebKit/537.36 (KHTML, like Gecko) Chrome/56.0.2924.87 Safari/537.36', '/jeetc/a/test/testDataMain/getSelectData', 'GET', 0x6E616D653DE58EBB313233265F3D31343839353736333239373039, '');
INSERT INTO `sys_log` VALUES ('7c7fe57b4a454988a3f8fc677482b27d', '1', '代码生成-主子表-编辑', '1', '2017-03-16 09:21:27', '0:0:0:0:0:0:0:1', 'Mozilla/5.0 (compatible; MSIE 9.0; Windows NT 6.3; WOW64; Trident/7.0)', '/jeetc/a/test/testDataMain/getSelectData', 'GET', 0x6E616D653D3131265F3D31343839363237323837303037, '');
INSERT INTO `sys_log` VALUES ('7d1a508a1b7a4ef196f0f654dce95100', '1', '个人信息-个人信息', '8', '2017-03-09 13:36:07', '0:0:0:0:0:0:0:1', 'Mozilla/5.0 (compatible; MSIE 9.0; Windows NT 6.3; WOW64; Trident/7.0)', '/jeetc/a/sys/user/info', 'GET', '', '');
INSERT INTO `sys_log` VALUES ('7d6d65b952a64a6ab4013a237d4fd0bd', '1', '系统登录', '1', '2017-03-16 09:16:00', '0:0:0:0:0:0:0:1', 'Mozilla/5.0 (Windows NT 6.3; WOW64) AppleWebKit/537.36 (KHTML, like Gecko) Chrome/56.0.2924.87 Safari/537.36', '/jeetc/a', 'GET', 0x6C6F67696E3D, '');
INSERT INTO `sys_log` VALUES ('7dc1ff8b35fb4511ad68bb05abd4434a', '1', '代码生成-主子表-编辑', '1', '2017-03-17 09:20:41', '0:0:0:0:0:0:0:1', 'Mozilla/5.0 (compatible; MSIE 9.0; Windows NT 6.3; WOW64; Trident/7.0)', '/jeetc/a/test/testDataMain/getSelectData', 'GET', 0x6E616D653D61265F3D31343839373133363431303339, '');
INSERT INTO `sys_log` VALUES ('7e68e36e60b340dd961feb39a3ad79ab', '1', '代码生成-主子表-编辑', '1', '2017-03-15 19:12:07', '0:0:0:0:0:0:0:1', 'Mozilla/5.0 (Windows NT 6.3; WOW64) AppleWebKit/537.36 (KHTML, like Gecko) Chrome/56.0.2924.87 Safari/537.36', '/jeetc/a/test/testDataMain/getSelectData', 'GET', 0x6E616D653D71265F3D31343839353736333237383130, '');
INSERT INTO `sys_log` VALUES ('7e9da35d39f64441bb686349d7c5baa2', '1', '内容管理-内容发布', '1', '2017-03-09 18:17:38', '0:0:0:0:0:0:0:1', 'Mozilla/5.0 (compatible; MSIE 9.0; Windows NT 6.3; WOW64; Trident/7.0)', '/jeetc/a/cms/', 'GET', '', '');
INSERT INTO `sys_log` VALUES ('7f74ac97b8b84359aff7fee98282f021', '1', '系统登录', '1', '2017-03-15 19:35:59', '0:0:0:0:0:0:0:1', 'Mozilla/5.0 (Windows NT 6.3; WOW64) AppleWebKit/537.36 (KHTML, like Gecko) Chrome/56.0.2924.87 Safari/537.36', '/jeetc/a/test/testDataMain', 'GET', '', '');
INSERT INTO `sys_log` VALUES ('7fc634e5901e456fab154042174bd612', '1', '系统登录', '1', '2017-03-09 14:07:24', '0:0:0:0:0:0:0:1', 'Mozilla/5.0 (compatible; MSIE 9.0; Windows NT 6.3; WOW64; Trident/7.0)', '/jeetc/a', 'GET', 0x6C6F67696E3D, '');
INSERT INTO `sys_log` VALUES ('80103b47d1784359a77bf13f0f429b31', '1', '代码生成-主子表', '1', '2017-03-16 09:24:25', '0:0:0:0:0:0:0:1', 'Mozilla/5.0 (Windows NT 6.3; WOW64) AppleWebKit/537.36 (KHTML, like Gecko) Chrome/56.0.2924.87 Safari/537.36', '/jeetc/a/test/testDataMain', 'GET', '', '');
INSERT INTO `sys_log` VALUES ('802cd39332fc491f9704e7016558bdee', '1', '代码生成-代码生成-代码模板管理', '1', '2017-03-15 18:46:04', '0:0:0:0:0:0:0:1', 'Mozilla/5.0 (Windows NT 6.3; WOW64) AppleWebKit/537.36 (KHTML, like Gecko) Chrome/56.0.2924.87 Safari/537.36', '/jeetc/a/gen/genTemplate', 'GET', '', '');
INSERT INTO `sys_log` VALUES ('8087a7682160457588d10256c1cd56b2', '1', '内容管理', '1', '2017-03-09 18:37:51', '0:0:0:0:0:0:0:1', 'Mozilla/5.0 (compatible; MSIE 9.0; Windows NT 6.3; WOW64; Trident/7.0)', '/jeetc/a/cms/tree', 'GET', '', '');
INSERT INTO `sys_log` VALUES ('8145d997a547483d86cb1116d92631d5', '1', '代码生成-主子表', '1', '2017-03-16 09:21:47', '0:0:0:0:0:0:0:1', 'Mozilla/5.0 (compatible; MSIE 9.0; Windows NT 6.3; WOW64; Trident/7.0)', '/jeetc/a/test/testDataMain', 'GET', '', '');
INSERT INTO `sys_log` VALUES ('8163cb3a0a13427698f86207e5a4702c', '1', '代码生成-主子表-编辑', '1', '2017-03-15 19:49:15', '0:0:0:0:0:0:0:1', 'Mozilla/5.0 (Windows NT 6.3; WOW64) AppleWebKit/537.36 (KHTML, like Gecko) Chrome/56.0.2924.87 Safari/537.36', '/jeetc/a/test/testDataMain/getSelectData', 'GET', 0x63616C6C6261636B3D6A5175657279313833303832383434373234353139303437355F3134383935373835353139323126713D3126706167655F6C696D69743D3130266E616D653D6A75367A396D6A79616A7132646A75653367627676323674265F3D31343839353738353535383736, '');
INSERT INTO `sys_log` VALUES ('81b23c37bf3d4bb49f0ce031f872e633', '1', '代码生成-主子表', '1', '2017-03-17 09:12:56', '0:0:0:0:0:0:0:1', 'Mozilla/5.0 (compatible; MSIE 9.0; Windows NT 6.3; WOW64; Trident/7.0)', '/jeetc/a/test/testDataMain', 'GET', '', '');
INSERT INTO `sys_log` VALUES ('81c5e5c586f04cc0a489b7ac158ab45f', '1', '系统登录', '2', '2017-03-20 09:36:41', '0:0:0:0:0:0:0:1', 'Mozilla/5.0 (Windows NT 6.3; WOW64) AppleWebKit/537.36 (KHTML, like Gecko) Chrome/56.0.2924.87 Safari/537.36', '/jeetc/a', 'GET', 0x6C6F67696E3D, '');
INSERT INTO `sys_log` VALUES ('81c65bd6eb304919ba07ae681bca0ff7', '1', '系统设置-菜单管理-修改', '1', '2017-03-09 13:41:04', '0:0:0:0:0:0:0:1', 'Mozilla/5.0 (compatible; MSIE 9.0; Windows NT 6.3; WOW64; Trident/7.0)', '/jeetc/a/sys/menu/save', 'POST', 0x69643D363626706172656E742E69643D363426706172656E742E6E616D653DE8AFB7E58187E58A9EE79086266E616D653DE4BFAEE694B926687265663D267461726765743D2669636F6E3D26736F72743D343026697353686F773D31267065726D697373696F6E3D6F613A6C656176653A656469742672656D61726B733D, '');
INSERT INTO `sys_log` VALUES ('81cc5270ab8d4ea59470f92842181c27', '1', '内容管理-内容发布-文章模型-查看', '1', '2017-03-09 18:17:48', '0:0:0:0:0:0:0:1', 'Mozilla/5.0 (compatible; MSIE 9.0; Windows NT 6.3; WOW64; Trident/7.0)', '/jeetc/a/cms/article/form', 'GET', 0x69643D32, '');
INSERT INTO `sys_log` VALUES ('8279d4a3148944128d1664158e1ad96b', '1', '代码生成-主子表-编辑', '1', '2017-03-15 19:26:06', '0:0:0:0:0:0:0:1', 'Mozilla/5.0 (Windows NT 6.3; WOW64) AppleWebKit/537.36 (KHTML, like Gecko) Chrome/56.0.2924.87 Safari/537.36', '/jeetc/a/test/testDataMain/getSelectData', 'GET', 0x6E616D653D31323331265F3D31343839353737313636313630, '');
INSERT INTO `sys_log` VALUES ('832d0e274efa482883f2d7544d99711e', '1', '代码生成-主子表', '1', '2017-03-17 08:56:32', '0:0:0:0:0:0:0:1', 'Mozilla/5.0 (compatible; MSIE 9.0; Windows NT 6.3; WOW64; Trident/7.0)', '/jeetc/a/test/testDataMain', 'GET', '', '');
INSERT INTO `sys_log` VALUES ('837fc85c3d2249dc85d57322c374d3c7', '1', '代码生成-主子表-编辑', '1', '2017-03-17 12:35:17', '0:0:0:0:0:0:0:1', 'Mozilla/5.0 (compatible; MSIE 9.0; Windows NT 6.3; WOW64; Trident/7.0)', '/jeetc/a/test/testDataMain/getSelectData', 'GET', 0x6E616D653D3126706167655F6C696D69743D3926706167653D31266170696B65793D6A75367A396D6A79616A7132646A75653367627676323674265F3D31343839373235333137333039, '');
INSERT INTO `sys_log` VALUES ('83d22d1c7cab4522aaa672eaceabb0e9', '1', '个人信息-个人信息', '1', '2017-03-15 19:35:36', '0:0:0:0:0:0:0:1', 'Mozilla/5.0 (Windows NT 6.3; WOW64) AppleWebKit/537.36 (KHTML, like Gecko) Chrome/56.0.2924.87 Safari/537.36', '/jeetc/a/sys/user/info', 'GET', '', '');
INSERT INTO `sys_log` VALUES ('8473458cace8488790e1138b70fba623', '1', '代码生成-主子表', '1', '2017-03-15 19:51:47', '0:0:0:0:0:0:0:1', 'Mozilla/5.0 (Windows NT 6.3; WOW64) AppleWebKit/537.36 (KHTML, like Gecko) Chrome/56.0.2924.87 Safari/537.36', '/jeetc/a/test/testDataMain', 'GET', '', '');
INSERT INTO `sys_log` VALUES ('848eb4a03edb4aff8f21238dc5603868', '1', '代码生成-主子表-编辑', '1', '2017-03-15 19:37:35', '0:0:0:0:0:0:0:1', 'Mozilla/5.0 (Windows NT 6.3; WOW64) AppleWebKit/537.36 (KHTML, like Gecko) Chrome/56.0.2924.87 Safari/537.36', '/jeetc/a/test/testDataMain/getSelectData', 'GET', 0x63616C6C6261636B3D6A51756572793138333031313238353733333930373831343135355F3134383935373738343739303326713D31323331323326706167655F6C696D69743D3130266E616D653D6A75367A396D6A79616A7132646A75653367627676323674265F3D31343839353737383535303534, '');
INSERT INTO `sys_log` VALUES ('859c2059242044318b77e97f77816519', '1', '系统登录', '1', '2017-03-17 09:19:20', '0:0:0:0:0:0:0:1', 'Mozilla/5.0 (compatible; MSIE 9.0; Windows NT 6.3; WOW64; Trident/7.0)', '/jeetc/a', 'GET', 0x6C6F67696E3D, '');
INSERT INTO `sys_log` VALUES ('85cb2e442623487cb3c47147ea8f58ed', '1', '个人办公-请假办理-查看', '1', '2017-03-09 13:29:43', '0:0:0:0:0:0:0:1', 'Mozilla/5.0 (compatible; MSIE 9.0; Windows NT 6.3; WOW64; Trident/7.0)', '/jeetc/a/oa/leave/', 'GET', '', '');
INSERT INTO `sys_log` VALUES ('864f34c8afbe47259b8c43c06c2982c0', '1', '代码生成-主子表-编辑', '1', '2017-03-16 10:22:30', '0:0:0:0:0:0:0:1', 'Mozilla/5.0 (Windows NT 6.3; WOW64) AppleWebKit/537.36 (KHTML, like Gecko) Chrome/56.0.2924.87 Safari/537.36', '/jeetc/a/test/testDataMain/getSelectData', 'GET', 0x6E616D653D64646473265F3D31343839363330393530363734, '');
INSERT INTO `sys_log` VALUES ('865f663a7b504b49865575fd390dad71', '1', '代码生成-主子表-编辑', '1', '2017-03-15 19:49:38', '0:0:0:0:0:0:0:1', 'Mozilla/5.0 (Windows NT 6.3; WOW64) AppleWebKit/537.36 (KHTML, like Gecko) Chrome/56.0.2924.87 Safari/537.36', '/jeetc/a/test/testDataMain/getSelectData', 'GET', 0x63616C6C6261636B3D6A517565727931383330333738343834373034353439323736355F3134383935373835373637313226713D3132313326706167655F6C696D69743D3130266E616D653D6A75367A396D6A79616A7132646A75653367627676323674265F3D31343839353738353738383731, '');
INSERT INTO `sys_log` VALUES ('86947757e50c4405b9d3f5e3495bf20c', '1', '内容管理-内容发布-文章模型', '1', '2017-03-09 18:22:07', '0:0:0:0:0:0:0:1', 'Mozilla/5.0 (compatible; MSIE 9.0; Windows NT 6.3; WOW64; Trident/7.0)', '/jeetc/a/cms/article/', 'GET', 0x63617465676F72792E69643D33, '');
INSERT INTO `sys_log` VALUES ('86cb64e78a8e476cbc0cb496a266aa73', '1', '内容管理-内容发布-文章模型-查看', '1', '2017-03-09 18:35:06', '0:0:0:0:0:0:0:1', 'Mozilla/5.0 (compatible; MSIE 9.0; Windows NT 6.3; WOW64; Trident/7.0)', '/jeetc/a/cms/article/form', 'GET', 0x69643D37, '');
INSERT INTO `sys_log` VALUES ('870532e13b604a80a37612a56a369795', '1', '内容管理-内容发布-文章模型', '1', '2017-03-09 19:22:34', '0:0:0:0:0:0:0:1', 'Mozilla/5.0 (compatible; MSIE 9.0; Windows NT 6.3; WOW64; Trident/7.0)', '/jeetc/a/cms/article/', 'GET', 0x63617465676F72792E69643D33, '');
INSERT INTO `sys_log` VALUES ('870f4034be5f4bafbeea3fbbf6ab2e67', '1', '系统设置-菜单管理-查看', '1', '2017-03-09 13:41:01', '0:0:0:0:0:0:0:1', 'Mozilla/5.0 (compatible; MSIE 9.0; Windows NT 6.3; WOW64; Trident/7.0)', '/jeetc/a/sys/menu/form', 'GET', 0x69643D3636, '');
INSERT INTO `sys_log` VALUES ('872c3e72a7fd47a7afacd6c5be10c134', '1', '代码生成-主子表-编辑', '1', '2017-03-16 09:04:08', '0:0:0:0:0:0:0:1', 'Mozilla/5.0 (compatible; MSIE 9.0; Windows NT 6.3; WOW64; Trident/7.0)', '/jeetc/a/test/testDataMain/getSelectData', 'GET', 0x6E616D653D31265F3D31343839363236323438353532, '');
INSERT INTO `sys_log` VALUES ('883fe42c2f81496bba7ec16725edc737', '1', '系统登录', '1', '2017-03-09 18:34:35', '0:0:0:0:0:0:0:1', 'Mozilla/5.0 (compatible; MSIE 9.0; Windows NT 6.3; WOW64; Trident/7.0)', '/jeetc/a', 'GET', 0x6C6F67696E3D, '');
INSERT INTO `sys_log` VALUES ('894179801906452694e752bb683683bc', '1', '代码生成-主子表', '1', '2017-03-17 08:54:17', '0:0:0:0:0:0:0:1', 'Mozilla/5.0 (compatible; MSIE 9.0; Windows NT 6.3; WOW64; Trident/7.0)', '/jeetc/a/test/testDataMain', 'GET', '', '');
INSERT INTO `sys_log` VALUES ('896756c1aceb4f299ff3f659ff06c248', '1', '代码生成-主子表-编辑', '1', '2017-03-15 19:26:05', '0:0:0:0:0:0:0:1', 'Mozilla/5.0 (Windows NT 6.3; WOW64) AppleWebKit/537.36 (KHTML, like Gecko) Chrome/56.0.2924.87 Safari/537.36', '/jeetc/a/test/testDataMain/getSelectData', 'GET', 0x6E616D653D3132265F3D31343839353737313635363339, '');
INSERT INTO `sys_log` VALUES ('8a6cc86ccef74afe979d8340451b5ae0', '1', '个人信息-个人信息', '1', '2017-03-09 13:43:25', '0:0:0:0:0:0:0:1', 'Mozilla/5.0 (compatible; MSIE 9.0; Windows NT 6.3; WOW64; Trident/7.0)', '/jeetc/a/sys/user/info', 'GET', '', '');
INSERT INTO `sys_log` VALUES ('8ab77043d0f8423f938911107e596307', '1', '内容管理-内容发布-文章模型-查看', '1', '2017-03-09 18:40:08', '0:0:0:0:0:0:0:1', 'Mozilla/5.0 (compatible; MSIE 9.0; Windows NT 6.3; WOW64; Trident/7.0)', '/jeetc/a/cms/article/form', 'GET', 0x69643D31, '');
INSERT INTO `sys_log` VALUES ('8af887c7506e47eebe0322d13b892197', '1', '代码生成-主子表', '1', '2017-03-15 19:49:36', '0:0:0:0:0:0:0:1', 'Mozilla/5.0 (Windows NT 6.3; WOW64) AppleWebKit/537.36 (KHTML, like Gecko) Chrome/56.0.2924.87 Safari/537.36', '/jeetc/a/test/testDataMain', 'GET', '', '');
INSERT INTO `sys_log` VALUES ('8b6408fb09e6477bb22ce5f46956ec8e', '1', '代码生成-主子表', '1', '2017-03-15 18:46:15', '0:0:0:0:0:0:0:1', 'Mozilla/5.0 (Windows NT 6.3; WOW64) AppleWebKit/537.36 (KHTML, like Gecko) Chrome/56.0.2924.87 Safari/537.36', '/jeetc/a/test/testDataMain', 'GET', '', '');
INSERT INTO `sys_log` VALUES ('8c04ea22eb37402ca5cb24f72825f7b3', '1', '个人信息-个人信息', '1', '2017-03-17 12:26:27', '0:0:0:0:0:0:0:1', 'Mozilla/5.0 (compatible; MSIE 9.0; Windows NT 6.3; WOW64; Trident/7.0)', '/jeetc/a/sys/user/info', 'GET', '', '');
INSERT INTO `sys_log` VALUES ('8c7311fcfae74cafba942fca5e42b773', '1', '代码生成-主子表-编辑', '1', '2017-03-15 19:38:11', '0:0:0:0:0:0:0:1', 'Mozilla/5.0 (Windows NT 6.3; WOW64) AppleWebKit/537.36 (KHTML, like Gecko) Chrome/56.0.2924.87 Safari/537.36', '/jeetc/a/test/testDataMain/getSelectData', 'GET', 0x63616C6C6261636B3D6A51756572793138333031313238353733333930373831343135355F3134383935373738343739303326713D3126706167655F6C696D69743D3130266E616D653D6A75367A396D6A79616A7132646A75653367627676323674265F3D31343839353737383931353037, '');
INSERT INTO `sys_log` VALUES ('8c9928f22ed34d8f9938452ea6db1eb8', '1', '代码生成-主子表-编辑', '1', '2017-03-16 08:55:58', '0:0:0:0:0:0:0:1', 'Mozilla/5.0 (compatible; MSIE 9.0; Windows NT 6.3; WOW64; Trident/7.0)', '/jeetc/a/test/testDataMain/getSelectData', 'GET', 0x6E616D653D31265F3D31343839363235373538343434, '');
INSERT INTO `sys_log` VALUES ('8cb05abfdbb54b0fa9388e316da6a201', '1', '个人办公-请假办理-查看', '1', '2017-03-09 13:29:41', '0:0:0:0:0:0:0:1', 'Mozilla/5.0 (compatible; MSIE 9.0; Windows NT 6.3; WOW64; Trident/7.0)', '/jeetc/a/oa/leave/', 'GET', '', '');
INSERT INTO `sys_log` VALUES ('8cfa7a841a204eff8055773fff1a0fcc', '1', '个人办公-请假办理', '3', '2017-03-09 13:46:03', '0:0:0:0:0:0:0:1', 'Mozilla/5.0 (compatible; MSIE 9.0; Windows NT 6.3; WOW64; Trident/7.0)', '/jeetc/a/oa/leave', 'GET', '', '');
INSERT INTO `sys_log` VALUES ('8d75b9b1edc840ebbe93152f3cfa7838', '1', '代码生成-主子表-编辑', '1', '2017-03-16 10:17:49', '0:0:0:0:0:0:0:1', 'Mozilla/5.0 (Windows NT 6.3; WOW64) AppleWebKit/537.36 (KHTML, like Gecko) Chrome/56.0.2924.87 Safari/537.36', '/jeetc/a/test/testDataMain/getSelectData', 'GET', 0x6E616D653D616262265F3D31343839363330363639323239, '');
INSERT INTO `sys_log` VALUES ('8d8d8c67d32d4440963808272f81e412', '1', '代码生成-主子表-编辑', '1', '2017-03-16 09:16:08', '0:0:0:0:0:0:0:1', 'Mozilla/5.0 (Windows NT 6.3; WOW64) AppleWebKit/537.36 (KHTML, like Gecko) Chrome/56.0.2924.87 Safari/537.36', '/jeetc/a/test/testDataMain/getSelectData', 'GET', 0x6E616D653D31265F3D31343839363236393637393534, '');
INSERT INTO `sys_log` VALUES ('8da3426298a340c9911011a5ad46d28d', '1', '代码生成-主子表-编辑', '1', '2017-03-16 08:55:57', '0:0:0:0:0:0:0:1', 'Mozilla/5.0 (compatible; MSIE 9.0; Windows NT 6.3; WOW64; Trident/7.0)', '/jeetc/a/test/testDataMain/getSelectData', 'GET', 0x6E616D653D3132265F3D31343839363235373537323039, '');
INSERT INTO `sys_log` VALUES ('8e2e1e114dee4b928a91f1e7f7c90088', '1', '代码生成-主子表', '1', '2017-03-17 08:54:55', '0:0:0:0:0:0:0:1', 'Mozilla/5.0 (compatible; MSIE 9.0; Windows NT 6.3; WOW64; Trident/7.0)', '/jeetc/a/test/testDataMain', 'GET', '', '');
INSERT INTO `sys_log` VALUES ('8e5876690867492eb4ccf9ae1f59df97', '1', '代码生成-主子表', '1', '2017-03-15 19:47:56', '0:0:0:0:0:0:0:1', 'Mozilla/5.0 (Windows NT 6.3; WOW64) AppleWebKit/537.36 (KHTML, like Gecko) Chrome/56.0.2924.87 Safari/537.36', '/jeetc/a/test/testDataMain', 'GET', '', '');
INSERT INTO `sys_log` VALUES ('8ebc57ceb1d74a2bb133d383ac8ad783', '1', '内容管理', '1', '2017-03-09 19:22:32', '0:0:0:0:0:0:0:1', 'Mozilla/5.0 (compatible; MSIE 9.0; Windows NT 6.3; WOW64; Trident/7.0)', '/jeetc/a/cms/none', 'GET', '', '');
INSERT INTO `sys_log` VALUES ('8f0c76a02e0c44d5afba5d3df9a27632', '1', '个人办公-我的任务', '1', '2017-03-09 13:29:28', '0:0:0:0:0:0:0:1', 'Mozilla/5.0 (compatible; MSIE 9.0; Windows NT 6.3; WOW64; Trident/7.0)', '/jeetc/a/act/task/todo/', 'GET', '', '');
INSERT INTO `sys_log` VALUES ('8ffdcdddb8264cb1b19bdf9825c040c5', '1', '个人办公-流程管理', '1', '2017-03-09 13:30:28', '0:0:0:0:0:0:0:1', 'Mozilla/5.0 (compatible; MSIE 9.0; Windows NT 6.3; WOW64; Trident/7.0)', '/jeetc/a/act/process', 'GET', '', '');
INSERT INTO `sys_log` VALUES ('90bb7a0ececc4e69809ec1fdb1276f2c', '1', '代码生成-主子表-编辑', '1', '2017-03-17 13:44:08', '0:0:0:0:0:0:0:1', 'Mozilla/5.0 (Windows NT 6.3; WOW64) AppleWebKit/537.36 (KHTML, like Gecko) Chrome/56.0.2924.87 Safari/537.36', '/jeetc/a/test/testDataMain/getSelectData', 'GET', 0x6E616D653D3126706167655F6C696D69743D3926706167653D31265F3D31343839373239343438323336, '');
INSERT INTO `sys_log` VALUES ('91941883ba774c7eaf0a4cc028e25ca3', '1', '代码生成-单表', '1', '2017-03-16 11:14:47', '0:0:0:0:0:0:0:1', 'Mozilla/5.0 (compatible; MSIE 9.0; Windows NT 6.3; WOW64; Trident/7.0)', '/jeetc/a/test/testData', 'GET', '', '');
INSERT INTO `sys_log` VALUES ('9210613dc1654e5ba1e2eb8cc87e39d6', '1', '个人信息-个人信息', '1', '2017-03-16 10:28:42', '0:0:0:0:0:0:0:1', 'Mozilla/5.0 (Windows NT 6.3; WOW64) AppleWebKit/537.36 (KHTML, like Gecko) Chrome/56.0.2924.87 Safari/537.36', '/jeetc/a/sys/user/info', 'GET', '', '');
INSERT INTO `sys_log` VALUES ('9367757bf67e49cf9b71adeb59d8437d', '1', '个人信息-个人信息', '1', '2017-03-15 20:09:37', '0:0:0:0:0:0:0:1', 'Mozilla/5.0 (Windows NT 6.3; WOW64) AppleWebKit/537.36 (KHTML, like Gecko) Chrome/56.0.2924.87 Safari/537.36', '/jeetc/a/sys/user/info', 'GET', '', '');
INSERT INTO `sys_log` VALUES ('93c9c465b2254caeac100a1e2f08b1cc', '1', '代码生成-主子表-编辑', '1', '2017-03-16 09:21:44', '0:0:0:0:0:0:0:1', 'Mozilla/5.0 (compatible; MSIE 9.0; Windows NT 6.3; WOW64; Trident/7.0)', '/jeetc/a/test/testDataMain/getSelectData', 'GET', 0x6E616D653D31265F3D31343839363237333034353833, '');
INSERT INTO `sys_log` VALUES ('93ce1c50239349db9bb0e472d11c8bde', '1', '代码生成-主子表-编辑', '1', '2017-03-16 09:05:27', '0:0:0:0:0:0:0:1', 'Mozilla/5.0 (compatible; MSIE 9.0; Windows NT 6.3; WOW64; Trident/7.0)', '/jeetc/a/test/testDataMain/getSelectData', 'GET', 0x6E616D653D32265F3D31343839363236333237313430, '');
INSERT INTO `sys_log` VALUES ('9444613f97ef4d6796275eb3d0be453f', '1', '代码生成-主子表', '1', '2017-03-16 09:05:16', '0:0:0:0:0:0:0:1', 'Mozilla/5.0 (compatible; MSIE 9.0; Windows NT 6.3; WOW64; Trident/7.0)', '/jeetc/a/test/testDataMain', 'GET', '', '');
INSERT INTO `sys_log` VALUES ('954df00dcb294601880c358cfc14a29a', '1', '内容管理', '1', '2017-03-09 18:34:58', '0:0:0:0:0:0:0:1', 'Mozilla/5.0 (compatible; MSIE 9.0; Windows NT 6.3; WOW64; Trident/7.0)', '/jeetc/a/cms/tree', 'GET', '', '');
INSERT INTO `sys_log` VALUES ('95800328954a4b27a28aee390175f17b', '1', '系统登录', '1', '2017-03-16 08:50:35', '0:0:0:0:0:0:0:1', 'Mozilla/5.0 (compatible; MSIE 9.0; Windows NT 6.3; WOW64; Trident/7.0)', '/jeetc/a;JSESSIONID=63f1205c4b6c403da8e226c88edd92be', 'GET', 0x6C6F67696E3D, '');
INSERT INTO `sys_log` VALUES ('95cf64df0ae440dc8384193655e55c96', '1', '代码生成-单表', '1', '2017-03-16 09:04:02', '0:0:0:0:0:0:0:1', 'Mozilla/5.0 (compatible; MSIE 9.0; Windows NT 6.3; WOW64; Trident/7.0)', '/jeetc/a/test/testData', 'GET', '', '');
INSERT INTO `sys_log` VALUES ('95fcc988150941caac3f54c024f73299', '1', '代码生成-主子表-编辑', '1', '2017-03-16 09:27:48', '0:0:0:0:0:0:0:1', 'Mozilla/5.0 (Windows NT 6.3; WOW64) AppleWebKit/537.36 (KHTML, like Gecko) Chrome/56.0.2924.87 Safari/537.36', '/jeetc/a/test/testDataMain/getSelectData', 'GET', 0x6E616D653D31265F3D31343839363237363638363935, '');
INSERT INTO `sys_log` VALUES ('96e4ea1f18db4ed49a1469bf202b8a0d', '1', '内容管理-内容发布-文章模型', '1', '2017-03-09 18:22:11', '0:0:0:0:0:0:0:1', 'Mozilla/5.0 (compatible; MSIE 9.0; Windows NT 6.3; WOW64; Trident/7.0)', '/jeetc/a/cms/article/', 'GET', 0x63617465676F72792E69643D33, '');
INSERT INTO `sys_log` VALUES ('9797076fecd34a7985200c96b38f6841', '1', '栏目设置-栏目管理', '1', '2017-03-09 18:37:37', '0:0:0:0:0:0:0:1', 'Mozilla/5.0 (compatible; MSIE 9.0; Windows NT 6.3; WOW64; Trident/7.0)', '/jeetc/a/cms/category/', 'GET', '', '');
INSERT INTO `sys_log` VALUES ('9797908b9df5405ca14427ca9d659bc9', '1', '代码生成-主子表-编辑', '1', '2017-03-16 09:23:52', '0:0:0:0:0:0:0:1', 'Mozilla/5.0 (Windows NT 6.3; WOW64) AppleWebKit/537.36 (KHTML, like Gecko) Chrome/56.0.2924.87 Safari/537.36', '/jeetc/a/test/testDataMain/getSelectData', 'GET', 0x6E616D653D3132265F3D31343839363237343332363539, '');
INSERT INTO `sys_log` VALUES ('97a911743d59407c9bef1479d3899525', '1', '代码生成-主子表-编辑', '1', '2017-03-15 19:12:56', '0:0:0:0:0:0:0:1', 'Mozilla/5.0 (Windows NT 6.3; WOW64) AppleWebKit/537.36 (KHTML, like Gecko) Chrome/56.0.2924.87 Safari/537.36', '/jeetc/a/test/testDataMain/getSelectData', 'GET', 0x6E616D653D31265F3D31343839353736333634303534, '');
INSERT INTO `sys_log` VALUES ('97b8d8045eb2485bace59acc0361dd6c', '1', '代码生成-主子表', '1', '2017-03-15 18:59:25', '0:0:0:0:0:0:0:1', 'Mozilla/5.0 (Windows NT 6.3; WOW64) AppleWebKit/537.36 (KHTML, like Gecko) Chrome/56.0.2924.87 Safari/537.36', '/jeetc/a/test/testDataMain', 'GET', '', '');
INSERT INTO `sys_log` VALUES ('989b52e251354b96bc5eeafd6e0d2469', '1', '机构用户-用户管理', '1', '2017-03-09 13:45:20', '0:0:0:0:0:0:0:1', 'Mozilla/5.0 (compatible; MSIE 9.0; Windows NT 6.3; WOW64; Trident/7.0)', '/jeetc/a/sys/user/index', 'GET', '', '');
INSERT INTO `sys_log` VALUES ('98a92d46f83d44e587419aa8f2c4b3a8', '1', '代码生成-主子表-编辑', '1', '2017-03-15 19:51:14', '0:0:0:0:0:0:0:1', 'Mozilla/5.0 (Windows NT 6.3; WOW64) AppleWebKit/537.36 (KHTML, like Gecko) Chrome/56.0.2924.87 Safari/537.36', '/jeetc/a/test/testDataMain/getSelectData', 'GET', 0x63616C6C6261636B3D6A517565727931383330383331353136393936393038333435385F3134383935373836373331373526713D3126706167655F6C696D69743D3130266E616D653D6A75367A396D6A79616A7132646A75653367627676323674265F3D31343839353738363734363835, '');
INSERT INTO `sys_log` VALUES ('98c335ce9d2544e18a17d41e5a8edc53', '1', '代码生成-主子表-编辑', '1', '2017-03-17 08:54:57', '0:0:0:0:0:0:0:1', 'Mozilla/5.0 (compatible; MSIE 9.0; Windows NT 6.3; WOW64; Trident/7.0)', '/jeetc/a/test/testDataMain/getSelectData', 'GET', 0x6E616D653D31265F3D31343839373132303937333537, '');
INSERT INTO `sys_log` VALUES ('991b98a4e1c34213849f194e1a594e95', '1', '代码生成-主子表', '1', '2017-03-16 09:23:47', '0:0:0:0:0:0:0:1', 'Mozilla/5.0 (Windows NT 6.3; WOW64) AppleWebKit/537.36 (KHTML, like Gecko) Chrome/56.0.2924.87 Safari/537.36', '/jeetc/a/test/testDataMain', 'GET', '', '');
INSERT INTO `sys_log` VALUES ('991c22a1cfd04a37a8908b7678d2182d', '1', '代码生成-单表', '1', '2017-03-16 10:28:51', '0:0:0:0:0:0:0:1', 'Mozilla/5.0 (Windows NT 6.3; WOW64) AppleWebKit/537.36 (KHTML, like Gecko) Chrome/56.0.2924.87 Safari/537.36', '/jeetc/a/test/testData', 'GET', '', '');
INSERT INTO `sys_log` VALUES ('992c913b9eba4e7eb829edd7ae3ee49f', '1', '个人信息-个人信息', '1', '2017-03-16 09:16:01', '0:0:0:0:0:0:0:1', 'Mozilla/5.0 (Windows NT 6.3; WOW64) AppleWebKit/537.36 (KHTML, like Gecko) Chrome/56.0.2924.87 Safari/537.36', '/jeetc/a/sys/user/info', 'GET', '', '');
INSERT INTO `sys_log` VALUES ('99991ddfa98b4f649cdbec39033d0a8e', '1', '代码生成-主子表', '1', '2017-03-15 19:47:56', '0:0:0:0:0:0:0:1', 'Mozilla/5.0 (Windows NT 6.3; WOW64) AppleWebKit/537.36 (KHTML, like Gecko) Chrome/56.0.2924.87 Safari/537.36', '/jeetc/a/test/testDataMain', 'GET', '', '');
INSERT INTO `sys_log` VALUES ('9aaa2956b5ae4bfda0f0aded4e97532f', '1', '内容管理-内容发布-文章模型-查看', '1', '2017-03-09 19:31:05', '0:0:0:0:0:0:0:1', 'Mozilla/5.0 (compatible; MSIE 9.0; Windows NT 6.3; WOW64; Trident/7.0)', '/jeetc/a/cms/article/findByIds', 'GET', 0x6964733D312C322C332C, '');
INSERT INTO `sys_log` VALUES ('9b25f69096754cbdaec4df2753b71939', '1', '代码生成-主子表-编辑', '1', '2017-03-17 13:45:58', '0:0:0:0:0:0:0:1', 'Mozilla/5.0 (Windows NT 6.3; WOW64) AppleWebKit/537.36 (KHTML, like Gecko) Chrome/56.0.2924.87 Safari/537.36', '/jeetc/a/test/testDataMain/getSelectData', 'GET', 0x6E616D653D31323326706167655F6C696D69743D3926706167653D31265F3D31343839373239353538323633, '');
INSERT INTO `sys_log` VALUES ('9b315cd301464111898989467ddb4900', '1', '个人办公-我的任务', '8', '2017-03-09 13:36:09', '0:0:0:0:0:0:0:1', 'Mozilla/5.0 (compatible; MSIE 9.0; Windows NT 6.3; WOW64; Trident/7.0)', '/jeetc/a/act/task/todo/', 'GET', '', '');
INSERT INTO `sys_log` VALUES ('9b7aac7cff6d46709d9d8e7dc82df300', '1', '代码生成-主子表-编辑', '1', '2017-03-15 20:08:13', '0:0:0:0:0:0:0:1', 'Mozilla/5.0 (Windows NT 6.3; WOW64) AppleWebKit/537.36 (KHTML, like Gecko) Chrome/56.0.2924.87 Safari/537.36', '/jeetc/a/test/testDataMain/getSelectData', 'GET', 0x6E616D653D31265F3D31343839353739363837313333, '');
INSERT INTO `sys_log` VALUES ('9c116f7e676b4bffb9dee8d42be7c66a', '1', '代码生成-主子表-编辑', '1', '2017-03-15 19:10:27', '0:0:0:0:0:0:0:1', 'Mozilla/5.0 (Windows NT 6.3; WOW64) AppleWebKit/537.36 (KHTML, like Gecko) Chrome/56.0.2924.87 Safari/537.36', '/jeetc/a/test/testDataMain/getSelectData', 'GET', 0x6E616D653D32265F3D31343839353736313835313335, '');
INSERT INTO `sys_log` VALUES ('9c6f26e6701549d4ba26183a4f5f1c5d', '1', '代码生成-主子表-编辑', '1', '2017-03-16 09:21:54', '0:0:0:0:0:0:0:1', 'Mozilla/5.0 (compatible; MSIE 9.0; Windows NT 6.3; WOW64; Trident/7.0)', '/jeetc/a/test/testDataMain/getSelectData', 'GET', 0x6E616D653D31265F3D31343839363237333134393133, '');
INSERT INTO `sys_log` VALUES ('9cfc6e57e260460ebdb9a33cc6c898fe', '1', '代码生成-主子表-编辑', '1', '2017-03-16 10:22:32', '0:0:0:0:0:0:0:1', 'Mozilla/5.0 (Windows NT 6.3; WOW64) AppleWebKit/537.36 (KHTML, like Gecko) Chrome/56.0.2924.87 Safari/537.36', '/jeetc/a/test/testDataMain/getSelectData', 'GET', 0x6E616D653D6464265F3D31343839363330393532323136, '');
INSERT INTO `sys_log` VALUES ('9d0a1fd0c0c949a792446a48c3f4587c', '1', '代码生成-主子表-编辑', '1', '2017-03-17 09:03:00', '0:0:0:0:0:0:0:1', 'Mozilla/5.0 (compatible; MSIE 9.0; Windows NT 6.3; WOW64; Trident/7.0)', '/jeetc/a/test/testDataMain/getSelectData', 'GET', 0x6E616D653D31265F3D31343839373132353830363238, '');
INSERT INTO `sys_log` VALUES ('9daf4f59f4ce465498dc1d54c4622839', '1', '内容管理-内容发布-文章模型', '1', '2017-03-09 19:35:28', '0:0:0:0:0:0:0:1', 'Mozilla/5.0 (compatible; MSIE 9.0; Windows NT 6.3; WOW64; Trident/7.0)', '/jeetc/a/cms/article/', 'GET', 0x7265706167653D2663617465676F72792E69643D33, '');
INSERT INTO `sys_log` VALUES ('9e303ad23ec54cf7943783fc9e982a96', '1', '个人办公-我的任务', '1', '2017-03-09 13:28:43', '0:0:0:0:0:0:0:1', 'Mozilla/5.0 (compatible; MSIE 9.0; Windows NT 6.3; WOW64; Trident/7.0)', '/jeetc/a/act/task/todo/', 'GET', '', '');
INSERT INTO `sys_log` VALUES ('9e5756f02615408ebf900d6eee56c96b', '1', '代码生成-主子表-编辑', '1', '2017-03-15 19:22:01', '0:0:0:0:0:0:0:1', 'Mozilla/5.0 (Windows NT 6.3; WOW64) AppleWebKit/537.36 (KHTML, like Gecko) Chrome/56.0.2924.87 Safari/537.36', '/jeetc/a/test/testDataMain/getSelectData', 'GET', '', '');
INSERT INTO `sys_log` VALUES ('9e5fde963a6e4514a1298e38b4dcb1bf', '1', '个人办公-我的任务', '8', '2017-03-09 13:36:20', '0:0:0:0:0:0:0:1', 'Mozilla/5.0 (compatible; MSIE 9.0; Windows NT 6.3; WOW64; Trident/7.0)', '/jeetc/a/act/task/todo/', 'GET', '', '');
INSERT INTO `sys_log` VALUES ('9f01730b11b7449da7a77d7e4c740484', '1', '代码生成-主子表-编辑', '1', '2017-03-16 10:37:27', '0:0:0:0:0:0:0:1', 'Mozilla/5.0 (Windows NT 6.3; WOW64) AppleWebKit/537.36 (KHTML, like Gecko) Chrome/56.0.2924.87 Safari/537.36', '/jeetc/a/test/testDataMain/getSelectData', 'GET', 0x6E616D653D313233265F3D31343839363331383437373235, '');
INSERT INTO `sys_log` VALUES ('9f597efbcaca41e9848af8df98459b0f', '1', '机构用户-机构管理-查看', '1', '2017-03-09 13:44:51', '0:0:0:0:0:0:0:1', 'Mozilla/5.0 (compatible; MSIE 9.0; Windows NT 6.3; WOW64; Trident/7.0)', '/jeetc/a/sys/office/list', 'GET', 0x69643D26706172656E744964733D, '');
INSERT INTO `sys_log` VALUES ('a07040129731420ab649cf2ea5ad84f0', '1', '代码生成-主子表-编辑', '1', '2017-03-16 11:15:32', '0:0:0:0:0:0:0:1', 'Mozilla/5.0 (compatible; MSIE 9.0; Windows NT 6.3; WOW64; Trident/7.0)', '/jeetc/a/test/testDataMain/getSelectData', 'GET', 0x6E616D653D61265F3D31343839363334313332323134, '');
INSERT INTO `sys_log` VALUES ('a140364aae004d719b6e0190ca961c10', '1', '代码生成-主子表', '1', '2017-03-16 10:23:09', '0:0:0:0:0:0:0:1', 'Mozilla/5.0 (Windows NT 6.3; WOW64) AppleWebKit/537.36 (KHTML, like Gecko) Chrome/56.0.2924.87 Safari/537.36', '/jeetc/a/test/testDataMain', 'GET', '', '');
INSERT INTO `sys_log` VALUES ('a16818ea1eba4520908bc7ee31b1307c', '1', '代码生成-主子表-编辑', '1', '2017-03-15 19:26:04', '0:0:0:0:0:0:0:1', 'Mozilla/5.0 (Windows NT 6.3; WOW64) AppleWebKit/537.36 (KHTML, like Gecko) Chrome/56.0.2924.87 Safari/537.36', '/jeetc/a/test/testDataMain/getSelectData', 'GET', 0x6E616D653D3132265F3D31343839353737313633393837, '');
INSERT INTO `sys_log` VALUES ('a1801e77889449afa5e7cf970c74ca64', '1', '代码生成-主子表', '1', '2017-03-17 12:31:31', '0:0:0:0:0:0:0:1', 'Mozilla/5.0 (compatible; MSIE 9.0; Windows NT 6.3; WOW64; Trident/7.0)', '/jeetc/a/test/testDataMain', 'GET', '', '');
INSERT INTO `sys_log` VALUES ('a197e1d8b8ba4fca80d6ebbd351e971d', '1', '代码生成-主子表', '1', '2017-03-15 19:26:02', '0:0:0:0:0:0:0:1', 'Mozilla/5.0 (Windows NT 6.3; WOW64) AppleWebKit/537.36 (KHTML, like Gecko) Chrome/56.0.2924.87 Safari/537.36', '/jeetc/a/test/testDataMain', 'GET', '', '');
INSERT INTO `sys_log` VALUES ('a240c1006a614fdca7b23890a5b5914e', '1', '代码生成-主子表-编辑', '1', '2017-03-16 09:21:55', '0:0:0:0:0:0:0:1', 'Mozilla/5.0 (compatible; MSIE 9.0; Windows NT 6.3; WOW64; Trident/7.0)', '/jeetc/a/test/testDataMain/getSelectData', 'GET', 0x6E616D653D3132265F3D31343839363237333135303634, '');
INSERT INTO `sys_log` VALUES ('a248a9f9151d448b9e2b3622dc1190dc', '1', '代码生成-主子表', '1', '2017-03-17 13:44:06', '0:0:0:0:0:0:0:1', 'Mozilla/5.0 (Windows NT 6.3; WOW64) AppleWebKit/537.36 (KHTML, like Gecko) Chrome/56.0.2924.87 Safari/537.36', '/jeetc/a/test/testDataMain', 'GET', '', '');
INSERT INTO `sys_log` VALUES ('a290601e62bb4e18bd1a0e8e0f8bfa80', '1', '代码生成-主子表-编辑', '1', '2017-03-15 19:37:34', '0:0:0:0:0:0:0:1', 'Mozilla/5.0 (Windows NT 6.3; WOW64) AppleWebKit/537.36 (KHTML, like Gecko) Chrome/56.0.2924.87 Safari/537.36', '/jeetc/a/test/testDataMain/getSelectData', 'GET', 0x63616C6C6261636B3D6A51756572793138333031313238353733333930373831343135355F3134383935373738343739303326713D313226706167655F6C696D69743D3130266E616D653D6A75367A396D6A79616A7132646A75653367627676323674265F3D31343839353737383534333631, '');
INSERT INTO `sys_log` VALUES ('a2d3af79eded4eed95e8296763d9293d', '1', '代码生成-主子表', '1', '2017-03-17 12:35:15', '0:0:0:0:0:0:0:1', 'Mozilla/5.0 (compatible; MSIE 9.0; Windows NT 6.3; WOW64; Trident/7.0)', '/jeetc/a/test/testDataMain', 'GET', '', '');
INSERT INTO `sys_log` VALUES ('a3100374a3334f76bc8495c2a06cda5d', '1', '代码生成-主子表-编辑', '1', '2017-03-15 19:32:26', '0:0:0:0:0:0:0:1', 'Mozilla/5.0 (Windows NT 6.3; WOW64) AppleWebKit/537.36 (KHTML, like Gecko) Chrome/56.0.2924.87 Safari/537.36', '/jeetc/a/test/testDataMain/getSelectData', 'GET', 0x6E616D653D31265F3D31343839353737353436373830, '');
INSERT INTO `sys_log` VALUES ('a3270e6d55dc440f8d5cf3589a9996ea', '1', '内容管理-内容发布-文章模型-查看', '1', '2017-03-09 18:27:36', '0:0:0:0:0:0:0:1', 'Mozilla/5.0 (compatible; MSIE 9.0; Windows NT 6.3; WOW64; Trident/7.0)', '/jeetc/a/cms/article/form', 'GET', 0x69643D31, '');
INSERT INTO `sys_log` VALUES ('a3496509b41848a09ceef099d1ddef5b', '1', '个人信息-个人信息', '1', '2017-03-17 13:43:40', '0:0:0:0:0:0:0:1', 'Mozilla/5.0 (Windows NT 6.3; WOW64) AppleWebKit/537.36 (KHTML, like Gecko) Chrome/56.0.2924.87 Safari/537.36', '/jeetc/a/sys/user/info', 'GET', '', '');
INSERT INTO `sys_log` VALUES ('a4197d28c7a94f2aae4c00fa14582939', '1', '内容管理-内容发布-文章模型', '1', '2017-03-09 18:43:40', '0:0:0:0:0:0:0:1', 'Mozilla/5.0 (compatible; MSIE 9.0; Windows NT 6.3; WOW64; Trident/7.0)', '/jeetc/a/cms/article/', 'GET', 0x63617465676F72792E69643D34, '');
INSERT INTO `sys_log` VALUES ('a42fe6cb935e4846be7d9fabb50b5f51', '1', '代码生成-主子表-编辑', '1', '2017-03-16 10:20:47', '0:0:0:0:0:0:0:1', 'Mozilla/5.0 (Windows NT 6.3; WOW64) AppleWebKit/537.36 (KHTML, like Gecko) Chrome/56.0.2924.87 Safari/537.36', '/jeetc/a/test/testDataMain/getSelectData', 'GET', 0x6E616D653D61265F3D31343839363330383437303335, '');
INSERT INTO `sys_log` VALUES ('a4335e10ce284d9d88de077d35b56ce2', '1', '系统登录', '1', '2017-03-16 09:45:56', '0:0:0:0:0:0:0:1', 'Mozilla/5.0 (Windows NT 6.3; WOW64) AppleWebKit/537.36 (KHTML, like Gecko) Chrome/56.0.2924.87 Safari/537.36', '/jeetc/a/test/testDataMain/getSelectData', 'GET', 0x6E616D653D31265F3D31343839363238373536303937, '');
INSERT INTO `sys_log` VALUES ('a51fc20fcf4546549a6cb76dfb52c4df', '1', '系统登录', '1', '2017-03-15 18:44:20', '127.0.0.1', 'Mozilla/5.0 (compatible; MSIE 9.0; Windows NT 6.3; WOW64; Trident/7.0)', '/jeetc/a;JSESSIONID=3ee487dba7f34df48c1d6606743aefa1', 'GET', 0x6C6F67696E3D, '');
INSERT INTO `sys_log` VALUES ('a62bef77d0b941899db33ae81cef9094', '1', '代码生成-代码生成-代码模板管理', '1', '2017-03-15 18:46:13', '0:0:0:0:0:0:0:1', 'Mozilla/5.0 (Windows NT 6.3; WOW64) AppleWebKit/537.36 (KHTML, like Gecko) Chrome/56.0.2924.87 Safari/537.36', '/jeetc/a/gen/genTemplate', 'GET', '', '');
INSERT INTO `sys_log` VALUES ('a6560269f13a4a5aaa5e6e4e91dad42e', '1', '代码生成-主子表', '1', '2017-03-17 09:12:54', '0:0:0:0:0:0:0:1', 'Mozilla/5.0 (compatible; MSIE 9.0; Windows NT 6.3; WOW64; Trident/7.0)', '/jeetc/a/test/testDataMain', 'GET', '', '');
INSERT INTO `sys_log` VALUES ('a680b325b9f14170861ae46c2e1e376e', '1', '代码生成-主子表-编辑', '1', '2017-03-15 19:27:07', '0:0:0:0:0:0:0:1', 'Mozilla/5.0 (Windows NT 6.3; WOW64) AppleWebKit/537.36 (KHTML, like Gecko) Chrome/56.0.2924.87 Safari/537.36', '/jeetc/a/test/testDataMain/getSelectData', 'GET', 0x6E616D653D31265F3D31343839353737323237343333, '');
INSERT INTO `sys_log` VALUES ('a699e41faa344c5c9625678ab1d494ef', '1', '代码生成-主子表-编辑', '1', '2017-03-15 20:10:17', '0:0:0:0:0:0:0:1', 'Mozilla/5.0 (Windows NT 6.3; WOW64) AppleWebKit/537.36 (KHTML, like Gecko) Chrome/56.0.2924.87 Safari/537.36', '/jeetc/a/test/testDataMain/getSelectData', 'GET', 0x6E616D653D31265F3D31343839353739383137393335, '');
INSERT INTO `sys_log` VALUES ('a6fdeccc68884db992f637916f281c91', '1', '代码生成-主子表-编辑', '1', '2017-03-16 09:49:35', '0:0:0:0:0:0:0:1', 'Mozilla/5.0 (Windows NT 6.3; WOW64) AppleWebKit/537.36 (KHTML, like Gecko) Chrome/56.0.2924.87 Safari/537.36', '/jeetc/a/test/testDataMain/getSelectData', 'GET', 0x6E616D653DE58C97265F3D31343839363238393735303230, '');
INSERT INTO `sys_log` VALUES ('a73e7ff17a954972b2d2097632133ab2', '1', '代码生成-主子表', '1', '2017-03-15 19:37:14', '0:0:0:0:0:0:0:1', 'Mozilla/5.0 (Windows NT 6.3; WOW64) AppleWebKit/537.36 (KHTML, like Gecko) Chrome/56.0.2924.87 Safari/537.36', '/jeetc/a/test/testDataMain', 'GET', '', '');
INSERT INTO `sys_log` VALUES ('a76dc0ddcaa4407db50628cad9951bbb', '1', '代码生成-主子表', '1', '2017-03-15 19:09:42', '0:0:0:0:0:0:0:1', 'Mozilla/5.0 (Windows NT 6.3; WOW64) AppleWebKit/537.36 (KHTML, like Gecko) Chrome/56.0.2924.87 Safari/537.36', '/jeetc/a/test/testDataMain', 'GET', '', '');
INSERT INTO `sys_log` VALUES ('a7822eb046bb4948b32c7b75d73f86dd', '1', '代码生成-主子表', '1', '2017-03-16 09:27:47', '0:0:0:0:0:0:0:1', 'Mozilla/5.0 (Windows NT 6.3; WOW64) AppleWebKit/537.36 (KHTML, like Gecko) Chrome/56.0.2924.87 Safari/537.36', '/jeetc/a/test/testDataMain', 'GET', '', '');
INSERT INTO `sys_log` VALUES ('a79c76b740cc4f45a10a2e8e974e1baf', '1', '代码生成-主子表-编辑', '1', '2017-03-16 09:21:27', '0:0:0:0:0:0:0:1', 'Mozilla/5.0 (compatible; MSIE 9.0; Windows NT 6.3; WOW64; Trident/7.0)', '/jeetc/a/test/testDataMain/getSelectData', 'GET', 0x6E616D653D313131265F3D31343839363237323837343739, '');
INSERT INTO `sys_log` VALUES ('a7ba8ec95f9a4ad689d19f2f2e639eda', '1', '代码生成-主子表', '1', '2017-03-17 13:46:45', '0:0:0:0:0:0:0:1', 'Mozilla/5.0 (Windows NT 6.3; WOW64) AppleWebKit/537.36 (KHTML, like Gecko) Chrome/56.0.2924.87 Safari/537.36', '/jeetc/a/test/testDataMain', 'GET', '', '');
INSERT INTO `sys_log` VALUES ('a7d6f1a0f5b8448f8c7fd331f4b2a8a1', '1', '系统登录', '1', '2017-03-20 09:35:52', '0:0:0:0:0:0:0:1', 'Mozilla/5.0 (Windows NT 6.3; WOW64) AppleWebKit/537.36 (KHTML, like Gecko) Chrome/56.0.2924.87 Safari/537.36', '/jeetc/a;JSESSIONID=43565d893e504ee49550e0f6a5c3ba1d', 'GET', 0x6C6F67696E3D, '');
INSERT INTO `sys_log` VALUES ('a7e9c273c7624e42a62dffe161a9e6e0', '1', '代码生成-主子表-编辑', '1', '2017-03-16 11:12:49', '0:0:0:0:0:0:0:1', 'Mozilla/5.0 (compatible; MSIE 9.0; Windows NT 6.3; WOW64; Trident/7.0)', '/jeetc/a/test/testDataMain/getSelectData', 'GET', 0x6E616D653D61626262265F3D31343839363333393639383937, '');
INSERT INTO `sys_log` VALUES ('a8365ac65d964178b1a87798665088e4', '1', '代码生成-主子表-编辑', '1', '2017-03-16 09:50:08', '0:0:0:0:0:0:0:1', 'Mozilla/5.0 (Windows NT 6.3; WOW64) AppleWebKit/537.36 (KHTML, like Gecko) Chrome/56.0.2924.87 Safari/537.36', '/jeetc/a/test/testDataMain/getSelectData', 'GET', 0x6E616D653D626569265F3D31343839363239303038313437, '');
INSERT INTO `sys_log` VALUES ('a8f3d4c8ec404000a3ff506a54e6373a', '1', '内容管理-信息量统计', '1', '2017-03-17 13:43:51', '0:0:0:0:0:0:0:1', 'Mozilla/5.0 (Windows NT 6.3; WOW64) AppleWebKit/537.36 (KHTML, like Gecko) Chrome/56.0.2924.87 Safari/537.36', '/jeetc/a/cms/stats/article', 'GET', '', '');
INSERT INTO `sys_log` VALUES ('a99b6f5ce83c472ca29c1994f7ce3a73', '1', '系统登录', '6', '2017-03-09 13:45:28', '0:0:0:0:0:0:0:1', 'Mozilla/5.0 (compatible; MSIE 9.0; Windows NT 6.3; WOW64; Trident/7.0)', '/jeetc/a', 'GET', 0x6C6F67696E3D, '');
INSERT INTO `sys_log` VALUES ('aa7e7c067ec643e6882c08c7d89b5b47', '1', '代码生成-主子表-编辑', '1', '2017-03-17 08:59:41', '0:0:0:0:0:0:0:1', 'Mozilla/5.0 (compatible; MSIE 9.0; Windows NT 6.3; WOW64; Trident/7.0)', '/jeetc/a/test/testDataMain/getSelectData', 'GET', 0x6E616D653D3132265F3D31343839373132333831353136, '');
INSERT INTO `sys_log` VALUES ('aa87ae431df346db975c721c6a30fb15', '1', '内容管理-内容发布-文章模型', '1', '2017-03-09 18:46:01', '0:0:0:0:0:0:0:1', 'Mozilla/5.0 (compatible; MSIE 9.0; Windows NT 6.3; WOW64; Trident/7.0)', '/jeetc/a/cms/article/', 'GET', 0x7265706167653D2663617465676F72792E69643D34, '');
INSERT INTO `sys_log` VALUES ('aa98c6a3c802490b8c73bde0562f6e63', '1', '代码生成-主子表-编辑', '1', '2017-03-15 19:51:50', '0:0:0:0:0:0:0:1', 'Mozilla/5.0 (Windows NT 6.3; WOW64) AppleWebKit/537.36 (KHTML, like Gecko) Chrome/56.0.2924.87 Safari/537.36', '/jeetc/a/test/testDataMain/getSelectData', 'GET', 0x63616C6C6261636B3D6A51756572793138333030393238393236393538353136383034375F3134383935373837303733313426713D31323331323326706167655F6C696D69743D3130266E616D653D6A75367A396D6A79616A7132646A75653367627676323674265F3D31343839353738373130343530, '');
INSERT INTO `sys_log` VALUES ('aaaa1055e3f34b90af0ca247c4875772', '1', '代码生成-主子表-编辑', '1', '2017-03-17 09:14:24', '0:0:0:0:0:0:0:1', 'Mozilla/5.0 (compatible; MSIE 9.0; Windows NT 6.3; WOW64; Trident/7.0)', '/jeetc/a/test/testDataMain/getSelectData', 'GET', 0x6E616D653D31265F3D31343839373133323634323232, '');
INSERT INTO `sys_log` VALUES ('aae5693c86194c1988e6c17b4d3dbbf1', '1', '代码生成-主子表-编辑', '1', '2017-03-15 19:51:15', '0:0:0:0:0:0:0:1', 'Mozilla/5.0 (Windows NT 6.3; WOW64) AppleWebKit/537.36 (KHTML, like Gecko) Chrome/56.0.2924.87 Safari/537.36', '/jeetc/a/test/testDataMain/getSelectData', 'GET', 0x63616C6C6261636B3D6A517565727931383330383331353136393936393038333435385F3134383935373836373331373526713D31313226706167655F6C696D69743D3130266E616D653D6A75367A396D6A79616A7132646A75653367627676323674265F3D31343839353738363735343337, '');
INSERT INTO `sys_log` VALUES ('ab11706afa4045bdb0d9944e755c77f0', '1', '内容管理-内容发布-文章模型', '1', '2017-03-09 19:31:52', '0:0:0:0:0:0:0:1', 'Mozilla/5.0 (compatible; MSIE 9.0; Windows NT 6.3; WOW64; Trident/7.0)', '/jeetc/a/cms/article/', 'GET', 0x63617465676F72792E69643D34, '');
INSERT INTO `sys_log` VALUES ('ac150b42e1d24e25928fb850cf806d43', '1', '代码生成-主子表', '1', '2017-03-16 11:15:29', '0:0:0:0:0:0:0:1', 'Mozilla/5.0 (compatible; MSIE 9.0; Windows NT 6.3; WOW64; Trident/7.0)', '/jeetc/a/test/testDataMain', 'GET', '', '');
INSERT INTO `sys_log` VALUES ('acb3f52974104f49b6f324a7914ef8ab', '1', '代码生成-主子表-编辑', '1', '2017-03-15 19:27:08', '0:0:0:0:0:0:0:1', 'Mozilla/5.0 (Windows NT 6.3; WOW64) AppleWebKit/537.36 (KHTML, like Gecko) Chrome/56.0.2924.87 Safari/537.36', '/jeetc/a/test/testDataMain/getSelectData', 'GET', 0x6E616D653D313233313233265F3D31343839353737323238313132, '');
INSERT INTO `sys_log` VALUES ('ad07fffadee2413aa68c242381d7bea9', '1', '系统登录', '3', '2017-03-09 13:45:59', '0:0:0:0:0:0:0:1', 'Mozilla/5.0 (compatible; MSIE 9.0; Windows NT 6.3; WOW64; Trident/7.0)', '/jeetc/a', 'GET', 0x6C6F67696E3D, '');
INSERT INTO `sys_log` VALUES ('ad4a6e84cc894f23a07f44bbbb362600', '1', '系统登录', '1', '2017-03-15 18:55:34', '0:0:0:0:0:0:0:1', 'Mozilla/5.0 (Windows NT 6.3; WOW64) AppleWebKit/537.36 (KHTML, like Gecko) Chrome/56.0.2924.87 Safari/537.36', '/jeetc/a/test/testDataMain', 'GET', '', '');
INSERT INTO `sys_log` VALUES ('ae326dc8881a4b00935442e78070da55', '1', '个人信息-个人信息', '1', '2017-03-16 09:25:18', '0:0:0:0:0:0:0:1', 'Mozilla/5.0 (Windows NT 6.3; WOW64) AppleWebKit/537.36 (KHTML, like Gecko) Chrome/56.0.2924.87 Safari/537.36', '/jeetc/a/sys/user/info', 'GET', '', '');
INSERT INTO `sys_log` VALUES ('ae407877acf54cf7be4e5e07c40bfa82', '1', '系统设置-字典管理', '1', '2017-03-15 20:09:40', '0:0:0:0:0:0:0:1', 'Mozilla/5.0 (Windows NT 6.3; WOW64) AppleWebKit/537.36 (KHTML, like Gecko) Chrome/56.0.2924.87 Safari/537.36', '/jeetc/a/sys/dict/', 'GET', '', '');
INSERT INTO `sys_log` VALUES ('ae8cbee0002442b3ab6b920096dd220b', '1', '代码生成-主子表-编辑', '1', '2017-03-16 09:21:29', '0:0:0:0:0:0:0:1', 'Mozilla/5.0 (compatible; MSIE 9.0; Windows NT 6.3; WOW64; Trident/7.0)', '/jeetc/a/test/testDataMain/getSelectData', 'GET', 0x6E616D653D31265F3D31343839363237323839363935, '');
INSERT INTO `sys_log` VALUES ('af31a607d9e74ac09e0b22fd687d8806', '1', '代码生成-主子表', '1', '2017-03-15 19:29:24', '0:0:0:0:0:0:0:1', 'Mozilla/5.0 (Windows NT 6.3; WOW64) AppleWebKit/537.36 (KHTML, like Gecko) Chrome/56.0.2924.87 Safari/537.36', '/jeetc/a/test/testDataMain', 'GET', '', '');
INSERT INTO `sys_log` VALUES ('af6bff13d5994bfe82006f81f40ccbea', '1', '代码生成-主子表-编辑', '1', '2017-03-17 12:31:05', '0:0:0:0:0:0:0:1', 'Mozilla/5.0 (compatible; MSIE 9.0; Windows NT 6.3; WOW64; Trident/7.0)', '/jeetc/a/test/testDataMain/getSelectData', 'GET', 0x6E616D653D61265F3D31343839373235303635303331, '');
INSERT INTO `sys_log` VALUES ('af7ab18a99ee44838b7d1e0c53f37d3e', '1', '代码生成-主子表-编辑', '1', '2017-03-16 09:50:26', '0:0:0:0:0:0:0:1', 'Mozilla/5.0 (Windows NT 6.3; WOW64) AppleWebKit/537.36 (KHTML, like Gecko) Chrome/56.0.2924.87 Safari/537.36', '/jeetc/a/test/testDataMain/getSelectData', 'GET', 0x6E616D653DE58C97265F3D31343839363239303236383435, '');
INSERT INTO `sys_log` VALUES ('afab539d2cf344bcbc00905404c36906', '1', '内容管理-内容发布-文章模型-修改', '1', '2017-03-09 18:19:19', '0:0:0:0:0:0:0:1', 'Mozilla/5.0 (compatible; MSIE 9.0; Windows NT 6.3; WOW64; Trident/7.0)', '/jeetc/a/cms/article/save', 'POST', 0x69643D312663617465676F72792E69643D332663617465676F72792E6E616D653DE7BD91E7AB99E7AE80E4BB8B267469746C653DE69687E7ABA0E6A087E9A298E6A087E9A298E6A087E9A298E6A087E9A29826636F6C6F723D677265656E266C696E6B3D266B6579776F7264733DE585B3E994AEE5AD97312CE585B3E994AEE5AD9732267765696768743D3026776569676874446174653D266465736372697074696F6E3D26696D6167653D2661727469636C65446174612E636F707966726F6D3DE69DA5E6BA902661727469636C65446174612E72656C6174696F6E3D312C322C332C2661727469636C65446174612E616C6C6F77436F6D6D656E743D31265F706F7369644C6973743D6F6E26637265617465446174653D323031332D30352D32372030383A30303A30302664656C466C61673D3026637573746F6D436F6E74656E74566965773D2676696577436F6E6669673D2661727469636C65446174612E636F6E74656E743DE69687E7ABA0E58685E5AEB9E58685E5AEB9E58685E5AEB9E58685E5AEB9, '');
INSERT INTO `sys_log` VALUES ('b0199f5ce32a4dea8daca437c49504f3', '1', '个人办公-请假办理-修改', '1', '2017-03-09 13:30:55', '0:0:0:0:0:0:0:1', 'Mozilla/5.0 (compatible; MSIE 9.0; Windows NT 6.3; WOW64; Trident/7.0)', '/jeetc/a/oa/leave/save', 'POST', 0x69643D266C65617665547970653D3126737461727454696D653D323031372D30332D30392031333A33303A343626656E6454696D653D323031372D30332D33312031333A33303A343826726561736F6E3D31, '');
INSERT INTO `sys_log` VALUES ('b034cc3701a2488cb4b80b7b4093f542', '1', '个人信息-个人信息', '1', '2017-03-16 09:26:40', '0:0:0:0:0:0:0:1', 'Mozilla/5.0 (Windows NT 6.3; WOW64) AppleWebKit/537.36 (KHTML, like Gecko) Chrome/56.0.2924.87 Safari/537.36', '/jeetc/a/sys/user/info', 'GET', '', '');
INSERT INTO `sys_log` VALUES ('b034e340905c4e598af7c3c7e25c12bf', '1', '个人办公-请假办理', '1', '2017-03-09 13:43:37', '0:0:0:0:0:0:0:1', 'Mozilla/5.0 (compatible; MSIE 9.0; Windows NT 6.3; WOW64; Trident/7.0)', '/jeetc/a/oa/leave', 'GET', '', '');
INSERT INTO `sys_log` VALUES ('b0454039696142c6b05206db7b4d4bf6', '1', '代码生成-主子表-编辑', '1', '2017-03-17 08:56:51', '0:0:0:0:0:0:0:1', 'Mozilla/5.0 (compatible; MSIE 9.0; Windows NT 6.3; WOW64; Trident/7.0)', '/jeetc/a/test/testDataMain/getSelectData', 'GET', 0x6E616D653D62265F3D31343839373132323130393738, '');
INSERT INTO `sys_log` VALUES ('b0c4c7aef3364c15822ce4cc575fa4eb', '1', '代码生成-主子表-编辑', '1', '2017-03-16 09:05:08', '0:0:0:0:0:0:0:1', 'Mozilla/5.0 (compatible; MSIE 9.0; Windows NT 6.3; WOW64; Trident/7.0)', '/jeetc/a/test/testDataMain/getSelectData', 'GET', 0x6E616D653D31265F3D31343839363236333038313637, '');
INSERT INTO `sys_log` VALUES ('b12adb57a98e41c5a926335531d83424', '1', '代码生成-主子表-编辑', '1', '2017-03-15 19:21:11', '0:0:0:0:0:0:0:1', 'Mozilla/5.0 (Windows NT 6.3; WOW64) AppleWebKit/537.36 (KHTML, like Gecko) Chrome/56.0.2924.87 Safari/537.36', '/jeetc/a/test/testDataMain/getSelectData', 'GET', 0x6E616D653D31265F3D31343839353736383636353030, '');
INSERT INTO `sys_log` VALUES ('b14a9674d5f845c4b9d1acef3bd09619', '1', '机构用户-用户管理-查看', '1', '2017-03-09 13:35:53', '0:0:0:0:0:0:0:1', 'Mozilla/5.0 (compatible; MSIE 9.0; Windows NT 6.3; WOW64; Trident/7.0)', '/jeetc/a/sys/user/list', 'GET', '', '');
INSERT INTO `sys_log` VALUES ('b164c21b59124c50a468433e74c2e950', '1', '代码生成-主子表-编辑', '1', '2017-03-16 09:26:11', '0:0:0:0:0:0:0:1', 'Mozilla/5.0 (Windows NT 6.3; WOW64) AppleWebKit/537.36 (KHTML, like Gecko) Chrome/56.0.2924.87 Safari/537.36', '/jeetc/a/test/testDataMain/getSelectData', 'GET', 0x6E616D653D31265F3D31343839363237353731303039, '');
INSERT INTO `sys_log` VALUES ('b19c14e7d06c4c8a97d914fe4de5d2ef', '1', '代码生成-主子表', '1', '2017-03-16 10:03:09', '0:0:0:0:0:0:0:1', 'Mozilla/5.0 (Windows NT 6.3; WOW64) AppleWebKit/537.36 (KHTML, like Gecko) Chrome/56.0.2924.87 Safari/537.36', '/jeetc/a/test/testDataMain', 'GET', '', '');
INSERT INTO `sys_log` VALUES ('b205d783af02401387faebe3588369ed', '1', '系统登录', '1', '2017-03-15 19:25:58', '0:0:0:0:0:0:0:1', 'Mozilla/5.0 (Windows NT 6.3; WOW64) AppleWebKit/537.36 (KHTML, like Gecko) Chrome/56.0.2924.87 Safari/537.36', '/jeetc/a', 'GET', 0x6C6F67696E3D, '');
INSERT INTO `sys_log` VALUES ('b2251f4f875c489bb91e5e59d240befc', '1', '代码生成-主子表', '1', '2017-03-15 18:44:41', '127.0.0.1', 'Mozilla/5.0 (compatible; MSIE 9.0; Windows NT 6.3; WOW64; Trident/7.0)', '/jeetc/a/test/testDataMain', 'GET', '', '');
INSERT INTO `sys_log` VALUES ('b2a527ccec344d49b25b4cd90a3d4d2e', '1', '代码生成-主子表-编辑', '1', '2017-03-15 19:49:18', '0:0:0:0:0:0:0:1', 'Mozilla/5.0 (Windows NT 6.3; WOW64) AppleWebKit/537.36 (KHTML, like Gecko) Chrome/56.0.2924.87 Safari/537.36', '/jeetc/a/test/testDataMain/getSelectData', 'GET', 0x63616C6C6261636B3D6A5175657279313833303832383434373234353139303437355F3134383935373835353139323126713D3126706167655F6C696D69743D3130266E616D653D6A75367A396D6A79616A7132646A75653367627676323674265F3D31343839353738353538333736, '');
INSERT INTO `sys_log` VALUES ('b2d1f4da1af24ae4b1a383554096d2fe', '1', '代码生成-主子表', '1', '2017-03-17 12:26:50', '0:0:0:0:0:0:0:1', 'Mozilla/5.0 (compatible; MSIE 9.0; Windows NT 6.3; WOW64; Trident/7.0)', '/jeetc/a/test/testDataMain', 'GET', '', '');
INSERT INTO `sys_log` VALUES ('b324b3c9b319456e9f2e4b5b6b1aa0b1', '1', '个人办公-请假办理-查看', '3', '2017-03-09 13:46:07', '0:0:0:0:0:0:0:1', 'Mozilla/5.0 (compatible; MSIE 9.0; Windows NT 6.3; WOW64; Trident/7.0)', '/jeetc/a/oa/leave/list', 'GET', '', '');
INSERT INTO `sys_log` VALUES ('b361445006ac4a779de2a9276ff8cd46', '1', '内容管理', '1', '2017-03-17 13:43:52', '0:0:0:0:0:0:0:1', 'Mozilla/5.0 (Windows NT 6.3; WOW64) AppleWebKit/537.36 (KHTML, like Gecko) Chrome/56.0.2924.87 Safari/537.36', '/jeetc/a/cms/tree', 'GET', '', '');
INSERT INTO `sys_log` VALUES ('b3709f5f5e07452f9c9bc7d47c676079', '1', '代码生成-主子表-编辑', '1', '2017-03-17 08:59:20', '0:0:0:0:0:0:0:1', 'Mozilla/5.0 (compatible; MSIE 9.0; Windows NT 6.3; WOW64; Trident/7.0)', '/jeetc/a/test/testDataMain/getSelectData', 'GET', 0x6E616D653D61265F3D31343839373132333630373436, '');
INSERT INTO `sys_log` VALUES ('b402052b88334f9cbe9053c997aa2ed3', '1', '内容管理', '1', '2017-03-09 19:22:33', '0:0:0:0:0:0:0:1', 'Mozilla/5.0 (compatible; MSIE 9.0; Windows NT 6.3; WOW64; Trident/7.0)', '/jeetc/a/cms/tree', 'GET', '', '');
INSERT INTO `sys_log` VALUES ('b4ab3e4c4460410fbd123106f9e01048', '1', '内容管理-内容发布-文章模型-查看', '1', '2017-03-09 18:38:03', '0:0:0:0:0:0:0:1', 'Mozilla/5.0 (compatible; MSIE 9.0; Windows NT 6.3; WOW64; Trident/7.0)', '/jeetc/a/cms/article/form', 'GET', 0x69643D32, '');
INSERT INTO `sys_log` VALUES ('b5d80813a48c4794b1060503ec86b8ba', '1', '内容管理-内容发布-文章模型', '1', '2017-03-09 18:27:55', '0:0:0:0:0:0:0:1', 'Mozilla/5.0 (compatible; MSIE 9.0; Windows NT 6.3; WOW64; Trident/7.0)', '/jeetc/a/cms/article/', 'GET', 0x63617465676F72792E69643D33, '');
INSERT INTO `sys_log` VALUES ('b67197ad939a4f48838e92e8f1888bb8', '1', '代码生成-主子表-编辑', '1', '2017-03-15 19:27:55', '0:0:0:0:0:0:0:1', 'Mozilla/5.0 (Windows NT 6.3; WOW64) AppleWebKit/537.36 (KHTML, like Gecko) Chrome/56.0.2924.87 Safari/537.36', '/jeetc/a/test/testDataMain/getSelectData', 'GET', 0x6E616D653D31265F3D31343839353737323733383533, '');
INSERT INTO `sys_log` VALUES ('b71df52f95bb4d07a51835e8e9ebcc80', '1', '代码生成-主子表', '1', '2017-03-16 09:48:09', '0:0:0:0:0:0:0:1', 'Mozilla/5.0 (Windows NT 6.3; WOW64) AppleWebKit/537.36 (KHTML, like Gecko) Chrome/56.0.2924.87 Safari/537.36', '/jeetc/a/test/testDataMain', 'GET', '', '');
INSERT INTO `sys_log` VALUES ('b751694567d941d1ac9f85a8f229f86d', '1', '代码生成-主子表-编辑', '1', '2017-03-16 10:18:04', '0:0:0:0:0:0:0:1', 'Mozilla/5.0 (Windows NT 6.3; WOW64) AppleWebKit/537.36 (KHTML, like Gecko) Chrome/56.0.2924.87 Safari/537.36', '/jeetc/a/test/testDataMain/getSelectData', 'GET', 0x6E616D653D64265F3D31343839363330363834373031, '');
INSERT INTO `sys_log` VALUES ('b79229ec4dd347a095a17d187b0e2fcd', '1', '代码生成-主子表', '1', '2017-03-15 18:59:58', '0:0:0:0:0:0:0:1', 'Mozilla/5.0 (Windows NT 6.3; WOW64) AppleWebKit/537.36 (KHTML, like Gecko) Chrome/56.0.2924.87 Safari/537.36', '/jeetc/a/test/testDataMain', 'GET', '', '');
INSERT INTO `sys_log` VALUES ('b7f12a9fc9284b7783dab74b91985b6c', '1', '内容管理-公共留言-查看', '1', '2017-03-17 13:43:50', '0:0:0:0:0:0:0:1', 'Mozilla/5.0 (Windows NT 6.3; WOW64) AppleWebKit/537.36 (KHTML, like Gecko) Chrome/56.0.2924.87 Safari/537.36', '/jeetc/a/cms/guestbook/', 'GET', 0x7374617475733D32, '');
INSERT INTO `sys_log` VALUES ('b81e16aebceb4699b9885a2a6f268b05', '1', '代码生成-主子表', '1', '2017-03-15 19:37:27', '0:0:0:0:0:0:0:1', 'Mozilla/5.0 (Windows NT 6.3; WOW64) AppleWebKit/537.36 (KHTML, like Gecko) Chrome/56.0.2924.87 Safari/537.36', '/jeetc/a/test/testDataMain', 'GET', '', '');
INSERT INTO `sys_log` VALUES ('b829d02260624bfbbc02eca9edeefafa', '1', '代码生成-主子表-编辑', '1', '2017-03-17 12:26:57', '0:0:0:0:0:0:0:1', 'Mozilla/5.0 (compatible; MSIE 9.0; Windows NT 6.3; WOW64; Trident/7.0)', '/jeetc/a/test/testDataMain/getSelectData', 'GET', 0x6E616D653D31265F3D31343839373234383137323139, '');
INSERT INTO `sys_log` VALUES ('b89e38c3768a435fb6539c90d9d07b9f', '1', '代码生成-单表', '1', '2017-03-15 18:45:50', '0:0:0:0:0:0:0:1', 'Mozilla/5.0 (Windows NT 6.3; WOW64) AppleWebKit/537.36 (KHTML, like Gecko) Chrome/56.0.2924.87 Safari/537.36', '/jeetc/a/test/testData', 'GET', '', '');
INSERT INTO `sys_log` VALUES ('b8f3eac481184366a983090f797d562e', '1', '内容管理-内容发布-文章模型-查看', '1', '2017-03-09 18:22:09', '0:0:0:0:0:0:0:1', 'Mozilla/5.0 (compatible; MSIE 9.0; Windows NT 6.3; WOW64; Trident/7.0)', '/jeetc/a/cms/article/findByIds', 'GET', 0x6964733D312C322C332C, '');
INSERT INTO `sys_log` VALUES ('b93611f5f98f4d54b127263245c1d36c', '1', '内容管理-内容发布-文章模型-查看', '1', '2017-03-09 19:37:12', '0:0:0:0:0:0:0:1', 'Mozilla/5.0 (compatible; MSIE 9.0; Windows NT 6.3; WOW64; Trident/7.0)', '/jeetc/a/cms/article/form', 'GET', 0x69643D32, '');
INSERT INTO `sys_log` VALUES ('b95967fd861d4975af5ec736cdf2a95d', '1', '内容管理', '1', '2017-03-09 18:23:11', '0:0:0:0:0:0:0:1', 'Mozilla/5.0 (compatible; MSIE 9.0; Windows NT 6.3; WOW64; Trident/7.0)', '/jeetc/a/cms/none', 'GET', '', '');
INSERT INTO `sys_log` VALUES ('b95a35986b994acc8bc163322eb26e0b', '1', '代码生成-主子表-编辑', '1', '2017-03-15 20:09:51', '0:0:0:0:0:0:0:1', 'Mozilla/5.0 (Windows NT 6.3; WOW64) AppleWebKit/537.36 (KHTML, like Gecko) Chrome/56.0.2924.87 Safari/537.36', '/jeetc/a/test/testDataMain/getSelectData', 'GET', 0x6E616D653D31265F3D31343839353739373931393038, '');
INSERT INTO `sys_log` VALUES ('b9cdeb849e354bd09e89e8626466d7db', '1', '代码生成-主子表-编辑', '1', '2017-03-16 10:23:10', '0:0:0:0:0:0:0:1', 'Mozilla/5.0 (Windows NT 6.3; WOW64) AppleWebKit/537.36 (KHTML, like Gecko) Chrome/56.0.2924.87 Safari/537.36', '/jeetc/a/test/testDataMain/getSelectData', 'GET', 0x6E616D653D63265F3D31343839363330393930303731, '');
INSERT INTO `sys_log` VALUES ('ba7572f8de0d4c90913ab55c546d2fd7', '1', '代码生成-主子表-编辑', '1', '2017-03-16 09:53:53', '0:0:0:0:0:0:0:1', 'Mozilla/5.0 (Windows NT 6.3; WOW64) AppleWebKit/537.36 (KHTML, like Gecko) Chrome/56.0.2924.87 Safari/537.36', '/jeetc/a/test/testDataMain/getSelectData', 'GET', 0x6E616D653D73265F3D31343839363239323333363537, '');
INSERT INTO `sys_log` VALUES ('ba8db83b9814480185ae8c0027c3ca28', '1', '内容管理-内容发布-文章模型-查看', '1', '2017-03-09 19:34:21', '0:0:0:0:0:0:0:1', 'Mozilla/5.0 (compatible; MSIE 9.0; Windows NT 6.3; WOW64; Trident/7.0)', '/jeetc/a/cms/article/form', 'GET', 0x69643D32, '');
INSERT INTO `sys_log` VALUES ('bac2b97872a14b089b4549bed5b5fb2b', '1', '代码生成-主子表', '1', '2017-03-15 19:35:59', '0:0:0:0:0:0:0:1', 'Mozilla/5.0 (Windows NT 6.3; WOW64) AppleWebKit/537.36 (KHTML, like Gecko) Chrome/56.0.2924.87 Safari/537.36', '/jeetc/a/test/testDataMain', 'GET', '', '');
INSERT INTO `sys_log` VALUES ('bba562b5e92149f4b0254b427354c48a', '1', '个人信息-个人信息', '1', '2017-03-09 18:17:14', '0:0:0:0:0:0:0:1', 'Mozilla/5.0 (compatible; MSIE 9.0; Windows NT 6.3; WOW64; Trident/7.0)', '/jeetc/a/sys/user/info', 'GET', '', '');
INSERT INTO `sys_log` VALUES ('bbcc835c1f2c48b08ba582667a16d8b1', '1', '代码生成-主子表-编辑', '1', '2017-03-16 09:49:30', '0:0:0:0:0:0:0:1', 'Mozilla/5.0 (Windows NT 6.3; WOW64) AppleWebKit/537.36 (KHTML, like Gecko) Chrome/56.0.2924.87 Safari/537.36', '/jeetc/a/test/testDataMain/getSelectData', 'GET', 0x6E616D653DE58C97265F3D31343839363238393730303232, '');
INSERT INTO `sys_log` VALUES ('bc136e623b47471f9590aa6af7b9edb5', '1', '代码生成-主子表', '1', '2017-03-16 09:04:05', '0:0:0:0:0:0:0:1', 'Mozilla/5.0 (compatible; MSIE 9.0; Windows NT 6.3; WOW64; Trident/7.0)', '/jeetc/a/test/testDataMain', 'GET', '', '');
INSERT INTO `sys_log` VALUES ('bc51e229a5d149b0bf62519b78f692e7', '1', '内容管理-内容发布-文章模型', '1', '2017-03-09 18:34:59', '0:0:0:0:0:0:0:1', 'Mozilla/5.0 (compatible; MSIE 9.0; Windows NT 6.3; WOW64; Trident/7.0)', '/jeetc/a/cms/article/', 'GET', 0x63617465676F72792E69643D33, '');
INSERT INTO `sys_log` VALUES ('be520030d0ff47baa39800155b41dbbc', '1', '代码生成-主子表-编辑', '1', '2017-03-16 08:55:57', '0:0:0:0:0:0:0:1', 'Mozilla/5.0 (compatible; MSIE 9.0; Windows NT 6.3; WOW64; Trident/7.0)', '/jeetc/a/test/testDataMain/getSelectData', 'GET', 0x6E616D653D313233265F3D31343839363235373537333732, '');
INSERT INTO `sys_log` VALUES ('be740b2fbb5c4a5f82fe6c0d5f808047', '1', '代码生成-主子表-编辑', '1', '2017-03-16 09:50:13', '0:0:0:0:0:0:0:1', 'Mozilla/5.0 (Windows NT 6.3; WOW64) AppleWebKit/537.36 (KHTML, like Gecko) Chrome/56.0.2924.87 Safari/537.36', '/jeetc/a/test/testDataMain/getSelectData', 'GET', 0x6E616D653D6265265F3D31343839363239303133343830, '');
INSERT INTO `sys_log` VALUES ('be823634fa8d4cfa9b39f594ae12a572', '1', '代码生成-主子表-编辑', '1', '2017-03-16 08:54:14', '0:0:0:0:0:0:0:1', 'Mozilla/5.0 (compatible; MSIE 9.0; Windows NT 6.3; WOW64; Trident/7.0)', '/jeetc/a/test/testDataMain/getSelectData', 'GET', 0x6E616D653D61265F3D31343839363235363534313832, '');
INSERT INTO `sys_log` VALUES ('beab8bedd19945898a4872d47714f68e', '1', '代码生成-主子表', '1', '2017-03-16 09:58:29', '0:0:0:0:0:0:0:1', 'Mozilla/5.0 (Windows NT 6.3; WOW64) AppleWebKit/537.36 (KHTML, like Gecko) Chrome/56.0.2924.87 Safari/537.36', '/jeetc/a/test/testDataMain', 'GET', '', '');
INSERT INTO `sys_log` VALUES ('beb64262544a421eaf31ddfd70346c67', '1', '个人信息-个人信息', '1', '2017-03-09 18:37:22', '0:0:0:0:0:0:0:1', 'Mozilla/5.0 (compatible; MSIE 9.0; Windows NT 6.3; WOW64; Trident/7.0)', '/jeetc/a/sys/user/info', 'GET', '', '');
INSERT INTO `sys_log` VALUES ('bef10735a54a4db2ad0ecf2876f7de9c', '1', '代码生成-主子表-编辑', '1', '2017-03-16 09:49:33', '0:0:0:0:0:0:0:1', 'Mozilla/5.0 (Windows NT 6.3; WOW64) AppleWebKit/537.36 (KHTML, like Gecko) Chrome/56.0.2924.87 Safari/537.36', '/jeetc/a/test/testDataMain/getSelectData', 'GET', 0x6E616D653DE5808D265F3D31343839363238393733313733, '');
INSERT INTO `sys_log` VALUES ('bf51f3231852418b9e1d61531b7ed66b', '1', '代码生成-主子表-编辑', '1', '2017-03-15 19:32:27', '0:0:0:0:0:0:0:1', 'Mozilla/5.0 (Windows NT 6.3; WOW64) AppleWebKit/537.36 (KHTML, like Gecko) Chrome/56.0.2924.87 Safari/537.36', '/jeetc/a/test/testDataMain/getSelectData', 'GET', 0x6E616D653D31313233265F3D31343839353737353437383831, '');
INSERT INTO `sys_log` VALUES ('bf8707747d12446fb954cb092db0c176', '1', '内容管理-内容发布-文章模型-查看', '1', '2017-03-09 18:37:59', '0:0:0:0:0:0:0:1', 'Mozilla/5.0 (compatible; MSIE 9.0; Windows NT 6.3; WOW64; Trident/7.0)', '/jeetc/a/cms/article/form', 'GET', 0x69643D31, '');
INSERT INTO `sys_log` VALUES ('bfb95dd70624460591419ec050f070a4', '1', '代码生成-主子表-编辑', '1', '2017-03-15 19:27:27', '0:0:0:0:0:0:0:1', 'Mozilla/5.0 (Windows NT 6.3; WOW64) AppleWebKit/537.36 (KHTML, like Gecko) Chrome/56.0.2924.87 Safari/537.36', '/jeetc/a/test/testDataMain/getSelectData', 'GET', 0x6E616D653D31265F3D31343839353737323335383236, '');
INSERT INTO `sys_log` VALUES ('bfc3bd78c6954bbe96dff9d9995faf48', '1', '内容管理', '1', '2017-03-09 18:17:39', '0:0:0:0:0:0:0:1', 'Mozilla/5.0 (compatible; MSIE 9.0; Windows NT 6.3; WOW64; Trident/7.0)', '/jeetc/a/cms/tree', 'GET', '', '');
INSERT INTO `sys_log` VALUES ('c05fecd73ddc49fd8e0e87b760ac9ebd', '1', '代码生成-主子表-编辑', '1', '2017-03-16 09:00:30', '0:0:0:0:0:0:0:1', 'Mozilla/5.0 (compatible; MSIE 9.0; Windows NT 6.3; WOW64; Trident/7.0)', '/jeetc/a/test/testDataMain/getSelectData', 'GET', 0x6E616D653D31265F3D31343839363236303330383031, '');
INSERT INTO `sys_log` VALUES ('c0c7f297a3d84d6b9d5d0b4e80994974', '1', '代码生成-主子表-编辑', '1', '2017-03-17 09:19:31', '0:0:0:0:0:0:0:1', 'Mozilla/5.0 (compatible; MSIE 9.0; Windows NT 6.3; WOW64; Trident/7.0)', '/jeetc/a/test/testDataMain/getSelectData', 'GET', 0x6E616D653D31265F3D31343839373133353731303432, '');
INSERT INTO `sys_log` VALUES ('c260fbbb3e0b4e31acd675c048cae522', '1', '系统设置-角色管理-修改', '1', '2017-03-09 13:45:13', '0:0:0:0:0:0:0:1', 'Mozilla/5.0 (compatible; MSIE 9.0; Windows NT 6.3; WOW64; Trident/7.0)', '/jeetc/a/sys/role/assign', 'GET', 0x69643D31, '');
INSERT INTO `sys_log` VALUES ('c27e21d3c5a84b7a9a6c2dd1e9d802df', '1', '代码生成-主子表-编辑', '1', '2017-03-16 09:04:17', '0:0:0:0:0:0:0:1', 'Mozilla/5.0 (compatible; MSIE 9.0; Windows NT 6.3; WOW64; Trident/7.0)', '/jeetc/a/test/testDataMain/getSelectData', 'GET', 0x6E616D653D31265F3D31343839363236323537353534, '');
INSERT INTO `sys_log` VALUES ('c3b3cd29e3254996a964fc81018961ec', '1', '内容管理', '1', '2017-03-09 18:40:04', '0:0:0:0:0:0:0:1', 'Mozilla/5.0 (compatible; MSIE 9.0; Windows NT 6.3; WOW64; Trident/7.0)', '/jeetc/a/cms/none', 'GET', '', '');
INSERT INTO `sys_log` VALUES ('c44c14e9423a47e79c5e4cd36db772b0', '1', '内容管理-内容发布-文章模型-修改', '1', '2017-03-09 19:36:38', '0:0:0:0:0:0:0:1', 'Mozilla/5.0 (compatible; MSIE 9.0; Windows NT 6.3; WOW64; Trident/7.0)', '/jeetc/a/cms/article/save', 'POST', 0x69643D322663617465676F72792E69643D332663617465676F72792E6E616D653DE7BD91E7AB99E7AE80E4BB8B267469746C653DE69687E7ABA0E6A087E9A298E6A087E9A298E6A087E9A298E6A087E9A29826636F6C6F723D726564266C696E6B3D266B6579776F7264733DE585B3E994AEE5AD97312CE585B3E994AEE5AD9732267765696768743D3026776569676874446174653D266465736372697074696F6E3D26696D6167653D2661727469636C65446174612E636F707966726F6D3DE69DA5E6BA902661727469636C65446174612E72656C6174696F6E3D312C322C332C2661727469636C65446174612E616C6C6F77436F6D6D656E743D31265F706F7369644C6973743D6F6E26637265617465446174653D323031332D30352D32372030383A30303A30302664656C466C61673D3026637573746F6D436F6E74656E74566965773D2676696577436F6E6669673D2661727469636C65446174612E636F6E74656E743DE682A8E79A84E6B58FE8A788E599A8E4B88DE694AFE68C81C2A0766964656FC2A0E6A087E7ADBEE38082C2A0, '');
INSERT INTO `sys_log` VALUES ('c49dcd6fc7774e83abfee144995424b0', '1', '个人办公-流程管理', '1', '2017-03-09 13:29:26', '0:0:0:0:0:0:0:1', 'Mozilla/5.0 (compatible; MSIE 9.0; Windows NT 6.3; WOW64; Trident/7.0)', '/jeetc/a/act/process', 'GET', '', '');
INSERT INTO `sys_log` VALUES ('c4e4215a1e944250b36588e84fbc4bcb', '1', '个人办公-我的任务', '1', '2017-03-09 13:29:25', '0:0:0:0:0:0:0:1', 'Mozilla/5.0 (compatible; MSIE 9.0; Windows NT 6.3; WOW64; Trident/7.0)', '/jeetc/a/act/task/todo/', 'GET', '', '');
INSERT INTO `sys_log` VALUES ('c4fbb1e9ebfd45189983f13a9e8c816d', '1', '代码生成-主子表-编辑', '1', '2017-03-16 10:22:27', '0:0:0:0:0:0:0:1', 'Mozilla/5.0 (Windows NT 6.3; WOW64) AppleWebKit/537.36 (KHTML, like Gecko) Chrome/56.0.2924.87 Safari/537.36', '/jeetc/a/test/testDataMain/getSelectData', 'GET', 0x6E616D653D64265F3D31343839363330393437353235, '');
INSERT INTO `sys_log` VALUES ('c53b1d00a2b64be7b7021fee8a013b59', '1', '代码生成-主子表-编辑', '1', '2017-03-16 09:48:53', '0:0:0:0:0:0:0:1', 'Mozilla/5.0 (Windows NT 6.3; WOW64) AppleWebKit/537.36 (KHTML, like Gecko) Chrome/56.0.2924.87 Safari/537.36', '/jeetc/a/test/testDataMain/getSelectData', 'GET', 0x6E616D653DE58C97265F3D31343839363238393333343538, '');
INSERT INTO `sys_log` VALUES ('c53cea2b1dc648dc89776cf9bfd663e1', '1', '代码生成-主子表-编辑', '1', '2017-03-15 20:04:53', '0:0:0:0:0:0:0:1', 'Mozilla/5.0 (Windows NT 6.3; WOW64) AppleWebKit/537.36 (KHTML, like Gecko) Chrome/56.0.2924.87 Safari/537.36', '/jeetc/a/test/testDataMain/getSelectData', 'GET', 0x713D31265F3D31343839353739343933363533, '');
INSERT INTO `sys_log` VALUES ('c5b09413842f40088b633dc55f0b5c4b', '1', '代码生成-主子表', '1', '2017-03-15 18:46:28', '0:0:0:0:0:0:0:1', 'Mozilla/5.0 (Windows NT 6.3; WOW64) AppleWebKit/537.36 (KHTML, like Gecko) Chrome/56.0.2924.87 Safari/537.36', '/jeetc/a/test/testDataMain', 'GET', '', '');
INSERT INTO `sys_log` VALUES ('c5c7cae6ef964546bd187bb20f11ac32', '1', '内容管理-内容发布-文章模型-修改', '1', '2017-03-09 19:30:38', '0:0:0:0:0:0:0:1', 'Mozilla/5.0 (compatible; MSIE 9.0; Windows NT 6.3; WOW64; Trident/7.0)', '/jeetc/a/cms/article/save', 'POST', 0x69643D322663617465676F72792E69643D332663617465676F72792E6E616D653DE7BD91E7AB99E7AE80E4BB8B267469746C653DE69687E7ABA0E6A087E9A298E6A087E9A298E6A087E9A298E6A087E9A29826636F6C6F723D726564266C696E6B3D266B6579776F7264733DE585B3E994AEE5AD97312CE585B3E994AEE5AD9732267765696768743D3026776569676874446174653D266465736372697074696F6E3D26696D6167653D2661727469636C65446174612E636F707966726F6D3DE69DA5E6BA902661727469636C65446174612E72656C6174696F6E3D312C322C332C2661727469636C65446174612E616C6C6F77436F6D6D656E743D31265F706F7369644C6973743D6F6E26637265617465446174653D323031332D30352D32372030383A30303A30302664656C466C61673D3026637573746F6D436F6E74656E74566965773D2676696577436F6E6669673D2661727469636C65446174612E636F6E74656E743D, '');
INSERT INTO `sys_log` VALUES ('c70d9298b806426f8ea564ff00f6acf3', '1', '系统登录', '1', '2017-03-16 09:23:44', '0:0:0:0:0:0:0:1', 'Mozilla/5.0 (Windows NT 6.3; WOW64) AppleWebKit/537.36 (KHTML, like Gecko) Chrome/56.0.2924.87 Safari/537.36', '/jeetc/a', 'GET', 0x6C6F67696E3D, '');
INSERT INTO `sys_log` VALUES ('c752d060981f4a478d973faac140c215', '1', '代码生成-主子表', '1', '2017-03-15 19:47:58', '0:0:0:0:0:0:0:1', 'Mozilla/5.0 (Windows NT 6.3; WOW64) AppleWebKit/537.36 (KHTML, like Gecko) Chrome/56.0.2924.87 Safari/537.36', '/jeetc/a/test/testDataMain', 'GET', '', '');
INSERT INTO `sys_log` VALUES ('c779c7210ce24190842e079f99eb4d32', '1', '代码生成-主子表-编辑', '1', '2017-03-16 09:29:34', '0:0:0:0:0:0:0:1', 'Mozilla/5.0 (Windows NT 6.3; WOW64) AppleWebKit/537.36 (KHTML, like Gecko) Chrome/56.0.2924.87 Safari/537.36', '/jeetc/a/test/testDataMain/getSelectData', 'GET', 0x6E616D653D3132333435363732265F3D31343839363237373734363230, '');
INSERT INTO `sys_log` VALUES ('c833334b1fe0456699c2c3f7debd0d3e', '1', '个人信息-个人信息', '1', '2017-03-20 09:35:54', '0:0:0:0:0:0:0:1', 'Mozilla/5.0 (Windows NT 6.3; WOW64) AppleWebKit/537.36 (KHTML, like Gecko) Chrome/56.0.2924.87 Safari/537.36', '/jeetc/a/sys/user/info', 'GET', '', '');
INSERT INTO `sys_log` VALUES ('c9619fe73a054f829af18b2ff43a25b1', '1', '代码生成-主子表', '1', '2017-03-16 11:14:21', '0:0:0:0:0:0:0:1', 'Mozilla/5.0 (compatible; MSIE 9.0; Windows NT 6.3; WOW64; Trident/7.0)', '/jeetc/a/test/testDataMain', 'GET', '', '');
INSERT INTO `sys_log` VALUES ('c976b65d65f84a2b973aea02623b2778', '1', '系统登录', '1', '2017-03-09 13:43:23', '0:0:0:0:0:0:0:1', 'Mozilla/5.0 (compatible; MSIE 9.0; Windows NT 6.3; WOW64; Trident/7.0)', '/jeetc/a', 'GET', 0x6C6F67696E3D, '');
INSERT INTO `sys_log` VALUES ('cae19624c92c48c789d85742636568e6', '1', '代码生成-主子表-编辑', '1', '2017-03-15 19:21:44', '0:0:0:0:0:0:0:1', 'Mozilla/5.0 (Windows NT 6.3; WOW64) AppleWebKit/537.36 (KHTML, like Gecko) Chrome/56.0.2924.87 Safari/537.36', '/jeetc/a/test/testDataMain/getSelectData', 'GET', '', '');
INSERT INTO `sys_log` VALUES ('cae2a59e1462458f88ac1aef7d10325c', '1', '代码生成-主子表', '1', '2017-03-17 13:45:32', '0:0:0:0:0:0:0:1', 'Mozilla/5.0 (Windows NT 6.3; WOW64) AppleWebKit/537.36 (KHTML, like Gecko) Chrome/56.0.2924.87 Safari/537.36', '/jeetc/a/test/testDataMain', 'GET', '', '');
INSERT INTO `sys_log` VALUES ('cafe0b45caa74110965b4fd7a126728f', '1', '个人办公-请假办理', '1', '2017-03-09 13:30:24', '0:0:0:0:0:0:0:1', 'Mozilla/5.0 (compatible; MSIE 9.0; Windows NT 6.3; WOW64; Trident/7.0)', '/jeetc/a/oa/leave', 'GET', '', '');
INSERT INTO `sys_log` VALUES ('cb7d589d668d4d6fb11ab8da95beab52', '1', '代码生成-主子表-编辑', '1', '2017-03-17 08:56:33', '0:0:0:0:0:0:0:1', 'Mozilla/5.0 (compatible; MSIE 9.0; Windows NT 6.3; WOW64; Trident/7.0)', '/jeetc/a/test/testDataMain/getSelectData', 'GET', 0x6E616D653D31265F3D31343839373132313933373630, '');
INSERT INTO `sys_log` VALUES ('cc6e988854a3429791387ac696299573', '1', '代码生成-主子表', '1', '2017-03-16 09:05:19', '0:0:0:0:0:0:0:1', 'Mozilla/5.0 (compatible; MSIE 9.0; Windows NT 6.3; WOW64; Trident/7.0)', '/jeetc/a/test/testDataMain', 'GET', '', '');
INSERT INTO `sys_log` VALUES ('cd223134cc0e4b08870594061677c34b', '1', '个人信息-个人信息', '1', '2017-03-17 09:19:22', '0:0:0:0:0:0:0:1', 'Mozilla/5.0 (compatible; MSIE 9.0; Windows NT 6.3; WOW64; Trident/7.0)', '/jeetc/a/sys/user/info', 'GET', '', '');
INSERT INTO `sys_log` VALUES ('cdc4a5793e01422b9af262806aeb02a4', '1', '个人办公-请假办理', '1', '2017-03-09 13:41:18', '0:0:0:0:0:0:0:1', 'Mozilla/5.0 (compatible; MSIE 9.0; Windows NT 6.3; WOW64; Trident/7.0)', '/jeetc/a/oa/leave', 'GET', '', '');
INSERT INTO `sys_log` VALUES ('ce0abe98b5b945cbbe6ae81d787c9cd7', '1', '内容管理-内容发布-文章模型-查看', '1', '2017-03-09 18:43:33', '0:0:0:0:0:0:0:1', 'Mozilla/5.0 (compatible; MSIE 9.0; Windows NT 6.3; WOW64; Trident/7.0)', '/jeetc/a/cms/article/form', 'GET', 0x69643D31, '');
INSERT INTO `sys_log` VALUES ('cf1dfd243c9044ba8075faa5a3a4ce4f', '1', '代码生成-主子表', '1', '2017-03-15 20:07:25', '0:0:0:0:0:0:0:1', 'Mozilla/5.0 (Windows NT 6.3; WOW64) AppleWebKit/537.36 (KHTML, like Gecko) Chrome/56.0.2924.87 Safari/537.36', '/jeetc/a/test/testDataMain', 'GET', '', '');
INSERT INTO `sys_log` VALUES ('cf46a424bd5e48a199a8d5da6c038085', '1', '代码生成-主子表-编辑', '1', '2017-03-16 10:18:02', '0:0:0:0:0:0:0:1', 'Mozilla/5.0 (Windows NT 6.3; WOW64) AppleWebKit/537.36 (KHTML, like Gecko) Chrome/56.0.2924.87 Safari/537.36', '/jeetc/a/test/testDataMain/getSelectData', 'GET', 0x6E616D653D61265F3D31343839363330363832353532, '');
INSERT INTO `sys_log` VALUES ('d017919a637f488e8f5782903036da8b', '1', '代码生成-主子表-编辑', '1', '2017-03-15 19:22:26', '0:0:0:0:0:0:0:1', 'Mozilla/5.0 (Windows NT 6.3; WOW64) AppleWebKit/537.36 (KHTML, like Gecko) Chrome/56.0.2924.87 Safari/537.36', '/jeetc/a/test/testDataMain/getSelectData', 'GET', '', '');
INSERT INTO `sys_log` VALUES ('d03e84439d5f4ea2a6a2c4ac3582f726', '1', '系统登录', '1', '2017-03-15 18:45:43', '0:0:0:0:0:0:0:1', 'Mozilla/5.0 (Windows NT 6.3; WOW64) AppleWebKit/537.36 (KHTML, like Gecko) Chrome/56.0.2924.87 Safari/537.36', '/jeetc/a', 'GET', 0x6C6F67696E3D, '');
INSERT INTO `sys_log` VALUES ('d09e2f71f6b24465baf8f526411b1dfe', '1', '代码生成-主子表', '1', '2017-03-15 19:40:50', '0:0:0:0:0:0:0:1', 'Mozilla/5.0 (Windows NT 6.3; WOW64) AppleWebKit/537.36 (KHTML, like Gecko) Chrome/56.0.2924.87 Safari/537.36', '/jeetc/a/test/testDataMain', 'GET', '', '');
INSERT INTO `sys_log` VALUES ('d0a3a4ae063c498eb4c9500a9b6b4779', '1', '代码生成-主子表', '1', '2017-03-15 20:07:23', '0:0:0:0:0:0:0:1', 'Mozilla/5.0 (Windows NT 6.3; WOW64) AppleWebKit/537.36 (KHTML, like Gecko) Chrome/56.0.2924.87 Safari/537.36', '/jeetc/a/test/testDataMain', 'GET', '', '');
INSERT INTO `sys_log` VALUES ('d0d38eee94d04be0967bc7e44d6da317', '1', '代码生成-主子表-编辑', '1', '2017-03-16 09:53:48', '0:0:0:0:0:0:0:1', 'Mozilla/5.0 (Windows NT 6.3; WOW64) AppleWebKit/537.36 (KHTML, like Gecko) Chrome/56.0.2924.87 Safari/537.36', '/jeetc/a/test/testDataMain/getSelectData', 'GET', 0x6E616D653DE58C97E4BAAC265F3D31343839363239323238383132, '');
INSERT INTO `sys_log` VALUES ('d155c6660cd24789a92d9a0e09f33b34', '1', '内容管理-内容发布-文章模型-查看', '1', '2017-03-09 19:22:36', '0:0:0:0:0:0:0:1', 'Mozilla/5.0 (compatible; MSIE 9.0; Windows NT 6.3; WOW64; Trident/7.0)', '/jeetc/a/cms/article/form', 'GET', 0x69643D31, '');
INSERT INTO `sys_log` VALUES ('d16ad11e9aeb4b0c95cb3ea3e3ee7dd9', '1', '代码生成-主子表-编辑', '1', '2017-03-16 09:27:24', '0:0:0:0:0:0:0:1', 'Mozilla/5.0 (Windows NT 6.3; WOW64) AppleWebKit/537.36 (KHTML, like Gecko) Chrome/56.0.2924.87 Safari/537.36', '/jeetc/a/test/testDataMain/getSelectData', 'GET', 0x6E616D653D31265F3D31343839363237363434313633, '');
INSERT INTO `sys_log` VALUES ('d24781bbc80943ae8b7121f2e0bdd7a4', '1', '代码生成-主子表', '1', '2017-03-16 11:14:45', '0:0:0:0:0:0:0:1', 'Mozilla/5.0 (compatible; MSIE 9.0; Windows NT 6.3; WOW64; Trident/7.0)', '/jeetc/a/test/testDataMain', 'GET', '', '');
INSERT INTO `sys_log` VALUES ('d2af3da3765449d4a02d66e821a82a11', '1', '个人信息-个人信息', '1', '2017-03-15 18:45:44', '0:0:0:0:0:0:0:1', 'Mozilla/5.0 (Windows NT 6.3; WOW64) AppleWebKit/537.36 (KHTML, like Gecko) Chrome/56.0.2924.87 Safari/537.36', '/jeetc/a/sys/user/info', 'GET', '', '');
INSERT INTO `sys_log` VALUES ('d310aa23713d45aabe59978ee66caf2d', '1', '个人信息-个人信息', '1', '2017-03-15 19:25:59', '0:0:0:0:0:0:0:1', 'Mozilla/5.0 (Windows NT 6.3; WOW64) AppleWebKit/537.36 (KHTML, like Gecko) Chrome/56.0.2924.87 Safari/537.36', '/jeetc/a/sys/user/info', 'GET', '', '');
INSERT INTO `sys_log` VALUES ('d34c2183a8934572a31101205d407ed5', '1', '个人办公-流程管理', '8', '2017-03-09 13:36:21', '0:0:0:0:0:0:0:1', 'Mozilla/5.0 (compatible; MSIE 9.0; Windows NT 6.3; WOW64; Trident/7.0)', '/jeetc/a/act/process', 'GET', '', '');
INSERT INTO `sys_log` VALUES ('d398f43f30514b0dac647047d00dd7af', '1', '代码生成-主子表-编辑', '1', '2017-03-16 09:21:51', '0:0:0:0:0:0:0:1', 'Mozilla/5.0 (compatible; MSIE 9.0; Windows NT 6.3; WOW64; Trident/7.0)', '/jeetc/a/test/testDataMain/getSelectData', 'GET', 0x6E616D653D313233265F3D31343839363237333131353833, '');
INSERT INTO `sys_log` VALUES ('d44068d6190c45d7a39f9268710c04fe', '1', '代码生成-主子表', '1', '2017-03-16 09:21:23', '0:0:0:0:0:0:0:1', 'Mozilla/5.0 (compatible; MSIE 9.0; Windows NT 6.3; WOW64; Trident/7.0)', '/jeetc/a/test/testDataMain', 'GET', '', '');
INSERT INTO `sys_log` VALUES ('d5027313eb7349ff8694c9e214d6765d', '1', '代码生成-主子表-编辑', '1', '2017-03-16 09:26:50', '0:0:0:0:0:0:0:1', 'Mozilla/5.0 (Windows NT 6.3; WOW64) AppleWebKit/537.36 (KHTML, like Gecko) Chrome/56.0.2924.87 Safari/537.36', '/jeetc/a/test/testDataMain/getSelectData', 'GET', 0x6E616D653D31265F3D31343839363237363130323934, '');
INSERT INTO `sys_log` VALUES ('d55b62aed9dd4754bf3ffe187edc53bb', '1', '代码生成-主子表', '1', '2017-03-16 09:25:21', '0:0:0:0:0:0:0:1', 'Mozilla/5.0 (Windows NT 6.3; WOW64) AppleWebKit/537.36 (KHTML, like Gecko) Chrome/56.0.2924.87 Safari/537.36', '/jeetc/a/test/testDataMain', 'GET', '', '');
INSERT INTO `sys_log` VALUES ('d5c7c09ad05f439895b6cfeae7062ae5', '1', '内容管理-内容发布-文章模型', '1', '2017-03-09 18:22:05', '0:0:0:0:0:0:0:1', 'Mozilla/5.0 (compatible; MSIE 9.0; Windows NT 6.3; WOW64; Trident/7.0)', '/jeetc/a/cms/article/', 'GET', 0x63617465676F72792E69643D3131, '');
INSERT INTO `sys_log` VALUES ('d609894e9c66463e9b00205fd5345560', '1', '代码生成-主子表-编辑', '1', '2017-03-15 19:38:12', '0:0:0:0:0:0:0:1', 'Mozilla/5.0 (Windows NT 6.3; WOW64) AppleWebKit/537.36 (KHTML, like Gecko) Chrome/56.0.2924.87 Safari/537.36', '/jeetc/a/test/testDataMain/getSelectData', 'GET', 0x63616C6C6261636B3D6A51756572793138333031313238353733333930373831343135355F3134383935373738343739303326713D3131323326706167655F6C696D69743D3130266E616D653D6A75367A396D6A79616A7132646A75653367627676323674265F3D31343839353737383932333431, '');
INSERT INTO `sys_log` VALUES ('d637656a41f444478b3b358e6d3a9a4e', '1', '代码生成-主子表-编辑', '1', '2017-03-15 19:37:34', '0:0:0:0:0:0:0:1', 'Mozilla/5.0 (Windows NT 6.3; WOW64) AppleWebKit/537.36 (KHTML, like Gecko) Chrome/56.0.2924.87 Safari/537.36', '/jeetc/a/test/testDataMain/getSelectData', 'GET', 0x63616C6C6261636B3D6A51756572793138333031313238353733333930373831343135355F3134383935373738343739303326713D313233313226706167655F6C696D69743D3130266E616D653D6A75367A396D6A79616A7132646A75653367627676323674265F3D31343839353737383534383834, '');
INSERT INTO `sys_log` VALUES ('d63caff5cf6843a19b4354f67b43febd', '1', '个人办公-流程管理', '1', '2017-03-09 13:43:31', '0:0:0:0:0:0:0:1', 'Mozilla/5.0 (compatible; MSIE 9.0; Windows NT 6.3; WOW64; Trident/7.0)', '/jeetc/a/act/process', 'GET', '', '');
INSERT INTO `sys_log` VALUES ('d6aeedb6e5884862a339973c53f2ee0e', '1', '代码生成-主子表-编辑', '1', '2017-03-16 10:20:35', '0:0:0:0:0:0:0:1', 'Mozilla/5.0 (Windows NT 6.3; WOW64) AppleWebKit/537.36 (KHTML, like Gecko) Chrome/56.0.2924.87 Safari/537.36', '/jeetc/a/test/testDataMain/getSelectData', 'GET', 0x6E616D653D61265F3D31343839363330383335373538, '');
INSERT INTO `sys_log` VALUES ('d6d1a5dbab86402aa03bfdf523649acd', '1', '机构用户-用户管理-修改', '1', '2017-03-20 09:36:21', '0:0:0:0:0:0:0:1', 'Mozilla/5.0 (Windows NT 6.3; WOW64) AppleWebKit/537.36 (KHTML, like Gecko) Chrome/56.0.2924.87 Safari/537.36', '/jeetc/a/sys/user/checkLoginName', 'GET', 0x6F6C644C6F67696E4E616D653D73645F61646D696E266C6F67696E4E616D653D73645F61646D696E, '');
INSERT INTO `sys_log` VALUES ('d71d6fdb3bd942718d247540ffb600f4', '1', '系统设置-菜单管理-查看', '1', '2017-03-09 13:40:49', '0:0:0:0:0:0:0:1', 'Mozilla/5.0 (compatible; MSIE 9.0; Windows NT 6.3; WOW64; Trident/7.0)', '/jeetc/a/sys/menu/form', 'GET', 0x69643D3635, '');
INSERT INTO `sys_log` VALUES ('d81feeb277854aef84876c4c25194889', '1', '代码生成-主子表-编辑', '1', '2017-03-17 12:34:53', '0:0:0:0:0:0:0:1', 'Mozilla/5.0 (compatible; MSIE 9.0; Windows NT 6.3; WOW64; Trident/7.0)', '/jeetc/a/test/testDataMain/getSelectData', 'GET', 0x6E616D653D3126706167655F6C696D69743D313026706167653D31266170696B65793D6A75367A396D6A79616A7132646A75653367627676323674265F3D31343839373235323933393430, '');
INSERT INTO `sys_log` VALUES ('d825dcda69214dba8b2fb5155a32472b', '1', '代码生成-主子表', '1', '2017-03-17 09:13:01', '0:0:0:0:0:0:0:1', 'Mozilla/5.0 (compatible; MSIE 9.0; Windows NT 6.3; WOW64; Trident/7.0)', '/jeetc/a/test/testDataMain', 'GET', '', '');
INSERT INTO `sys_log` VALUES ('d918d6b4b81f4d6eaff5d9bdf06efeca', '1', '代码生成-主子表', '1', '2017-03-16 11:14:48', '0:0:0:0:0:0:0:1', 'Mozilla/5.0 (compatible; MSIE 9.0; Windows NT 6.3; WOW64; Trident/7.0)', '/jeetc/a/test/testDataMain', 'GET', '', '');
INSERT INTO `sys_log` VALUES ('d96b94c8dfdb42ea8272608611a2187b', '1', '代码生成-主子表-编辑', '1', '2017-03-15 19:38:10', '0:0:0:0:0:0:0:1', 'Mozilla/5.0 (Windows NT 6.3; WOW64) AppleWebKit/537.36 (KHTML, like Gecko) Chrome/56.0.2924.87 Safari/537.36', '/jeetc/a/test/testDataMain/getSelectData', 'GET', 0x63616C6C6261636B3D6A51756572793138333031313238353733333930373831343135355F3134383935373738343739303326713D31323126706167655F6C696D69743D3130266E616D653D6A75367A396D6A79616A7132646A75653367627676323674265F3D31343839353737383930343233, '');
INSERT INTO `sys_log` VALUES ('d971f8b3e6cf49fb92979ad78bdf37dc', '1', '代码生成-主子表-编辑', '1', '2017-03-17 12:30:00', '0:0:0:0:0:0:0:1', 'Mozilla/5.0 (compatible; MSIE 9.0; Windows NT 6.3; WOW64; Trident/7.0)', '/jeetc/a/test/testDataMain/getSelectData', 'GET', 0x6E616D653D61265F3D31343839373235303030373630, '');
INSERT INTO `sys_log` VALUES ('d975afd66e04460db656c642ecddced6', '1', '代码生成-主子表-编辑', '1', '2017-03-16 09:21:26', '0:0:0:0:0:0:0:1', 'Mozilla/5.0 (compatible; MSIE 9.0; Windows NT 6.3; WOW64; Trident/7.0)', '/jeetc/a/test/testDataMain/getSelectData', 'GET', 0x6E616D653D31265F3D31343839363237323836363037, '');
INSERT INTO `sys_log` VALUES ('d9ae0f1256044693a9e22a3327f73848', '1', '代码生成-主子表-编辑', '1', '2017-03-15 19:30:25', '0:0:0:0:0:0:0:1', 'Mozilla/5.0 (Windows NT 6.3; WOW64) AppleWebKit/537.36 (KHTML, like Gecko) Chrome/56.0.2924.87 Safari/537.36', '/jeetc/a/test/testDataMain/getSelectData', 'GET', 0x6E616D653D3132265F3D31343839353737343235383730, '');
INSERT INTO `sys_log` VALUES ('d9d1a220e10b4457965d1e5d3341a636', '1', '内容管理-内容发布-文章模型', '1', '2017-03-09 18:38:02', '0:0:0:0:0:0:0:1', 'Mozilla/5.0 (compatible; MSIE 9.0; Windows NT 6.3; WOW64; Trident/7.0)', '/jeetc/a/cms/article/', 'GET', 0x63617465676F72792E69643D33, '');
INSERT INTO `sys_log` VALUES ('d9d959becf724ce9b6f54de07d7f5402', '1', '代码生成-主子表-编辑', '1', '2017-03-16 09:29:31', '0:0:0:0:0:0:0:1', 'Mozilla/5.0 (Windows NT 6.3; WOW64) AppleWebKit/537.36 (KHTML, like Gecko) Chrome/56.0.2924.87 Safari/537.36', '/jeetc/a/test/testDataMain/getSelectData', 'GET', 0x6E616D653D3132333435265F3D31343839363237373731393038, '');
INSERT INTO `sys_log` VALUES ('d9fa72a32d58494c937b4cf6040035ca', '1', '个人办公-模型管理', '1', '2017-03-09 13:30:38', '0:0:0:0:0:0:0:1', 'Mozilla/5.0 (compatible; MSIE 9.0; Windows NT 6.3; WOW64; Trident/7.0)', '/jeetc/a/act/model', 'GET', '', '');
INSERT INTO `sys_log` VALUES ('dabbeabcce084ac9b3e24b190bfda5af', '1', '个人办公-请假办理-查看', '1', '2017-03-09 13:30:44', '0:0:0:0:0:0:0:1', 'Mozilla/5.0 (compatible; MSIE 9.0; Windows NT 6.3; WOW64; Trident/7.0)', '/jeetc/a/oa/leave/form', 'GET', '', '');
INSERT INTO `sys_log` VALUES ('dadd3f292c524762b1d974e050980e92', '1', '代码生成-主子表-编辑', '1', '2017-03-15 20:09:52', '0:0:0:0:0:0:0:1', 'Mozilla/5.0 (Windows NT 6.3; WOW64) AppleWebKit/537.36 (KHTML, like Gecko) Chrome/56.0.2924.87 Safari/537.36', '/jeetc/a/test/testDataMain/getSelectData', 'GET', 0x6E616D653D3132265F3D31343839353739373932383531, '');
INSERT INTO `sys_log` VALUES ('db0cd111f850498483ac7422eb3c5d6d', '1', '代码生成-主子表', '1', '2017-03-16 09:51:04', '0:0:0:0:0:0:0:1', 'Mozilla/5.0 (Windows NT 6.3; WOW64) AppleWebKit/537.36 (KHTML, like Gecko) Chrome/56.0.2924.87 Safari/537.36', '/jeetc/a/test/testDataMain', 'GET', '', '');
INSERT INTO `sys_log` VALUES ('db0e54bd88eb4131b5d8b57f590124be', '1', '代码生成-主子表-编辑', '1', '2017-03-16 09:16:17', '0:0:0:0:0:0:0:1', 'Mozilla/5.0 (Windows NT 6.3; WOW64) AppleWebKit/537.36 (KHTML, like Gecko) Chrome/56.0.2924.87 Safari/537.36', '/jeetc/a/test/testDataMain/getSelectData', 'GET', '', '');
INSERT INTO `sys_log` VALUES ('db34d88934304bf89d08e622dba093d2', '1', '代码生成-主子表-编辑', '1', '2017-03-15 19:38:12', '0:0:0:0:0:0:0:1', 'Mozilla/5.0 (Windows NT 6.3; WOW64) AppleWebKit/537.36 (KHTML, like Gecko) Chrome/56.0.2924.87 Safari/537.36', '/jeetc/a/test/testDataMain/getSelectData', 'GET', 0x63616C6C6261636B3D6A51756572793138333031313238353733333930373831343135355F3134383935373738343739303326713D3131323331323326706167655F6C696D69743D3130266E616D653D6A75367A396D6A79616A7132646A75653367627676323674265F3D31343839353737383932363436, '');
INSERT INTO `sys_log` VALUES ('dc76257c3c574bb29241c82d93c25895', '1', '内容管理', '1', '2017-03-09 18:27:30', '0:0:0:0:0:0:0:1', 'Mozilla/5.0 (compatible; MSIE 9.0; Windows NT 6.3; WOW64; Trident/7.0)', '/jeetc/a/cms/tree', 'GET', '', '');
INSERT INTO `sys_log` VALUES ('dcb8fd341f2c42aa937241e7dd909dcb', '1', '内容管理', '1', '2017-03-09 18:17:38', '0:0:0:0:0:0:0:1', 'Mozilla/5.0 (compatible; MSIE 9.0; Windows NT 6.3; WOW64; Trident/7.0)', '/jeetc/a/cms/none', 'GET', '', '');
INSERT INTO `sys_log` VALUES ('dcd66b05bf2048229c757eef7152d789', '1', '内容管理-内容发布', '1', '2017-03-17 13:43:52', '0:0:0:0:0:0:0:1', 'Mozilla/5.0 (Windows NT 6.3; WOW64) AppleWebKit/537.36 (KHTML, like Gecko) Chrome/56.0.2924.87 Safari/537.36', '/jeetc/a/cms/', 'GET', '', '');
INSERT INTO `sys_log` VALUES ('dde54b50e9ea4db3890bff6e7728fcfb', '1', '代码生成-主子表-编辑', '1', '2017-03-16 10:20:33', '0:0:0:0:0:0:0:1', 'Mozilla/5.0 (Windows NT 6.3; WOW64) AppleWebKit/537.36 (KHTML, like Gecko) Chrome/56.0.2924.87 Safari/537.36', '/jeetc/a/test/testDataMain/getSelectData', 'GET', 0x6E616D653D31265F3D31343839363330383333323235, '');
INSERT INTO `sys_log` VALUES ('de26b99e58324be78207cc74ae66c17a', '1', '个人信息-个人信息', '1', '2017-03-17 08:59:35', '0:0:0:0:0:0:0:1', 'Mozilla/5.0 (compatible; MSIE 9.0; Windows NT 6.3; WOW64; Trident/7.0)', '/jeetc/a/sys/user/info', 'GET', '', '');
INSERT INTO `sys_log` VALUES ('de75dc2311ed4a0f97402b83f1323577', '1', '内容管理-内容发布-文章模型-查看', '1', '2017-03-09 18:27:56', '0:0:0:0:0:0:0:1', 'Mozilla/5.0 (compatible; MSIE 9.0; Windows NT 6.3; WOW64; Trident/7.0)', '/jeetc/a/cms/article/form', 'GET', 0x69643D32, '');
INSERT INTO `sys_log` VALUES ('de7af3a0ea294a2d82033e9ff7d2cdc0', '1', '个人信息-个人信息', '1', '2017-03-09 18:34:36', '0:0:0:0:0:0:0:1', 'Mozilla/5.0 (compatible; MSIE 9.0; Windows NT 6.3; WOW64; Trident/7.0)', '/jeetc/a/sys/user/info', 'GET', '', '');
INSERT INTO `sys_log` VALUES ('de9a04e9509c459cb8b668a9a1534380', '1', '代码生成-主子表', '1', '2017-03-16 09:00:25', '0:0:0:0:0:0:0:1', 'Mozilla/5.0 (compatible; MSIE 9.0; Windows NT 6.3; WOW64; Trident/7.0)', '/jeetc/a/test/testDataMain', 'GET', '', '');
INSERT INTO `sys_log` VALUES ('df29b8f8fa584365a336c454dd327d52', '1', '代码生成-主子表-编辑', '1', '2017-03-16 10:17:48', '0:0:0:0:0:0:0:1', 'Mozilla/5.0 (Windows NT 6.3; WOW64) AppleWebKit/537.36 (KHTML, like Gecko) Chrome/56.0.2924.87 Safari/537.36', '/jeetc/a/test/testDataMain/getSelectData', 'GET', 0x6E616D653D6162265F3D31343839363330363638343733, '');
INSERT INTO `sys_log` VALUES ('df322cb4875a497a8de62956dc50683b', '1', '内容管理-内容发布-文章模型-查看', '1', '2017-03-09 18:17:53', '0:0:0:0:0:0:0:1', 'Mozilla/5.0 (compatible; MSIE 9.0; Windows NT 6.3; WOW64; Trident/7.0)', '/jeetc/a/cms/article/form', 'GET', 0x69643D31, '');
INSERT INTO `sys_log` VALUES ('df5c4d18622a4d47b85c29ff42ae1cf8', '1', '代码生成-主子表-编辑', '1', '2017-03-15 20:09:48', '0:0:0:0:0:0:0:1', 'Mozilla/5.0 (Windows NT 6.3; WOW64) AppleWebKit/537.36 (KHTML, like Gecko) Chrome/56.0.2924.87 Safari/537.36', '/jeetc/a/test/testDataMain/getSelectData', 'GET', 0x6E616D653D313233265F3D31343839353739373838363533, '');
INSERT INTO `sys_log` VALUES ('e0092d688f4243579ff212f72527af37', '1', '代码生成-主子表', '1', '2017-03-15 20:09:45', '0:0:0:0:0:0:0:1', 'Mozilla/5.0 (Windows NT 6.3; WOW64) AppleWebKit/537.36 (KHTML, like Gecko) Chrome/56.0.2924.87 Safari/537.36', '/jeetc/a/test/testDataMain', 'GET', '', '');
INSERT INTO `sys_log` VALUES ('e01af65916ed452aaed42850d5c0f778', '1', '系统登录', '1', '2017-03-15 19:07:05', '0:0:0:0:0:0:0:1', 'Mozilla/5.0 (Windows NT 6.3; WOW64) AppleWebKit/537.36 (KHTML, like Gecko) Chrome/56.0.2924.87 Safari/537.36', '/jeetc/a', 'GET', 0x6C6F67696E3D, '');
INSERT INTO `sys_log` VALUES ('e0aeca3e89ab4a8dadbcbcf69c44264a', '1', '机构用户-用户管理-查看', '1', '2017-03-20 09:36:01', '0:0:0:0:0:0:0:1', 'Mozilla/5.0 (Windows NT 6.3; WOW64) AppleWebKit/537.36 (KHTML, like Gecko) Chrome/56.0.2924.87 Safari/537.36', '/jeetc/a/sys/user/list', 'GET', '', '');
INSERT INTO `sys_log` VALUES ('e0e4034dfae94c55897e01a7608dd1af', '1', '机构用户-机构管理-查看', '1', '2017-03-17 13:44:00', '0:0:0:0:0:0:0:1', 'Mozilla/5.0 (Windows NT 6.3; WOW64) AppleWebKit/537.36 (KHTML, like Gecko) Chrome/56.0.2924.87 Safari/537.36', '/jeetc/a/sys/office/list', 'GET', 0x69643D26706172656E744964733D, '');
INSERT INTO `sys_log` VALUES ('e0f19ac30da5424080aeba12e83f73a4', '1', '代码生成-主子表-编辑', '1', '2017-03-15 19:32:29', '0:0:0:0:0:0:0:1', 'Mozilla/5.0 (Windows NT 6.3; WOW64) AppleWebKit/537.36 (KHTML, like Gecko) Chrome/56.0.2924.87 Safari/537.36', '/jeetc/a/test/testDataMain/getSelectData', 'GET', 0x6E616D653D3233265F3D31343839353737353439303732, '');
INSERT INTO `sys_log` VALUES ('e109e32afb534172bb464dbc4aebfbe1', '1', '系统设置-菜单管理-查看', '1', '2017-03-09 13:40:39', '0:0:0:0:0:0:0:1', 'Mozilla/5.0 (compatible; MSIE 9.0; Windows NT 6.3; WOW64; Trident/7.0)', '/jeetc/a/sys/menu/form', 'GET', 0x69643D3634, '');
INSERT INTO `sys_log` VALUES ('e1229ff4002e4d13a8eb6e0a4b22f713', '1', '代码生成-主子表', '1', '2017-03-15 19:51:13', '0:0:0:0:0:0:0:1', 'Mozilla/5.0 (Windows NT 6.3; WOW64) AppleWebKit/537.36 (KHTML, like Gecko) Chrome/56.0.2924.87 Safari/537.36', '/jeetc/a/test/testDataMain', 'GET', '', '');
INSERT INTO `sys_log` VALUES ('e1719659fb854dc29d348a74dbff1e29', '1', '栏目设置-栏目管理', '1', '2017-03-17 13:43:57', '0:0:0:0:0:0:0:1', 'Mozilla/5.0 (Windows NT 6.3; WOW64) AppleWebKit/537.36 (KHTML, like Gecko) Chrome/56.0.2924.87 Safari/537.36', '/jeetc/a/cms/category/', 'GET', '', '');
INSERT INTO `sys_log` VALUES ('e17a3883660342ae8fa159018d73e493', '1', '个人办公-请假办理', '3', '2017-03-09 13:46:04', '0:0:0:0:0:0:0:1', 'Mozilla/5.0 (compatible; MSIE 9.0; Windows NT 6.3; WOW64; Trident/7.0)', '/jeetc/a/oa/leave', 'GET', '', '');
INSERT INTO `sys_log` VALUES ('e278755a598d46bbaea70d2b4cd59282', '1', '代码生成-主子表-编辑', '1', '2017-03-15 19:37:30', '0:0:0:0:0:0:0:1', 'Mozilla/5.0 (Windows NT 6.3; WOW64) AppleWebKit/537.36 (KHTML, like Gecko) Chrome/56.0.2924.87 Safari/537.36', '/jeetc/a/test/testDataMain/getSelectData', 'GET', 0x63616C6C6261636B3D6A51756572793138333031313238353733333930373831343135355F3134383935373738343739303326713D31323326706167655F6C696D69743D3130266E616D653D6A75367A396D6A79616A7132646A75653367627676323674265F3D31343839353737383530343635, '');
INSERT INTO `sys_log` VALUES ('e299d5337708496d99c6874a2c362dcd', '1', '代码生成-主子表-编辑', '1', '2017-03-16 10:20:43', '0:0:0:0:0:0:0:1', 'Mozilla/5.0 (Windows NT 6.3; WOW64) AppleWebKit/537.36 (KHTML, like Gecko) Chrome/56.0.2924.87 Safari/537.36', '/jeetc/a/test/testDataMain/getSelectData', 'GET', 0x6E616D653D61265F3D31343839363330383433353233, '');
INSERT INTO `sys_log` VALUES ('e2d7c259b1a8412ba9baa94333d8cc47', '1', '系统登录', '1', '2017-03-17 09:10:50', '0:0:0:0:0:0:0:1', 'Mozilla/5.0 (compatible; MSIE 9.0; Windows NT 6.3; WOW64; Trident/7.0)', '/jeetc/a/test/testDataMain', 'GET', '', '');
INSERT INTO `sys_log` VALUES ('e2f6550c80524fa0a1eb421e829cf2a0', '1', '代码生成-主子表-编辑', '1', '2017-03-16 09:51:12', '0:0:0:0:0:0:0:1', 'Mozilla/5.0 (Windows NT 6.3; WOW64) AppleWebKit/537.36 (KHTML, like Gecko) Chrome/56.0.2924.87 Safari/537.36', '/jeetc/a/test/testDataMain/getSelectData', 'GET', 0x6E616D653DE58C97265F3D31343839363239303732353931, '');
INSERT INTO `sys_log` VALUES ('e32fe6c1cfa64507808a27d33a669e49', '1', '个人办公-模型管理', '8', '2017-03-09 13:36:24', '0:0:0:0:0:0:0:1', 'Mozilla/5.0 (compatible; MSIE 9.0; Windows NT 6.3; WOW64; Trident/7.0)', '/jeetc/a/act/model', 'GET', '', '');
INSERT INTO `sys_log` VALUES ('e3418abf995b45cdb0d2950ef8d118f1', '1', '个人办公-我的任务', '8', '2017-03-09 13:36:18', '0:0:0:0:0:0:0:1', 'Mozilla/5.0 (compatible; MSIE 9.0; Windows NT 6.3; WOW64; Trident/7.0)', '/jeetc/a/act/task/todo/', 'GET', '', '');
INSERT INTO `sys_log` VALUES ('e383856f0da3433187778be2a3fc01c3', '1', '代码生成-主子表-编辑', '1', '2017-03-16 09:21:26', '0:0:0:0:0:0:0:1', 'Mozilla/5.0 (compatible; MSIE 9.0; Windows NT 6.3; WOW64; Trident/7.0)', '/jeetc/a/test/testDataMain/getSelectData', 'GET', 0x6E616D653D31323331265F3D31343839363237323835393635, '');
INSERT INTO `sys_log` VALUES ('e3935b7045784129a415c8cd2eccde78', '1', '代码生成-主子表-编辑', '1', '2017-03-15 19:38:50', '0:0:0:0:0:0:0:1', 'Mozilla/5.0 (Windows NT 6.3; WOW64) AppleWebKit/537.36 (KHTML, like Gecko) Chrome/56.0.2924.87 Safari/537.36', '/jeetc/a/test/testDataMain/getSelectData', 'GET', 0x63616C6C6261636B3D6A517565727931383330363136373137373033313332353232325F3134383935373739323933333226713D3126706167655F6C696D69743D3130266E616D653D6A75367A396D6A79616A7132646A75653367627676323674265F3D31343839353737393330383138, '');
INSERT INTO `sys_log` VALUES ('e48cfc96465b46689a70eabd9c2fb18e', '1', '系统设置-菜单管理', '1', '2017-03-09 13:40:43', '0:0:0:0:0:0:0:1', 'Mozilla/5.0 (compatible; MSIE 9.0; Windows NT 6.3; WOW64; Trident/7.0)', '/jeetc/a/sys/menu/', 'GET', '', '');
INSERT INTO `sys_log` VALUES ('e48dfb194c374f3ba17e0970dfd79a8f', '1', '代码生成-主子表', '1', '2017-03-15 19:27:47', '0:0:0:0:0:0:0:1', 'Mozilla/5.0 (Windows NT 6.3; WOW64) AppleWebKit/537.36 (KHTML, like Gecko) Chrome/56.0.2924.87 Safari/537.36', '/jeetc/a/test/testDataMain', 'GET', '', '');
INSERT INTO `sys_log` VALUES ('e4bc9b4ddf8949afae067f2932a9d134', '1', '内容管理-内容发布', '1', '2017-03-09 18:23:11', '0:0:0:0:0:0:0:1', 'Mozilla/5.0 (compatible; MSIE 9.0; Windows NT 6.3; WOW64; Trident/7.0)', '/jeetc/a/cms/', 'GET', '', '');
INSERT INTO `sys_log` VALUES ('e54333aba63c483e97ca29c87a8b6fc2', '1', '内容管理', '1', '2017-03-17 13:43:52', '0:0:0:0:0:0:0:1', 'Mozilla/5.0 (Windows NT 6.3; WOW64) AppleWebKit/537.36 (KHTML, like Gecko) Chrome/56.0.2924.87 Safari/537.36', '/jeetc/a/cms/none', 'GET', '', '');
INSERT INTO `sys_log` VALUES ('e55acabb57a04ab0a7cb915ff4fa34b8', '1', '代码生成-主子表', '1', '2017-03-15 19:21:04', '0:0:0:0:0:0:0:1', 'Mozilla/5.0 (Windows NT 6.3; WOW64) AppleWebKit/537.36 (KHTML, like Gecko) Chrome/56.0.2924.87 Safari/537.36', '/jeetc/a/test/testDataMain', 'GET', '', '');
INSERT INTO `sys_log` VALUES ('e57de6c1ea2f4ac4b877c801cc7aad18', '1', '个人信息-个人信息', '1', '2017-03-16 09:00:26', '0:0:0:0:0:0:0:1', 'Mozilla/5.0 (compatible; MSIE 9.0; Windows NT 6.3; WOW64; Trident/7.0)', '/jeetc/a/sys/user/info', 'GET', '', '');
INSERT INTO `sys_log` VALUES ('e6430af0a38444ff843707a6bef84d49', '1', '内容管理-内容发布-文章模型-查看', '1', '2017-03-09 18:17:49', '0:0:0:0:0:0:0:1', 'Mozilla/5.0 (compatible; MSIE 9.0; Windows NT 6.3; WOW64; Trident/7.0)', '/jeetc/a/cms/article/findByIds', 'GET', 0x6964733D312C322C33, '');
INSERT INTO `sys_log` VALUES ('e67c3cc96e2d4928a694163939709e82', '1', '代码生成-主子表-编辑', '1', '2017-03-16 10:22:32', '0:0:0:0:0:0:0:1', 'Mozilla/5.0 (Windows NT 6.3; WOW64) AppleWebKit/537.36 (KHTML, like Gecko) Chrome/56.0.2924.87 Safari/537.36', '/jeetc/a/test/testDataMain/getSelectData', 'GET', 0x6E616D653D646464265F3D31343839363330393532303238, '');
INSERT INTO `sys_log` VALUES ('e744e2a0b232422f9869db49ff17775b', '1', '个人信息-个人信息', '1', '2017-03-09 13:40:15', '0:0:0:0:0:0:0:1', 'Mozilla/5.0 (compatible; MSIE 9.0; Windows NT 6.3; WOW64; Trident/7.0)', '/jeetc/a/sys/user/info', 'GET', '', '');
INSERT INTO `sys_log` VALUES ('e79babeecb3943b7866ccad753873763', '1', '内容管理-内容发布-文章模型', '1', '2017-03-09 19:30:38', '0:0:0:0:0:0:0:1', 'Mozilla/5.0 (compatible; MSIE 9.0; Windows NT 6.3; WOW64; Trident/7.0)', '/jeetc/a/cms/article/', 'GET', 0x7265706167653D2663617465676F72792E69643D33, '');
INSERT INTO `sys_log` VALUES ('e7b0cbfb7f15470ab4e3d748ae14b4a2', '1', '代码生成-主子表-编辑', '1', '2017-03-15 19:37:30', '0:0:0:0:0:0:0:1', 'Mozilla/5.0 (Windows NT 6.3; WOW64) AppleWebKit/537.36 (KHTML, like Gecko) Chrome/56.0.2924.87 Safari/537.36', '/jeetc/a/test/testDataMain/getSelectData', 'GET', 0x63616C6C6261636B3D6A51756572793138333031313238353733333930373831343135355F3134383935373738343739303326713D313226706167655F6C696D69743D3130266E616D653D6A75367A396D6A79616A7132646A75653367627676323674265F3D31343839353737383530323932, '');
INSERT INTO `sys_log` VALUES ('e7c1f9c49d9f44df9e92c104dd30d37d', '1', '个人办公-请假办理', '1', '2017-03-09 13:29:50', '0:0:0:0:0:0:0:1', 'Mozilla/5.0 (compatible; MSIE 9.0; Windows NT 6.3; WOW64; Trident/7.0)', '/jeetc/a/oa/leave', 'GET', '', '');
INSERT INTO `sys_log` VALUES ('e7e300718d3047c1ba89f14ac427eedb', '1', '代码生成-主子表-编辑', '1', '2017-03-15 19:27:02', '0:0:0:0:0:0:0:1', 'Mozilla/5.0 (Windows NT 6.3; WOW64) AppleWebKit/537.36 (KHTML, like Gecko) Chrome/56.0.2924.87 Safari/537.36', '/jeetc/a/test/testDataMain/getSelectData', 'GET', 0x6E616D653D3131265F3D31343839353737323230383531, '');
INSERT INTO `sys_log` VALUES ('e7f8fc520a5246508064f88dd4c92bc6', '1', '系统登录', '1', '2017-03-09 18:17:11', '0:0:0:0:0:0:0:1', 'Mozilla/5.0 (compatible; MSIE 9.0; Windows NT 6.3; WOW64; Trident/7.0)', '/jeetc/a', 'GET', 0x6C6F67696E3D, '');
INSERT INTO `sys_log` VALUES ('e9986455779a4a32b2d19462bc72e01e', '1', '代码生成-主子表-编辑', '1', '2017-03-16 09:57:40', '0:0:0:0:0:0:0:1', 'Mozilla/5.0 (Windows NT 6.3; WOW64) AppleWebKit/537.36 (KHTML, like Gecko) Chrome/56.0.2924.87 Safari/537.36', '/jeetc/a/test/testDataMain/getSelectData', 'GET', 0x6E616D653D62265F3D31343839363239343630383135, '');
INSERT INTO `sys_log` VALUES ('e9ff820974894c0e95bf1a8aea957458', '1', '内容管理-内容发布-文章模型-修改', '1', '2017-03-09 18:51:36', '0:0:0:0:0:0:0:1', 'Mozilla/5.0 (compatible; MSIE 9.0; Windows NT 6.3; WOW64; Trident/7.0)', '/jeetc/a/cms/article/save', 'POST', 0x69643D382663617465676F72792E69643D342663617465676F72792E6E616D653DE58685E983A8E69CBAE69E84267469746C653DE69687E7ABA0E6A087E9A298E6A087E9A298E6A087E9A298E6A087E9A29826636F6C6F723D626C7565266C696E6B3D266B6579776F7264733DE585B3E994AEE5AD97312CE585B3E994AEE5AD9732267765696768743D3026776569676874446174653D266465736372697074696F6E3D26696D6167653D2661727469636C65446174612E636F707966726F6D3DE69DA5E6BA902661727469636C65446174612E72656C6174696F6E3D312C322C332C2661727469636C65446174612E616C6C6F77436F6D6D656E743D31265F706F7369644C6973743D6F6E26637265617465446174653D323031332D30352D32372030383A30303A30302664656C466C61673D3026637573746F6D436F6E74656E74566965773D2676696577436F6E6669673D2661727469636C65446174612E636F6E74656E743D313438393035363638383431345F3536323636312E747874, '');
INSERT INTO `sys_log` VALUES ('ea160e3b78104873850e704cc946b08b', '1', '代码生成-主子表-编辑', '1', '2017-03-16 09:25:27', '0:0:0:0:0:0:0:1', 'Mozilla/5.0 (Windows NT 6.3; WOW64) AppleWebKit/537.36 (KHTML, like Gecko) Chrome/56.0.2924.87 Safari/537.36', '/jeetc/a/test/testDataMain/getSelectData', 'GET', 0x6E616D653D32265F3D31343839363237353237393131, '');
INSERT INTO `sys_log` VALUES ('ea173b0df2784a809ab100aec5452f33', '1', '代码生成-主子表', '1', '2017-03-15 19:38:49', '0:0:0:0:0:0:0:1', 'Mozilla/5.0 (Windows NT 6.3; WOW64) AppleWebKit/537.36 (KHTML, like Gecko) Chrome/56.0.2924.87 Safari/537.36', '/jeetc/a/test/testDataMain', 'GET', '', '');
INSERT INTO `sys_log` VALUES ('ea45900daa6b468eb8690b751ac3ad6d', '1', '内容管理-内容发布-文章模型-查看', '1', '2017-03-09 19:24:49', '0:0:0:0:0:0:0:1', 'Mozilla/5.0 (compatible; MSIE 9.0; Windows NT 6.3; WOW64; Trident/7.0)', '/jeetc/a/cms/article/findByIds', 'GET', 0x6964733D312C322C33, '');
INSERT INTO `sys_log` VALUES ('ea9fa43aac6a469ca2c49b8c6ebb82dc', '1', '代码生成-主子表-编辑', '1', '2017-03-16 11:12:50', '0:0:0:0:0:0:0:1', 'Mozilla/5.0 (compatible; MSIE 9.0; Windows NT 6.3; WOW64; Trident/7.0)', '/jeetc/a/test/testDataMain/getSelectData', 'GET', 0x6E616D653D616262626262265F3D31343839363333393730323737, '');
INSERT INTO `sys_log` VALUES ('eaf67b2c622242afa0ff127ef84ab129', '1', '个人信息-个人信息', '1', '2017-03-09 18:27:25', '0:0:0:0:0:0:0:1', 'Mozilla/5.0 (compatible; MSIE 9.0; Windows NT 6.3; WOW64; Trident/7.0)', '/jeetc/a/sys/user/info', 'GET', '', '');
INSERT INTO `sys_log` VALUES ('eb29430c6b8c4fc3bc811f6e706b915e', '1', '个人信息-通告管理', '1', '2017-03-17 13:43:43', '0:0:0:0:0:0:0:1', 'Mozilla/5.0 (Windows NT 6.3; WOW64) AppleWebKit/537.36 (KHTML, like Gecko) Chrome/56.0.2924.87 Safari/537.36', '/jeetc/a/oa/oaNotify', 'GET', '', '');
INSERT INTO `sys_log` VALUES ('eb8aec1abadf487cb243441e30c1dffb', '1', '代码生成-主子表-编辑', '1', '2017-03-17 08:55:11', '0:0:0:0:0:0:0:1', 'Mozilla/5.0 (compatible; MSIE 9.0; Windows NT 6.3; WOW64; Trident/7.0)', '/jeetc/a/test/testDataMain/getSelectData', 'GET', 0x6E616D653D31265F3D31343839373132313131313838, '');
INSERT INTO `sys_log` VALUES ('ec20708e54f24774b564dbf1b4cb725b', '1', '代码生成-代码生成-代码模板管理', '1', '2017-03-15 18:45:54', '0:0:0:0:0:0:0:1', 'Mozilla/5.0 (Windows NT 6.3; WOW64) AppleWebKit/537.36 (KHTML, like Gecko) Chrome/56.0.2924.87 Safari/537.36', '/jeetc/a/gen/genTemplate', 'GET', '', '');
INSERT INTO `sys_log` VALUES ('ec24246fd34746a8809607614cae8d26', '1', '代码生成-主子表', '1', '2017-03-16 10:28:53', '0:0:0:0:0:0:0:1', 'Mozilla/5.0 (Windows NT 6.3; WOW64) AppleWebKit/537.36 (KHTML, like Gecko) Chrome/56.0.2924.87 Safari/537.36', '/jeetc/a/test/testDataMain', 'GET', '', '');
INSERT INTO `sys_log` VALUES ('ec8904d38e4c4a9a85dd775955528207', '1', '内容管理-内容发布-文章模型', '1', '2017-03-09 18:27:33', '0:0:0:0:0:0:0:1', 'Mozilla/5.0 (compatible; MSIE 9.0; Windows NT 6.3; WOW64; Trident/7.0)', '/jeetc/a/cms/article/', 'GET', 0x63617465676F72792E69643D33, '');
INSERT INTO `sys_log` VALUES ('ecba8693b5644fb29fdf44fd74c2633a', '1', '代码生成-生成方案配置', '1', '2017-03-15 20:07:23', '0:0:0:0:0:0:0:1', 'Mozilla/5.0 (Windows NT 6.3; WOW64) AppleWebKit/537.36 (KHTML, like Gecko) Chrome/56.0.2924.87 Safari/537.36', '/jeetc/a/gen/genScheme', 'GET', '', '');
INSERT INTO `sys_log` VALUES ('ecd4c4c5592442abaed442502bc2ed01', '1', '代码生成-主子表-编辑', '1', '2017-03-16 09:29:29', '0:0:0:0:0:0:0:1', 'Mozilla/5.0 (Windows NT 6.3; WOW64) AppleWebKit/537.36 (KHTML, like Gecko) Chrome/56.0.2924.87 Safari/537.36', '/jeetc/a/test/testDataMain/getSelectData', 'GET', 0x6E616D653D3132265F3D31343839363237373639323731, '');
INSERT INTO `sys_log` VALUES ('ed1c112824784c41b91957ef7e6f8d29', '1', '代码生成-主子表-编辑', '1', '2017-03-17 08:54:19', '0:0:0:0:0:0:0:1', 'Mozilla/5.0 (compatible; MSIE 9.0; Windows NT 6.3; WOW64; Trident/7.0)', '/jeetc/a/test/testDataMain/getSelectData', 'GET', 0x6E616D653D31265F3D31343839373132303539323339, '');
INSERT INTO `sys_log` VALUES ('ed867edc8497455ab5510990640e6b6b', '1', '系统设置-菜单管理-修改', '1', '2017-03-09 13:40:42', '0:0:0:0:0:0:0:1', 'Mozilla/5.0 (compatible; MSIE 9.0; Windows NT 6.3; WOW64; Trident/7.0)', '/jeetc/a/sys/menu/save', 'POST', 0x69643D363426706172656E742E69643D363326706172656E742E6E616D653DE4B8AAE4BABAE58A9EE585AC266E616D653DE8AFB7E58187E58A9EE7908626687265663D2F6F612F6C65617665267461726765743D2669636F6E3D6C65616626736F72743D33303026697353686F773D31267065726D697373696F6E3D2672656D61726B733D, '');
INSERT INTO `sys_log` VALUES ('ed88e51b682341a3955ac38cfeb0746d', '1', '代码生成-单表', '1', '2017-03-16 09:05:18', '0:0:0:0:0:0:0:1', 'Mozilla/5.0 (compatible; MSIE 9.0; Windows NT 6.3; WOW64; Trident/7.0)', '/jeetc/a/test/testData', 'GET', '', '');
INSERT INTO `sys_log` VALUES ('eda353a953534aaf8b48428fb665475d', '1', '代码生成-主子表-编辑', '1', '2017-03-16 09:29:32', '0:0:0:0:0:0:0:1', 'Mozilla/5.0 (Windows NT 6.3; WOW64) AppleWebKit/537.36 (KHTML, like Gecko) Chrome/56.0.2924.87 Safari/537.36', '/jeetc/a/test/testDataMain/getSelectData', 'GET', 0x6E616D653D313233343536265F3D31343839363237373732333936, '');
INSERT INTO `sys_log` VALUES ('eddc892ab4ed4a6d94747e94b088b606', '1', '个人办公-请假办理', '1', '2017-03-09 13:29:49', '0:0:0:0:0:0:0:1', 'Mozilla/5.0 (compatible; MSIE 9.0; Windows NT 6.3; WOW64; Trident/7.0)', '/jeetc/a/oa/leave', 'GET', '', '');
INSERT INTO `sys_log` VALUES ('efb46659314b49dfae06bdf2ce19a560', '1', '代码生成-主子表-编辑', '1', '2017-03-15 19:32:27', '0:0:0:0:0:0:0:1', 'Mozilla/5.0 (Windows NT 6.3; WOW64) AppleWebKit/537.36 (KHTML, like Gecko) Chrome/56.0.2924.87 Safari/537.36', '/jeetc/a/test/testDataMain/getSelectData', 'GET', 0x6E616D653D313132265F3D31343839353737353437373139, '');
INSERT INTO `sys_log` VALUES ('eff2d5bbb6774568aa40de17ea9372ef', '1', '代码生成-主子表', '1', '2017-03-15 20:08:03', '0:0:0:0:0:0:0:1', 'Mozilla/5.0 (Windows NT 6.3; WOW64) AppleWebKit/537.36 (KHTML, like Gecko) Chrome/56.0.2924.87 Safari/537.36', '/jeetc/a/test/testDataMain', 'GET', '', '');
INSERT INTO `sys_log` VALUES ('f062b2b139af4e58a9c9d06e53191eb6', '1', '个人办公-我的任务', '1', '2017-03-09 13:29:38', '0:0:0:0:0:0:0:1', 'Mozilla/5.0 (compatible; MSIE 9.0; Windows NT 6.3; WOW64; Trident/7.0)', '/jeetc/a/act/task/todo/', 'GET', '', '');
INSERT INTO `sys_log` VALUES ('f0c9caf5dcd44c809d64dd8d7c6acc03', '1', '个人信息-我的通告', '1', '2017-03-17 13:43:42', '0:0:0:0:0:0:0:1', 'Mozilla/5.0 (Windows NT 6.3; WOW64) AppleWebKit/537.36 (KHTML, like Gecko) Chrome/56.0.2924.87 Safari/537.36', '/jeetc/a/oa/oaNotify/self', 'GET', '', '');
INSERT INTO `sys_log` VALUES ('f0f6abb10cd44f91828122aa67edb979', '1', '个人信息-个人信息', '1', '2017-03-09 14:07:25', '0:0:0:0:0:0:0:1', 'Mozilla/5.0 (compatible; MSIE 9.0; Windows NT 6.3; WOW64; Trident/7.0)', '/jeetc/a/sys/user/info', 'GET', '', '');
INSERT INTO `sys_log` VALUES ('f11fb99774944da6beb890385b5c7557', '1', '代码生成-主子表', '1', '2017-03-15 18:55:35', '0:0:0:0:0:0:0:1', 'Mozilla/5.0 (Windows NT 6.3; WOW64) AppleWebKit/537.36 (KHTML, like Gecko) Chrome/56.0.2924.87 Safari/537.36', '/jeetc/a/test/testDataMain', 'GET', '', '');
INSERT INTO `sys_log` VALUES ('f1db04d2840045d6b51dd6c44a345a5d', '1', '代码生成-主子表-编辑', '1', '2017-03-16 09:16:12', '0:0:0:0:0:0:0:1', 'Mozilla/5.0 (Windows NT 6.3; WOW64) AppleWebKit/537.36 (KHTML, like Gecko) Chrome/56.0.2924.87 Safari/537.36', '/jeetc/a/test/testDataMain/getSelectData', 'GET', 0x6E616D653D3132265F3D31343839363236393732333434, '');
INSERT INTO `sys_log` VALUES ('f22f940038624bb69fff06748582ee9c', '1', '内容管理-内容发布-文章模型-查看', '1', '2017-03-09 18:35:07', '0:0:0:0:0:0:0:1', 'Mozilla/5.0 (compatible; MSIE 9.0; Windows NT 6.3; WOW64; Trident/7.0)', '/jeetc/a/cms/article/findByIds', 'GET', 0x6964733D312C322C33, '');
INSERT INTO `sys_log` VALUES ('f241aa1dbe92408ba9b55c3386ede529', '1', '代码生成-主子表-编辑', '1', '2017-03-16 09:29:32', '0:0:0:0:0:0:0:1', 'Mozilla/5.0 (Windows NT 6.3; WOW64) AppleWebKit/537.36 (KHTML, like Gecko) Chrome/56.0.2924.87 Safari/537.36', '/jeetc/a/test/testDataMain/getSelectData', 'GET', 0x6E616D653D31323334353637265F3D31343839363237373732393239, '');
INSERT INTO `sys_log` VALUES ('f247e002aacb4171adbede47cbceb1a7', '1', '代码生成-主子表-编辑', '1', '2017-03-16 09:01:35', '0:0:0:0:0:0:0:1', 'Mozilla/5.0 (compatible; MSIE 9.0; Windows NT 6.3; WOW64; Trident/7.0)', '/jeetc/a/test/testDataMain/getSelectData', 'GET', '', '');
INSERT INTO `sys_log` VALUES ('f25631d7051040d0a75baf65779d381a', '1', '内容管理-内容发布-文章模型-查看', '1', '2017-03-09 19:30:45', '0:0:0:0:0:0:0:1', 'Mozilla/5.0 (compatible; MSIE 9.0; Windows NT 6.3; WOW64; Trident/7.0)', '/jeetc/a/cms/article/form', 'GET', 0x69643D32, '');
INSERT INTO `sys_log` VALUES ('f292a49148d34d9e973958bd6ed30064', '1', '代码生成-主子表-编辑', '1', '2017-03-16 10:18:40', '0:0:0:0:0:0:0:1', 'Mozilla/5.0 (Windows NT 6.3; WOW64) AppleWebKit/537.36 (KHTML, like Gecko) Chrome/56.0.2924.87 Safari/537.36', '/jeetc/a/test/testDataMain/getSelectData', 'GET', '', '');
INSERT INTO `sys_log` VALUES ('f2a985ed08e440eda42fa073f3253c1d', '1', '代码生成-主子表-编辑', '1', '2017-03-16 10:18:09', '0:0:0:0:0:0:0:1', 'Mozilla/5.0 (Windows NT 6.3; WOW64) AppleWebKit/537.36 (KHTML, like Gecko) Chrome/56.0.2924.87 Safari/537.36', '/jeetc/a/test/testDataMain/getSelectData', 'GET', 0x6E616D653D61265F3D31343839363330363839313330, '');
INSERT INTO `sys_log` VALUES ('f2ca1d8343cc4c61804a2c7d88a11184', '1', '代码生成-主子表-编辑', '1', '2017-03-16 11:12:50', '0:0:0:0:0:0:0:1', 'Mozilla/5.0 (compatible; MSIE 9.0; Windows NT 6.3; WOW64; Trident/7.0)', '/jeetc/a/test/testDataMain/getSelectData', 'GET', 0x6E616D653D6162626262265F3D31343839363333393730313130, '');
INSERT INTO `sys_log` VALUES ('f313b1a43d164085844c944aae3dbc11', '1', '代码生成-主子表', '1', '2017-03-17 12:31:34', '0:0:0:0:0:0:0:1', 'Mozilla/5.0 (compatible; MSIE 9.0; Windows NT 6.3; WOW64; Trident/7.0)', '/jeetc/a/test/testDataMain', 'GET', '', '');
INSERT INTO `sys_log` VALUES ('f3303811bd3f4195a814047fcc1975cd', '1', '代码生成-主子表-编辑', '1', '2017-03-16 09:50:20', '0:0:0:0:0:0:0:1', 'Mozilla/5.0 (Windows NT 6.3; WOW64) AppleWebKit/537.36 (KHTML, like Gecko) Chrome/56.0.2924.87 Safari/537.36', '/jeetc/a/test/testDataMain/getSelectData', 'GET', 0x6E616D653DE58C97265F3D31343839363239303230393831, '');
INSERT INTO `sys_log` VALUES ('f35e734ffda9454b9e1b446f58f7e5c5', '1', '代码生成-主子表-编辑', '1', '2017-03-16 09:21:50', '0:0:0:0:0:0:0:1', 'Mozilla/5.0 (compatible; MSIE 9.0; Windows NT 6.3; WOW64; Trident/7.0)', '/jeetc/a/test/testDataMain/getSelectData', 'GET', 0x6E616D653D3132265F3D31343839363237333130323239, '');
INSERT INTO `sys_log` VALUES ('f38dfe5fc107419ab294b7d3eb9f962b', '1', '代码生成-主子表-编辑', '1', '2017-03-16 09:48:34', '0:0:0:0:0:0:0:1', 'Mozilla/5.0 (Windows NT 6.3; WOW64) AppleWebKit/537.36 (KHTML, like Gecko) Chrome/56.0.2924.87 Safari/537.36', '/jeetc/a/test/testDataMain/getSelectData', 'GET', 0x6E616D653D62265F3D31343839363238393134303935, '');
INSERT INTO `sys_log` VALUES ('f457312501544b66bf9241d95cccfb14', '1', '代码生成-主子表-编辑', '1', '2017-03-16 09:02:14', '0:0:0:0:0:0:0:1', 'Mozilla/5.0 (Windows NT 6.3; WOW64) AppleWebKit/537.36 (KHTML, like Gecko) Chrome/56.0.2924.87 Safari/537.36', '/jeetc/a/test/testDataMain/getSelectData', 'GET', '', '');
INSERT INTO `sys_log` VALUES ('f4b7e810e56f460089d9111ebf139881', '1', '代码生成-主子表', '1', '2017-03-15 18:56:34', '0:0:0:0:0:0:0:1', 'Mozilla/5.0 (Windows NT 6.3; WOW64) AppleWebKit/537.36 (KHTML, like Gecko) Chrome/56.0.2924.87 Safari/537.36', '/jeetc/a/test/testDataMain', 'GET', '', '');
INSERT INTO `sys_log` VALUES ('f4dbcd85cd724dfba83f5d1d6d191d4c', '1', '代码生成-主子表-编辑', '1', '2017-03-16 09:53:43', '0:0:0:0:0:0:0:1', 'Mozilla/5.0 (Windows NT 6.3; WOW64) AppleWebKit/537.36 (KHTML, like Gecko) Chrome/56.0.2924.87 Safari/537.36', '/jeetc/a/test/testDataMain/getSelectData', 'GET', 0x6E616D653DE58C97E4BAAC265F3D31343839363239323233343938, '');
INSERT INTO `sys_log` VALUES ('f4f26be73d9247d19c1f2bdfffdbeb65', '1', '机构用户-用户管理-查看', '1', '2017-03-09 14:07:27', '0:0:0:0:0:0:0:1', 'Mozilla/5.0 (compatible; MSIE 9.0; Windows NT 6.3; WOW64; Trident/7.0)', '/jeetc/a/sys/user/list', 'GET', '', '');
INSERT INTO `sys_log` VALUES ('f50071487d8a43c08882edf045569ec8', '1', '代码生成-主子表-编辑', '1', '2017-03-16 10:17:55', '0:0:0:0:0:0:0:1', 'Mozilla/5.0 (Windows NT 6.3; WOW64) AppleWebKit/537.36 (KHTML, like Gecko) Chrome/56.0.2924.87 Safari/537.36', '/jeetc/a/test/testDataMain/getSelectData', 'GET', 0x6E616D653D6162265F3D31343839363330363735323930, '');
INSERT INTO `sys_log` VALUES ('f533b5a2cfc2468199d05674b7288864', '1', '代码生成-主子表', '1', '2017-03-16 08:50:47', '0:0:0:0:0:0:0:1', 'Mozilla/5.0 (compatible; MSIE 9.0; Windows NT 6.3; WOW64; Trident/7.0)', '/jeetc/a/test/testDataMain', 'GET', '', '');
INSERT INTO `sys_log` VALUES ('f57f5609353245d59ea48cd3b2e3d3c0', '1', '机构用户-用户管理-查看', '1', '2017-03-09 13:45:20', '0:0:0:0:0:0:0:1', 'Mozilla/5.0 (compatible; MSIE 9.0; Windows NT 6.3; WOW64; Trident/7.0)', '/jeetc/a/sys/user/list', 'GET', '', '');
INSERT INTO `sys_log` VALUES ('f583ef41fc404b90a6173284a2ba8373', '1', '内容管理-内容发布-文章模型', '1', '2017-03-09 18:23:13', '0:0:0:0:0:0:0:1', 'Mozilla/5.0 (compatible; MSIE 9.0; Windows NT 6.3; WOW64; Trident/7.0)', '/jeetc/a/cms/article/', 'GET', 0x63617465676F72792E69643D33, '');
INSERT INTO `sys_log` VALUES ('f5add5be588e4a568350a907c69ae4bb', '1', '代码生成-主子表-编辑', '1', '2017-03-15 19:27:07', '0:0:0:0:0:0:0:1', 'Mozilla/5.0 (Windows NT 6.3; WOW64) AppleWebKit/537.36 (KHTML, like Gecko) Chrome/56.0.2924.87 Safari/537.36', '/jeetc/a/test/testDataMain/getSelectData', 'GET', 0x6E616D653D313233265F3D31343839353737323237373635, '');
INSERT INTO `sys_log` VALUES ('f5f12294ef67439891a2d1dce14b2d8b', '1', '系统设置-菜单管理', '1', '2017-03-09 13:40:52', '0:0:0:0:0:0:0:1', 'Mozilla/5.0 (compatible; MSIE 9.0; Windows NT 6.3; WOW64; Trident/7.0)', '/jeetc/a/sys/menu/', 'GET', '', '');
INSERT INTO `sys_log` VALUES ('f5f7c1b5baf743c1b7b1658acc47a4b1', '1', '代码生成-主子表-编辑', '1', '2017-03-15 19:38:51', '0:0:0:0:0:0:0:1', 'Mozilla/5.0 (Windows NT 6.3; WOW64) AppleWebKit/537.36 (KHTML, like Gecko) Chrome/56.0.2924.87 Safari/537.36', '/jeetc/a/test/testDataMain/getSelectData', 'GET', 0x63616C6C6261636B3D6A517565727931383330363136373137373033313332353232325F3134383935373739323933333226713D313226706167655F6C696D69743D3130266E616D653D6A75367A396D6A79616A7132646A75653367627676323674265F3D31343839353737393331353935, '');
INSERT INTO `sys_log` VALUES ('f703fc7a75a145a58c924eab4dcd9cc7', '1', '代码生成-主子表-编辑', '1', '2017-03-17 12:29:54', '0:0:0:0:0:0:0:1', 'Mozilla/5.0 (compatible; MSIE 9.0; Windows NT 6.3; WOW64; Trident/7.0)', '/jeetc/a/test/testDataMain/getSelectData', 'GET', 0x6E616D653D31265F3D31343839373234393934373435, '');
INSERT INTO `sys_log` VALUES ('f70ac81118b64a9d92d72a9738ef40f6', '1', '内容管理-内容发布-文章模型', '1', '2017-03-09 18:19:19', '0:0:0:0:0:0:0:1', 'Mozilla/5.0 (compatible; MSIE 9.0; Windows NT 6.3; WOW64; Trident/7.0)', '/jeetc/a/cms/article/', 'GET', 0x7265706167653D2663617465676F72792E69643D33, '');
INSERT INTO `sys_log` VALUES ('f71cb50c68944d258e71b91e2d5e5279', '1', '内容管理-内容发布-文章模型', '1', '2017-03-09 19:32:16', '0:0:0:0:0:0:0:1', 'Mozilla/5.0 (compatible; MSIE 9.0; Windows NT 6.3; WOW64; Trident/7.0)', '/jeetc/a/cms/article/', 'GET', 0x63617465676F72792E69643D33, '');
INSERT INTO `sys_log` VALUES ('f7682ab2d58846ffa09130b7810bd892', '1', '代码生成-主子表-编辑', '1', '2017-03-16 09:49:28', '0:0:0:0:0:0:0:1', 'Mozilla/5.0 (Windows NT 6.3; WOW64) AppleWebKit/537.36 (KHTML, like Gecko) Chrome/56.0.2924.87 Safari/537.36', '/jeetc/a/test/testDataMain/getSelectData', 'GET', 0x6E616D653DE58C97E4BAAC265F3D31343839363238393638363233, '');
INSERT INTO `sys_log` VALUES ('f7f038af9245480f90f7ff9eaa50b04e', '1', '内容管理-内容发布-文章模型-查看', '1', '2017-03-09 18:35:02', '0:0:0:0:0:0:0:1', 'Mozilla/5.0 (compatible; MSIE 9.0; Windows NT 6.3; WOW64; Trident/7.0)', '/jeetc/a/cms/article/findByIds', 'GET', 0x6964733D312C322C332C, '');
INSERT INTO `sys_log` VALUES ('f8a37821f94b402c983b74644fd8ec74', '1', '代码生成-主子表-编辑', '1', '2017-03-16 08:55:52', '0:0:0:0:0:0:0:1', 'Mozilla/5.0 (compatible; MSIE 9.0; Windows NT 6.3; WOW64; Trident/7.0)', '/jeetc/a/test/testDataMain/getSelectData', 'GET', 0x6E616D653D31265F3D31343839363235373439343039, '');
INSERT INTO `sys_log` VALUES ('f9326da8aec7431abf7688c1c4a8d4bf', '1', '代码生成-主子表-编辑', '1', '2017-03-16 10:22:32', '0:0:0:0:0:0:0:1', 'Mozilla/5.0 (Windows NT 6.3; WOW64) AppleWebKit/537.36 (KHTML, like Gecko) Chrome/56.0.2924.87 Safari/537.36', '/jeetc/a/test/testDataMain/getSelectData', 'GET', 0x6E616D653D64265F3D31343839363330393532333938, '');
INSERT INTO `sys_log` VALUES ('f94f3fa2d6ea417ab7653fd59c140b4a', '1', '个人办公-我的任务', '1', '2017-03-09 13:29:24', '0:0:0:0:0:0:0:1', 'Mozilla/5.0 (compatible; MSIE 9.0; Windows NT 6.3; WOW64; Trident/7.0)', '/jeetc/a/act/task/todo/', 'GET', '', '');
INSERT INTO `sys_log` VALUES ('f9c3576a95a142a2a27d76b94836dedf', '1', '内容管理-内容发布-文章模型', '1', '2017-03-09 18:37:55', '0:0:0:0:0:0:0:1', 'Mozilla/5.0 (compatible; MSIE 9.0; Windows NT 6.3; WOW64; Trident/7.0)', '/jeetc/a/cms/article/', 'GET', 0x63617465676F72792E69643D33, '');
INSERT INTO `sys_log` VALUES ('fa470e64a8ac452ca3fa975120012539', '1', '代码生成-主子表-编辑', '1', '2017-03-15 19:49:16', '0:0:0:0:0:0:0:1', 'Mozilla/5.0 (Windows NT 6.3; WOW64) AppleWebKit/537.36 (KHTML, like Gecko) Chrome/56.0.2924.87 Safari/537.36', '/jeetc/a/test/testDataMain/getSelectData', 'GET', 0x63616C6C6261636B3D6A5175657279313833303832383434373234353139303437355F3134383935373835353139323126713D31323326706167655F6C696D69743D3130266E616D653D6A75367A396D6A79616A7132646A75653367627676323674265F3D31343839353738353536373937, '');
INSERT INTO `sys_log` VALUES ('fa717b6b36774dc8962874aefaf58076', '1', '机构用户-用户管理', '1', '2017-03-20 09:36:01', '0:0:0:0:0:0:0:1', 'Mozilla/5.0 (Windows NT 6.3; WOW64) AppleWebKit/537.36 (KHTML, like Gecko) Chrome/56.0.2924.87 Safari/537.36', '/jeetc/a/sys/user/index', 'GET', '', '');
INSERT INTO `sys_log` VALUES ('fac91a2b2e61463f926e52f1f831c70f', '1', '栏目设置-栏目管理-查看', '1', '2017-03-09 18:37:35', '0:0:0:0:0:0:0:1', 'Mozilla/5.0 (compatible; MSIE 9.0; Windows NT 6.3; WOW64; Trident/7.0)', '/jeetc/a/cms/category/form', 'GET', 0x69643D32, '');
INSERT INTO `sys_log` VALUES ('fad0a8da049246eca533df32666c2971', '1', '个人信息-个人信息', '1', '2017-03-15 19:11:44', '0:0:0:0:0:0:0:1', 'Mozilla/5.0 (Windows NT 6.3; WOW64) AppleWebKit/537.36 (KHTML, like Gecko) Chrome/56.0.2924.87 Safari/537.36', '/jeetc/a/sys/user/info', 'GET', '', '');
INSERT INTO `sys_log` VALUES ('faea9df26214433f892a62c331402b57', '1', '代码生成-主子表-编辑', '1', '2017-03-16 09:04:14', '0:0:0:0:0:0:0:1', 'Mozilla/5.0 (compatible; MSIE 9.0; Windows NT 6.3; WOW64; Trident/7.0)', '/jeetc/a/test/testDataMain/getSelectData', 'GET', 0x6E616D653D32265F3D31343839363236323534383034, '');
INSERT INTO `sys_log` VALUES ('fb54436c9344409397719e3c3cfef0a3', '1', '代码生成-主子表-编辑', '1', '2017-03-16 10:02:53', '0:0:0:0:0:0:0:1', 'Mozilla/5.0 (Windows NT 6.3; WOW64) AppleWebKit/537.36 (KHTML, like Gecko) Chrome/56.0.2924.87 Safari/537.36', '/jeetc/a/test/testDataMain/getSelectData', 'GET', 0x6E616D653DE58C97265F3D31343839363239373733353030, '');
INSERT INTO `sys_log` VALUES ('fb6c07b4ddfb4591864b7cf4c657ae8d', '1', '代码生成-主子表', '1', '2017-03-15 20:04:52', '0:0:0:0:0:0:0:1', 'Mozilla/5.0 (Windows NT 6.3; WOW64) AppleWebKit/537.36 (KHTML, like Gecko) Chrome/56.0.2924.87 Safari/537.36', '/jeetc/a/test/testDataMain', 'GET', '', '');
INSERT INTO `sys_log` VALUES ('fc4782e9a09d47c2812ea4d2d725141b', '1', '代码生成-主子表-编辑', '1', '2017-03-16 11:14:49', '0:0:0:0:0:0:0:1', 'Mozilla/5.0 (compatible; MSIE 9.0; Windows NT 6.3; WOW64; Trident/7.0)', '/jeetc/a/test/testDataMain/getSelectData', 'GET', 0x6E616D653D61265F3D31343839363334303839313630, '');
INSERT INTO `sys_log` VALUES ('fccc9d2dc7234272b49c315572962b9a', '1', '个人信息-个人信息', '1', '2017-03-09 19:22:30', '0:0:0:0:0:0:0:1', 'Mozilla/5.0 (compatible; MSIE 9.0; Windows NT 6.3; WOW64; Trident/7.0)', '/jeetc/a/sys/user/info', 'GET', '', '');
INSERT INTO `sys_log` VALUES ('fcf1d7abcdc84876af39d14b190b6fbd', '1', '代码生成-主子表', '1', '2017-03-15 19:37:15', '0:0:0:0:0:0:0:1', 'Mozilla/5.0 (Windows NT 6.3; WOW64) AppleWebKit/537.36 (KHTML, like Gecko) Chrome/56.0.2924.87 Safari/537.36', '/jeetc/a/test/testDataMain', 'GET', '', '');
INSERT INTO `sys_log` VALUES ('fcfb6001d7ab4ab6ae7670b15e78725b', '1', '代码生成-主子表-编辑', '1', '2017-03-17 13:46:49', '0:0:0:0:0:0:0:1', 'Mozilla/5.0 (Windows NT 6.3; WOW64) AppleWebKit/537.36 (KHTML, like Gecko) Chrome/56.0.2924.87 Safari/537.36', '/jeetc/a/test/testDataMain/getSelectData', 'GET', 0x6E616D653D313226706167655F6C696D69743D3926706167653D31265F3D31343839373239363039313736, '');
INSERT INTO `sys_log` VALUES ('fd1320893470418eb5e27fddcaa2adb6', '1', '个人办公-请假办理', '1', '2017-03-09 13:28:45', '0:0:0:0:0:0:0:1', 'Mozilla/5.0 (compatible; MSIE 9.0; Windows NT 6.3; WOW64; Trident/7.0)', '/jeetc/a/oa/leave', 'GET', '', '');
INSERT INTO `sys_log` VALUES ('fdf8dfce13ca41efb7c65b276e444dd2', '1', '代码生成-主子表-编辑', '1', '2017-03-16 09:00:34', '0:0:0:0:0:0:0:1', 'Mozilla/5.0 (compatible; MSIE 9.0; Windows NT 6.3; WOW64; Trident/7.0)', '/jeetc/a/test/testDataMain/getSelectData', 'GET', 0x6E616D653D31265F3D31343839363236303334383138, '');
INSERT INTO `sys_log` VALUES ('fe0091befb874ef98f43c24e9635c57e', '1', '代码生成-主子表-编辑', '1', '2017-03-16 10:22:19', '0:0:0:0:0:0:0:1', 'Mozilla/5.0 (Windows NT 6.3; WOW64) AppleWebKit/537.36 (KHTML, like Gecko) Chrome/56.0.2924.87 Safari/537.36', '/jeetc/a/test/testDataMain/getSelectData', 'GET', 0x6E616D653D62265F3D31343839363330393339373130, '');
INSERT INTO `sys_log` VALUES ('fe33139bc549404994a1ee0737de91e9', '1', '代码生成-主子表-编辑', '1', '2017-03-16 09:05:11', '0:0:0:0:0:0:0:1', 'Mozilla/5.0 (compatible; MSIE 9.0; Windows NT 6.3; WOW64; Trident/7.0)', '/jeetc/a/test/testDataMain/getSelectData', 'GET', 0x6E616D653D313332265F3D31343839363236333131383030, '');
INSERT INTO `sys_log` VALUES ('fe34bea661c94e139e1f9157c4bf01d0', '1', '系统登录', '1', '2017-03-17 08:54:12', '0:0:0:0:0:0:0:1', 'Mozilla/5.0 (compatible; MSIE 9.0; Windows NT 6.3; WOW64; Trident/7.0)', '/jeetc/a;JSESSIONID=03abe939df6446fb8ad1a8bfd489f802', 'GET', 0x6C6F67696E3D, '');
INSERT INTO `sys_log` VALUES ('fe840839b6674c70ac6925e273952a9a', '1', '代码生成-代码生成-代码模板管理', '1', '2017-03-17 13:44:04', '0:0:0:0:0:0:0:1', 'Mozilla/5.0 (Windows NT 6.3; WOW64) AppleWebKit/537.36 (KHTML, like Gecko) Chrome/56.0.2924.87 Safari/537.36', '/jeetc/a/gen/genTemplate', 'GET', '', '');
INSERT INTO `sys_log` VALUES ('ff1d8a89ad164ad4b7af50219712b481', '1', '内容管理-内容发布-文章模型-查看', '1', '2017-03-09 18:43:42', '0:0:0:0:0:0:0:1', 'Mozilla/5.0 (compatible; MSIE 9.0; Windows NT 6.3; WOW64; Trident/7.0)', '/jeetc/a/cms/article/form', 'GET', 0x69643D38, '');
INSERT INTO `sys_log` VALUES ('ff63dbdee1184fd29f07f445936c3b41', '1', '代码生成-主子表-编辑', '1', '2017-03-16 10:18:05', '0:0:0:0:0:0:0:1', 'Mozilla/5.0 (Windows NT 6.3; WOW64) AppleWebKit/537.36 (KHTML, like Gecko) Chrome/56.0.2924.87 Safari/537.36', '/jeetc/a/test/testDataMain/getSelectData', 'GET', 0x6E616D653DE79A84265F3D31343839363330363835343331, '');
INSERT INTO `sys_log` VALUES ('ffc0b8ac6aa9414dbc81d18aef58e840', '1', '代码生成-主子表', '1', '2017-03-17 12:34:52', '0:0:0:0:0:0:0:1', 'Mozilla/5.0 (compatible; MSIE 9.0; Windows NT 6.3; WOW64; Trident/7.0)', '/jeetc/a/test/testDataMain', 'GET', '', '');
INSERT INTO `sys_log` VALUES ('ffc1ed2acf444b1992e3c938b3c5e8d8', '1', '代码生成-主子表', '1', '2017-03-17 09:19:29', '0:0:0:0:0:0:0:1', 'Mozilla/5.0 (compatible; MSIE 9.0; Windows NT 6.3; WOW64; Trident/7.0)', '/jeetc/a/test/testDataMain', 'GET', '', '');
INSERT INTO `sys_log` VALUES ('ffc5612664024ea991920c767d6a3810', '1', '代码生成-主子表-编辑', '1', '2017-03-16 09:27:28', '0:0:0:0:0:0:0:1', 'Mozilla/5.0 (Windows NT 6.3; WOW64) AppleWebKit/537.36 (KHTML, like Gecko) Chrome/56.0.2924.87 Safari/537.36', '/jeetc/a/test/testDataMain/getSelectData', 'GET', 0x6E616D653D32265F3D31343839363237363438323636, '');

-- ----------------------------
-- Table structure for sys_mdict
-- ----------------------------
DROP TABLE IF EXISTS `sys_mdict`;
CREATE TABLE `sys_mdict` (
  `id` varchar(64) COLLATE utf8_bin NOT NULL COMMENT '编号',
  `parent_id` varchar(64) COLLATE utf8_bin NOT NULL COMMENT '父级编号',
  `parent_ids` varchar(2000) COLLATE utf8_bin NOT NULL COMMENT '所有父级编号',
  `name` varchar(100) COLLATE utf8_bin NOT NULL COMMENT '名称',
  `sort` decimal(10,0) NOT NULL COMMENT '排序',
  `description` varchar(100) COLLATE utf8_bin DEFAULT NULL COMMENT '描述',
  `create_by` varchar(64) COLLATE utf8_bin NOT NULL COMMENT '创建者',
  `create_date` datetime NOT NULL COMMENT '创建时间',
  `update_by` varchar(64) COLLATE utf8_bin NOT NULL COMMENT '更新者',
  `update_date` datetime NOT NULL COMMENT '更新时间',
  `remarks` varchar(255) COLLATE utf8_bin DEFAULT NULL COMMENT '备注信息',
  `del_flag` char(1) COLLATE utf8_bin NOT NULL DEFAULT '0' COMMENT '删除标记',
  PRIMARY KEY (`id`),
  KEY `sys_mdict_parent_id` (`parent_id`),
  KEY `sys_mdict_del_flag` (`del_flag`)
) ENGINE=InnoDB DEFAULT CHARSET=utf8 COLLATE=utf8_bin COMMENT='多级字典表';

-- ----------------------------
-- Records of sys_mdict
-- ----------------------------

-- ----------------------------
-- Table structure for sys_menu
-- ----------------------------
DROP TABLE IF EXISTS `sys_menu`;
CREATE TABLE `sys_menu` (
  `id` varchar(64) COLLATE utf8_bin NOT NULL COMMENT '编号',
  `parent_id` varchar(64) COLLATE utf8_bin NOT NULL COMMENT '父级编号',
  `parent_ids` varchar(2000) COLLATE utf8_bin NOT NULL COMMENT '所有父级编号',
  `name` varchar(100) COLLATE utf8_bin NOT NULL COMMENT '名称',
  `sort` decimal(10,0) NOT NULL COMMENT '排序',
  `href` varchar(2000) COLLATE utf8_bin DEFAULT NULL COMMENT '链接',
  `target` varchar(20) COLLATE utf8_bin DEFAULT NULL COMMENT '目标',
  `icon` varchar(100) COLLATE utf8_bin DEFAULT NULL COMMENT '图标',
  `is_show` char(1) COLLATE utf8_bin NOT NULL COMMENT '是否在菜单中显示',
  `permission` varchar(200) COLLATE utf8_bin DEFAULT NULL COMMENT '权限标识',
  `create_by` varchar(64) COLLATE utf8_bin NOT NULL COMMENT '创建者',
  `create_date` datetime NOT NULL COMMENT '创建时间',
  `update_by` varchar(64) COLLATE utf8_bin NOT NULL COMMENT '更新者',
  `update_date` datetime NOT NULL COMMENT '更新时间',
  `remarks` varchar(255) COLLATE utf8_bin DEFAULT NULL COMMENT '备注信息',
  `del_flag` char(1) COLLATE utf8_bin NOT NULL DEFAULT '0' COMMENT '删除标记',
  PRIMARY KEY (`id`),
  KEY `sys_menu_parent_id` (`parent_id`),
  KEY `sys_menu_del_flag` (`del_flag`)
) ENGINE=InnoDB DEFAULT CHARSET=utf8 COLLATE=utf8_bin COMMENT='菜单表';

-- ----------------------------
-- Records of sys_menu
-- ----------------------------
INSERT INTO `sys_menu` VALUES ('0b2ebd4d639e4c2b83c2dd0764522f24', 'ba8092291b40482db8fe7fc006ea3d76', '0,1,80,ba8092291b40482db8fe7fc006ea3d76,', '编辑', '60', '', '', '', '0', 'test:testData:edit', '1', '2013-08-12 13:10:05', '1', '2013-08-12 13:10:05', '', '0');
INSERT INTO `sys_menu` VALUES ('0ca004d6b1bf4bcab9670a5060d82a55', '80', '0,1,80,', '树结构', '90', '/test/testTree', '', '', '1', '', '1', '2013-08-12 13:10:05', '1', '2016-11-19 17:01:58', '', '0');
INSERT INTO `sys_menu` VALUES ('1', '0', '0,', '功能菜单', '0', null, null, null, '1', null, '1', '2013-05-27 08:00:00', '1', '2013-05-27 08:00:00', null, '0');
INSERT INTO `sys_menu` VALUES ('10', '3', '0,1,3,', '字典管理', '60', '/sys/dict/', null, 'th-list', '1', null, '1', '2013-05-27 08:00:00', '1', '2013-05-27 08:00:00', null, '0');
INSERT INTO `sys_menu` VALUES ('11', '10', '0,1,3,10,', '查看', '30', null, null, null, '0', 'sys:dict:view', '1', '2013-05-27 08:00:00', '1', '2013-05-27 08:00:00', null, '0');
INSERT INTO `sys_menu` VALUES ('12', '10', '0,1,3,10,', '修改', '40', null, null, null, '0', 'sys:dict:edit', '1', '2013-05-27 08:00:00', '1', '2013-05-27 08:00:00', null, '0');
INSERT INTO `sys_menu` VALUES ('13', '1', '0,1,', '机构用户', '90', '', '', '', '1', '', '1', '2013-05-27 08:00:00', '1', '2016-09-25 12:58:28', '', '0');
INSERT INTO `sys_menu` VALUES ('14', '13', '0,1,13,', '区域管理', '50', '/sys/area/', null, 'th', '1', null, '1', '2013-05-27 08:00:00', '1', '2013-05-27 08:00:00', null, '0');
INSERT INTO `sys_menu` VALUES ('15', '14', '0,1,13,14,', '查看', '30', null, null, null, '0', 'sys:area:view', '1', '2013-05-27 08:00:00', '1', '2013-05-27 08:00:00', null, '0');
INSERT INTO `sys_menu` VALUES ('16', '14', '0,1,13,14,', '修改', '40', null, null, null, '0', 'sys:area:edit', '1', '2013-05-27 08:00:00', '1', '2013-05-27 08:00:00', null, '0');
INSERT INTO `sys_menu` VALUES ('17', '13', '0,1,13,', '机构管理', '40', '/sys/office/', null, 'th-large', '1', null, '1', '2013-05-27 08:00:00', '1', '2013-05-27 08:00:00', null, '0');
INSERT INTO `sys_menu` VALUES ('18', '17', '0,1,13,17,', '查看', '30', null, null, null, '0', 'sys:office:view', '1', '2013-05-27 08:00:00', '1', '2013-05-27 08:00:00', null, '0');
INSERT INTO `sys_menu` VALUES ('19', '17', '0,1,13,17,', '修改', '40', null, null, null, '0', 'sys:office:edit', '1', '2013-05-27 08:00:00', '1', '2013-05-27 08:00:00', null, '0');
INSERT INTO `sys_menu` VALUES ('2', '1', '0,1,', '系统设置', '900', null, null, null, '0', null, '1', '2013-05-27 08:00:00', '1', '2013-05-27 08:00:00', null, '0');
INSERT INTO `sys_menu` VALUES ('20', '13', '0,1,13,', '用户管理', '30', '/sys/user/index', null, 'user', '1', null, '1', '2013-05-27 08:00:00', '1', '2013-05-27 08:00:00', null, '0');
INSERT INTO `sys_menu` VALUES ('21', '20', '0,1,13,20,', '查看', '30', null, null, null, '0', 'sys:user:view', '1', '2013-05-27 08:00:00', '1', '2013-05-27 08:00:00', null, '0');
INSERT INTO `sys_menu` VALUES ('22', '20', '0,1,13,20,', '修改', '40', null, null, null, '0', 'sys:user:edit', '1', '2013-05-27 08:00:00', '1', '2013-05-27 08:00:00', null, '0');
INSERT INTO `sys_menu` VALUES ('23', '1', '0,1,', '关于帮助', '120', '', '', '', '0', '', '1', '2013-05-27 08:00:00', '1', '2016-09-25 12:59:45', '', '0');
INSERT INTO `sys_menu` VALUES ('24', '23', '0,1,2,23', '官方首页', '30', 'http://jeesite.com', '_blank', null, '0', null, '1', '2013-05-27 08:00:00', '1', '2013-05-27 08:00:00', null, '0');
INSERT INTO `sys_menu` VALUES ('25', '23', '0,1,2,23', '项目支持', '50', 'http://jeesite.com/donation.html', '_blank', null, '0', null, '1', '2013-05-27 08:00:00', '1', '2013-05-27 08:00:00', null, '0');
INSERT INTO `sys_menu` VALUES ('26', '23', '0,1,2,23', '论坛交流', '80', 'http://bbs.jeesite.com', '_blank', null, '0', null, '1', '2013-05-27 08:00:00', '1', '2013-05-27 08:00:00', null, '0');
INSERT INTO `sys_menu` VALUES ('27', '1', '0,1,', '我的面板', '100', null, null, null, '0', null, '1', '2013-05-27 08:00:00', '1', '2013-05-27 08:00:00', null, '0');
INSERT INTO `sys_menu` VALUES ('28', '1', '0,1,', '个人信息', '10', '', '', 'user', '1', '', '1', '2013-05-27 08:00:00', '1', '2016-11-25 00:14:09', '', '0');
INSERT INTO `sys_menu` VALUES ('29', '28', '0,1,28,', '个人信息', '30', '/sys/user/info', null, 'user', '1', null, '1', '2013-05-27 08:00:00', '1', '2013-05-27 08:00:00', null, '0');
INSERT INTO `sys_menu` VALUES ('3', '1', '0,1,', '系统设置', '100', '', '', '', '1', '', '1', '2013-05-27 08:00:00', '1', '2016-09-25 12:58:47', '', '0');
INSERT INTO `sys_menu` VALUES ('30', '28', '0,1,28,', '修改密码', '40', '/sys/user/modifyPwd', null, 'lock', '1', null, '1', '2013-05-27 08:00:00', '1', '2013-05-27 08:00:00', null, '0');
INSERT INTO `sys_menu` VALUES ('31', '1', '0,1,', '内容管理', '500', null, null, null, '0', null, '1', '2013-05-27 08:00:00', '1', '2013-05-27 08:00:00', null, '0');
INSERT INTO `sys_menu` VALUES ('32', '1', '0,1,', '栏目设置', '80', '', '', '', '1', '', '1', '2013-05-27 08:00:00', '1', '2016-09-25 12:57:15', '', '0');
INSERT INTO `sys_menu` VALUES ('33', '32', '0,1,32', '栏目管理', '30', '/cms/category/', null, 'align-justify', '1', null, '1', '2013-05-27 08:00:00', '1', '2013-05-27 08:00:00', null, '0');
INSERT INTO `sys_menu` VALUES ('34', '33', '0,1,32,33,', '查看', '30', null, null, null, '0', 'cms:category:view', '1', '2013-05-27 08:00:00', '1', '2013-05-27 08:00:00', null, '0');
INSERT INTO `sys_menu` VALUES ('35', '33', '0,1,32,33,', '修改', '40', null, null, null, '0', 'cms:category:edit', '1', '2013-05-27 08:00:00', '1', '2013-05-27 08:00:00', null, '0');
INSERT INTO `sys_menu` VALUES ('36', '32', '0,1,32', '站点设置', '40', '/cms/site/', null, 'certificate', '1', null, '1', '2013-05-27 08:00:00', '1', '2013-05-27 08:00:00', null, '0');
INSERT INTO `sys_menu` VALUES ('37', '36', '0,1,32,36,', '查看', '30', null, null, null, '0', 'cms:site:view', '1', '2013-05-27 08:00:00', '1', '2013-05-27 08:00:00', null, '0');
INSERT INTO `sys_menu` VALUES ('38', '36', '0,1,32,36,', '修改', '40', null, null, null, '0', 'cms:site:edit', '1', '2013-05-27 08:00:00', '1', '2013-05-27 08:00:00', null, '0');
INSERT INTO `sys_menu` VALUES ('39', '32', '0,1,32', '切换站点', '50', '/cms/site/select', null, 'retweet', '1', 'cms:site:select', '1', '2013-05-27 08:00:00', '1', '2013-05-27 08:00:00', null, '0');
INSERT INTO `sys_menu` VALUES ('4', '3', '0,1,3,', '菜单管理', '30', '/sys/menu/', null, 'list-alt', '1', null, '1', '2013-05-27 08:00:00', '1', '2013-05-27 08:00:00', null, '0');
INSERT INTO `sys_menu` VALUES ('40', '1', '0,1,', '内容管理', '60', '', '', '', '1', 'cms:view', '1', '2013-05-27 08:00:00', '1', '2016-09-25 12:56:49', '', '0');
INSERT INTO `sys_menu` VALUES ('41', '40', '0,1,40,', '内容发布', '30', '/cms/', null, 'briefcase', '1', null, '1', '2013-05-27 08:00:00', '1', '2013-05-27 08:00:00', null, '0');
INSERT INTO `sys_menu` VALUES ('42', '41', '0,1,40,41,', '文章模型', '40', '/cms/article/', null, 'file', '0', null, '1', '2013-05-27 08:00:00', '1', '2013-05-27 08:00:00', null, '0');
INSERT INTO `sys_menu` VALUES ('43', '42', '0,1,40,41,42,', '查看', '30', null, null, null, '0', 'cms:article:view', '1', '2013-05-27 08:00:00', '1', '2013-05-27 08:00:00', null, '0');
INSERT INTO `sys_menu` VALUES ('44', '42', '0,1,40,41,42,', '修改', '40', null, null, null, '0', 'cms:article:edit', '1', '2013-05-27 08:00:00', '1', '2013-05-27 08:00:00', null, '0');
INSERT INTO `sys_menu` VALUES ('45', '42', '0,1,40,41,42,', '审核', '50', null, null, null, '0', 'cms:article:audit', '1', '2013-05-27 08:00:00', '1', '2013-05-27 08:00:00', null, '0');
INSERT INTO `sys_menu` VALUES ('46', '41', '0,1,40,41,', '链接模型', '60', '/cms/link/', null, 'random', '0', null, '1', '2013-05-27 08:00:00', '1', '2013-05-27 08:00:00', null, '0');
INSERT INTO `sys_menu` VALUES ('47', '46', '0,1,40,41,46,', '查看', '30', null, null, null, '0', 'cms:link:view', '1', '2013-05-27 08:00:00', '1', '2013-05-27 08:00:00', null, '0');
INSERT INTO `sys_menu` VALUES ('48', '46', '0,1,40,41,46,', '修改', '40', null, null, null, '0', 'cms:link:edit', '1', '2013-05-27 08:00:00', '1', '2013-05-27 08:00:00', null, '0');
INSERT INTO `sys_menu` VALUES ('4855cf3b25c244fb8500a380db189d97', 'b1f6d1b86ba24365bae7fd86c5082317', '0,1,80,b1f6d1b86ba24365bae7fd86c5082317,', '查看', '30', '', '', '', '0', 'test:testDataMain:view', '1', '2013-08-12 13:10:05', '1', '2013-08-12 13:10:05', '', '0');
INSERT INTO `sys_menu` VALUES ('49', '46', '0,1,40,41,46,', '审核', '50', null, null, null, '0', 'cms:link:audit', '1', '2013-05-27 08:00:00', '1', '2013-05-27 08:00:00', null, '0');
INSERT INTO `sys_menu` VALUES ('4b36a22566e14c259a2d83690ec80e9c', '3', '0,1,3,', '定时任务', '90', '/sys/sysScheduleJob', 'mainFrame', '', '1', 'sys:sysScheduleJob:view,sys:sysScheduleJob:edit', '1', '2016-11-24 18:51:41', '1', '2016-11-24 18:51:41', '', '0');
INSERT INTO `sys_menu` VALUES ('5', '4', '0,1,3,4,', '查看', '30', null, null, null, '0', 'sys:menu:view', '1', '2013-05-27 08:00:00', '1', '2013-05-27 08:00:00', null, '0');
INSERT INTO `sys_menu` VALUES ('50', '40', '0,1,40,', '评论管理', '40', '/cms/comment/?status=2', null, 'comment', '1', null, '1', '2013-05-27 08:00:00', '1', '2013-05-27 08:00:00', null, '0');
INSERT INTO `sys_menu` VALUES ('51', '50', '0,1,40,50,', '查看', '30', null, null, null, '0', 'cms:comment:view', '1', '2013-05-27 08:00:00', '1', '2013-05-27 08:00:00', null, '0');
INSERT INTO `sys_menu` VALUES ('52', '50', '0,1,40,50,', '审核', '40', null, null, null, '0', 'cms:comment:edit', '1', '2013-05-27 08:00:00', '1', '2013-05-27 08:00:00', null, '0');
INSERT INTO `sys_menu` VALUES ('53', '40', '0,1,40,', '公共留言', '80', '/cms/guestbook/?status=2', null, 'glass', '1', null, '1', '2013-05-27 08:00:00', '1', '2013-05-27 08:00:00', null, '0');
INSERT INTO `sys_menu` VALUES ('54', '53', '0,1,40,53,', '查看', '30', null, null, null, '0', 'cms:guestbook:view', '1', '2013-05-27 08:00:00', '1', '2013-05-27 08:00:00', null, '0');
INSERT INTO `sys_menu` VALUES ('55', '53', '0,1,40,53,', '审核', '40', null, null, null, '0', 'cms:guestbook:edit', '1', '2013-05-27 08:00:00', '1', '2013-05-27 08:00:00', null, '0');
INSERT INTO `sys_menu` VALUES ('56', '28', '0,1,28,', '文件管理', '90', '/../static/ckfinder/ckfinder.html', '', 'folder-open', '1', '', '1', '2013-05-27 08:00:00', '1', '2016-11-19 16:56:10', '', '0');
INSERT INTO `sys_menu` VALUES ('57', '56', '0,1,27,40,56,', '查看', '30', null, null, null, '0', 'cms:ckfinder:view', '1', '2013-05-27 08:00:00', '1', '2013-05-27 08:00:00', null, '0');
INSERT INTO `sys_menu` VALUES ('58', '56', '0,1,27,40,56,', '上传', '40', null, null, null, '0', 'cms:ckfinder:upload', '1', '2013-05-27 08:00:00', '1', '2013-05-27 08:00:00', null, '0');
INSERT INTO `sys_menu` VALUES ('59', '56', '0,1,27,40,56,', '修改', '50', null, null, null, '0', 'cms:ckfinder:edit', '1', '2013-05-27 08:00:00', '1', '2013-05-27 08:00:00', null, '0');
INSERT INTO `sys_menu` VALUES ('6', '4', '0,1,3,4,', '修改', '40', null, null, null, '0', 'sys:menu:edit', '1', '2013-05-27 08:00:00', '1', '2013-05-27 08:00:00', null, '0');
INSERT INTO `sys_menu` VALUES ('61', '40', '0,1,40,', '信息量统计', '30', '/cms/stats/article', '', 'tasks', '1', 'cms:stats:article', '1', '2013-05-27 08:00:00', '1', '2016-11-19 17:03:56', '', '0');
INSERT INTO `sys_menu` VALUES ('62', '1', '0,1,', '在线办公', '200', null, null, null, '0', null, '1', '2013-05-27 08:00:00', '1', '2013-05-27 08:00:00', null, '0');
INSERT INTO `sys_menu` VALUES ('63', '1', '0,1,', '个人办公', '40', '', '', '', '1', '', '1', '2013-05-27 08:00:00', '1', '2016-09-25 12:55:39', '', '0');
INSERT INTO `sys_menu` VALUES ('64', '63', '0,1,63,', '请假办理', '300', '/oa/leave', '', 'leaf', '1', '', '1', '2013-05-27 08:00:00', '1', '2017-03-09 13:40:42', '', '0');
INSERT INTO `sys_menu` VALUES ('65', '64', '0,1,63,64,', '查看', '30', '', '', '', '1', 'oa:leave:view', '1', '2013-05-27 08:00:00', '1', '2017-03-09 13:40:51', '', '0');
INSERT INTO `sys_menu` VALUES ('66', '64', '0,1,63,64,', '修改', '40', '', '', '', '1', 'oa:leave:edit', '1', '2013-05-27 08:00:00', '1', '2017-03-09 13:41:04', '', '0');
INSERT INTO `sys_menu` VALUES ('68', '3', '0,1,3,', '日志查询', '30', '/sys/log', '', 'pencil', '1', 'sys:log:view', '1', '2013-06-03 08:00:00', '1', '2016-11-19 17:04:50', '', '0');
INSERT INTO `sys_menu` VALUES ('7', '3', '0,1,3,', '角色管理', '50', '/sys/role/', null, 'lock', '1', null, '1', '2013-05-27 08:00:00', '1', '2013-05-27 08:00:00', null, '0');
INSERT INTO `sys_menu` VALUES ('70', '63', '0,1,63,', '流程管理', '50', '/act/process', '', 'road', '1', 'act:process:edit', '1', '2013-05-27 08:00:00', '1', '2016-11-19 17:04:17', '', '0');
INSERT INTO `sys_menu` VALUES ('72', '63', '0,1,63,', '模型管理', '100', '/act/model', '', 'road', '1', 'act:model:edit', '1', '2013-09-20 08:00:00', '1', '2016-11-19 17:04:27', '', '0');
INSERT INTO `sys_menu` VALUES ('73', '63', '0,1,63,', '我的任务', '50', '/act/task/todo/', null, 'tasks', '1', null, '1', '2013-09-24 08:00:00', '1', '2013-09-24 08:00:00', null, '0');
INSERT INTO `sys_menu` VALUES ('74', '63', '0,1,63,', '审批测试', '100', '/oa/testAudit', null, null, '1', 'oa:testAudit:view,oa:testAudit:edit', '1', '2013-09-24 08:00:00', '1', '2013-09-24 08:00:00', null, '0');
INSERT INTO `sys_menu` VALUES ('75', '1', '0,1,', '在线演示', '3000', null, null, null, '0', null, '1', '2013-10-08 08:00:00', '1', '2013-10-08 08:00:00', null, '0');
INSERT INTO `sys_menu` VALUES ('79', '1', '0,1,', '代码生成', '5000', null, null, null, '0', null, '1', '2013-10-16 08:00:00', '1', '2013-10-16 08:00:00', null, '0');
INSERT INTO `sys_menu` VALUES ('8', '7', '0,1,3,7,', '查看', '30', null, null, null, '0', 'sys:role:view', '1', '2013-05-27 08:00:00', '1', '2013-05-27 08:00:00', null, '0');
INSERT INTO `sys_menu` VALUES ('80', '1', '0,1,', '代码生成', '130', '', '', '', '1', '', '1', '2013-10-16 08:00:00', '1', '2016-09-25 12:59:59', '', '0');
INSERT INTO `sys_menu` VALUES ('81', '80', '0,1,80,', '生成方案配置', '30', '/gen/genScheme', null, null, '1', 'gen:genScheme:view,gen:genScheme:edit', '1', '2013-10-16 08:00:00', '1', '2013-10-16 08:00:00', null, '0');
INSERT INTO `sys_menu` VALUES ('82', '80', '0,1,80,', '业务表配置', '20', '/gen/genTable', null, null, '1', 'gen:genTable:view,gen:genTable:edit,gen:genTableColumn:view,gen:genTableColumn:edit', '1', '2013-10-16 08:00:00', '1', '2013-10-16 08:00:00', null, '0');
INSERT INTO `sys_menu` VALUES ('83', '80', '0,1,79,80,', '代码模板管理', '90', '/gen/genTemplate', null, null, '1', 'gen:genTemplate:view,gen:genTemplate:edit', '1', '2013-10-16 08:00:00', '1', '2013-10-16 08:00:00', null, '0');
INSERT INTO `sys_menu` VALUES ('84', '3', '0,1,3,', '连接池监视', '40', '/../druid', '', '', '1', '', '1', '2013-10-18 08:00:00', '1', '2016-11-19 17:05:09', '', '0');
INSERT INTO `sys_menu` VALUES ('85', '76', '0,1,75,76,', '行政区域', '80', '/../static/map/map-city.html', null, null, '1', null, '1', '2013-10-22 08:00:00', '1', '2013-10-22 08:00:00', null, '0');
INSERT INTO `sys_menu` VALUES ('86', '75', '0,1,75,', '组件演示', '50', null, null, null, '1', null, '1', '2013-10-22 08:00:00', '1', '2013-10-22 08:00:00', null, '0');
INSERT INTO `sys_menu` VALUES ('87', '86', '0,1,75,86,', '组件演示', '30', '/test/test/form', null, null, '1', 'test:test:view,test:test:edit', '1', '2013-10-22 08:00:00', '1', '2013-10-22 08:00:00', null, '0');
INSERT INTO `sys_menu` VALUES ('87f0c34a49124c4ba2ded6be653c4e4d', '3', '0,1,3,', '数据库备份', '120', '/sys/mySql', 'mainFrame', '', '1', 'sys:mySql:view,sys:mySql:edit', '1', '2016-11-25 18:16:51', '1', '2016-11-25 18:16:51', '', '0');
INSERT INTO `sys_menu` VALUES ('89', '28', '0,1,28,', '我的通告', '30', '/oa/oaNotify/self', '', '', '1', '', '1', '2013-11-08 08:00:00', '1', '2016-11-19 16:56:36', '', '0');
INSERT INTO `sys_menu` VALUES ('9', '7', '0,1,3,7,', '修改', '40', null, null, null, '0', 'sys:role:edit', '1', '2013-05-27 08:00:00', '1', '2013-05-27 08:00:00', null, '0');
INSERT INTO `sys_menu` VALUES ('90', '28', '0,1,28,', '通告管理', '50', '/oa/oaNotify', '', '', '1', 'oa:oaNotify:view,oa:oaNotify:edit', '1', '2013-11-08 08:00:00', '1', '2016-11-19 16:56:51', '', '0');
INSERT INTO `sys_menu` VALUES ('afab2db430e2457f9cf3a11feaa8b869', '0ca004d6b1bf4bcab9670a5060d82a55', '0,1,80,0ca004d6b1bf4bcab9670a5060d82a55,', '编辑', '60', '', '', '', '0', 'test:testTree:edit', '1', '2013-08-12 13:10:05', '1', '2013-08-12 13:10:05', '', '0');
INSERT INTO `sys_menu` VALUES ('b1f6d1b86ba24365bae7fd86c5082317', '80', '0,1,80,', '主子表', '60', '/test/testDataMain', '', '', '1', '', '1', '2013-08-12 13:10:05', '1', '2016-11-19 17:01:43', '', '0');
INSERT INTO `sys_menu` VALUES ('ba8092291b40482db8fe7fc006ea3d76', '80', '0,1,80,', '单表', '30', '/test/testData', '', '', '1', '', '1', '2013-08-12 13:10:05', '1', '2016-11-19 17:01:29', '', '0');
INSERT INTO `sys_menu` VALUES ('c2e4d9082a0b4386884a0b203afe2c5c', '0ca004d6b1bf4bcab9670a5060d82a55', '0,1,80,0ca004d6b1bf4bcab9670a5060d82a55,', '查看', '30', '', '', '', '0', 'test:testTree:view', '1', '2013-08-12 13:10:05', '1', '2013-08-12 13:10:05', '', '0');
INSERT INTO `sys_menu` VALUES ('d15ec45a4c5449c3bbd7a61d5f9dd1d2', 'b1f6d1b86ba24365bae7fd86c5082317', '0,1,80,b1f6d1b86ba24365bae7fd86c5082317,', '编辑', '60', '', '', '', '0', 'test:testDataMain:edit', '1', '2013-08-12 13:10:05', '1', '2013-08-12 13:10:05', '', '0');
INSERT INTO `sys_menu` VALUES ('df7ce823c5b24ff9bada43d992f373e2', 'ba8092291b40482db8fe7fc006ea3d76', '0,1,80,ba8092291b40482db8fe7fc006ea3d76,', '查看', '30', '', '', '', '0', 'test:testData:view', '1', '2013-08-12 13:10:05', '1', '2013-08-12 13:10:05', '', '0');

-- ----------------------------
-- Table structure for sys_office
-- ----------------------------
DROP TABLE IF EXISTS `sys_office`;
CREATE TABLE `sys_office` (
  `id` varchar(64) COLLATE utf8_bin NOT NULL COMMENT '编号',
  `parent_id` varchar(64) COLLATE utf8_bin NOT NULL COMMENT '父级编号',
  `parent_ids` varchar(2000) COLLATE utf8_bin NOT NULL COMMENT '所有父级编号',
  `name` varchar(100) COLLATE utf8_bin NOT NULL COMMENT '名称',
  `sort` decimal(10,0) NOT NULL COMMENT '排序',
  `area_id` varchar(64) COLLATE utf8_bin NOT NULL COMMENT '归属区域',
  `code` varchar(100) COLLATE utf8_bin DEFAULT NULL COMMENT '区域编码',
  `type` char(1) COLLATE utf8_bin NOT NULL COMMENT '机构类型',
  `grade` char(1) COLLATE utf8_bin NOT NULL COMMENT '机构等级',
  `address` varchar(255) COLLATE utf8_bin DEFAULT NULL COMMENT '联系地址',
  `zip_code` varchar(100) COLLATE utf8_bin DEFAULT NULL COMMENT '邮政编码',
  `master` varchar(100) COLLATE utf8_bin DEFAULT NULL COMMENT '负责人',
  `phone` varchar(200) COLLATE utf8_bin DEFAULT NULL COMMENT '电话',
  `fax` varchar(200) COLLATE utf8_bin DEFAULT NULL COMMENT '传真',
  `email` varchar(200) COLLATE utf8_bin DEFAULT NULL COMMENT '邮箱',
  `USEABLE` varchar(64) COLLATE utf8_bin DEFAULT NULL COMMENT '是否启用',
  `PRIMARY_PERSON` varchar(64) COLLATE utf8_bin DEFAULT NULL COMMENT '主负责人',
  `DEPUTY_PERSON` varchar(64) COLLATE utf8_bin DEFAULT NULL COMMENT '副负责人',
  `create_by` varchar(64) COLLATE utf8_bin NOT NULL COMMENT '创建者',
  `create_date` datetime NOT NULL COMMENT '创建时间',
  `update_by` varchar(64) COLLATE utf8_bin NOT NULL COMMENT '更新者',
  `update_date` datetime NOT NULL COMMENT '更新时间',
  `remarks` varchar(255) COLLATE utf8_bin DEFAULT NULL COMMENT '备注信息',
  `del_flag` char(1) COLLATE utf8_bin NOT NULL DEFAULT '0' COMMENT '删除标记',
  PRIMARY KEY (`id`),
  KEY `sys_office_parent_id` (`parent_id`),
  KEY `sys_office_del_flag` (`del_flag`),
  KEY `sys_office_type` (`type`)
) ENGINE=InnoDB DEFAULT CHARSET=utf8 COLLATE=utf8_bin COMMENT='机构表';

-- ----------------------------
-- Records of sys_office
-- ----------------------------
INSERT INTO `sys_office` VALUES ('1', '0', '0,', '山东省总公司', '10', '2', '100000', '1', '1', null, null, null, null, null, null, '1', null, null, '1', '2013-05-27 08:00:00', '1', '2013-05-27 08:00:00', null, '0');
INSERT INTO `sys_office` VALUES ('10', '7', '0,1,7,', '市场部', '30', '3', '200003', '2', '2', null, null, null, null, null, null, '1', null, null, '1', '2013-05-27 08:00:00', '1', '2013-05-27 08:00:00', null, '0');
INSERT INTO `sys_office` VALUES ('11', '7', '0,1,7,', '技术部', '40', '3', '200004', '2', '2', null, null, null, null, null, null, '1', null, null, '1', '2013-05-27 08:00:00', '1', '2013-05-27 08:00:00', null, '0');
INSERT INTO `sys_office` VALUES ('12', '7', '0,1,7,', '历城区分公司', '0', '4', '201000', '1', '3', null, null, null, null, null, null, '1', null, null, '1', '2013-05-27 08:00:00', '1', '2013-05-27 08:00:00', null, '0');
INSERT INTO `sys_office` VALUES ('13', '12', '0,1,7,12,', '公司领导', '10', '4', '201001', '2', '3', null, null, null, null, null, null, '1', null, null, '1', '2013-05-27 08:00:00', '1', '2013-05-27 08:00:00', null, '0');
INSERT INTO `sys_office` VALUES ('14', '12', '0,1,7,12,', '综合部', '20', '4', '201002', '2', '3', null, null, null, null, null, null, '1', null, null, '1', '2013-05-27 08:00:00', '1', '2013-05-27 08:00:00', null, '0');
INSERT INTO `sys_office` VALUES ('15', '12', '0,1,7,12,', '市场部', '30', '4', '201003', '2', '3', null, null, null, null, null, null, '1', null, null, '1', '2013-05-27 08:00:00', '1', '2013-05-27 08:00:00', null, '0');
INSERT INTO `sys_office` VALUES ('16', '12', '0,1,7,12,', '技术部', '40', '4', '201004', '2', '3', null, null, null, null, null, null, '1', null, null, '1', '2013-05-27 08:00:00', '1', '2013-05-27 08:00:00', null, '0');
INSERT INTO `sys_office` VALUES ('17', '7', '0,1,7,', '历下区分公司', '40', '5', '201010', '1', '3', null, null, null, null, null, null, '1', null, null, '1', '2013-05-27 08:00:00', '1', '2013-05-27 08:00:00', null, '0');
INSERT INTO `sys_office` VALUES ('18', '17', '0,1,7,17,', '公司领导', '10', '5', '201011', '2', '3', null, null, null, null, null, null, '1', null, null, '1', '2013-05-27 08:00:00', '1', '2013-05-27 08:00:00', null, '0');
INSERT INTO `sys_office` VALUES ('19', '17', '0,1,7,17,', '综合部', '20', '5', '201012', '2', '3', null, null, null, null, null, null, '1', null, null, '1', '2013-05-27 08:00:00', '1', '2013-05-27 08:00:00', null, '0');
INSERT INTO `sys_office` VALUES ('2', '1', '0,1,', '公司领导', '10', '2', '100001', '2', '1', null, null, null, null, null, null, '1', null, null, '1', '2013-05-27 08:00:00', '1', '2013-05-27 08:00:00', null, '0');
INSERT INTO `sys_office` VALUES ('20', '17', '0,1,7,17,', '市场部', '30', '5', '201013', '2', '3', null, null, null, null, null, null, '1', null, null, '1', '2013-05-27 08:00:00', '1', '2013-05-27 08:00:00', null, '0');
INSERT INTO `sys_office` VALUES ('21', '17', '0,1,7,17,', '技术部', '40', '5', '201014', '2', '3', null, null, null, null, null, null, '1', null, null, '1', '2013-05-27 08:00:00', '1', '2013-05-27 08:00:00', null, '0');
INSERT INTO `sys_office` VALUES ('22', '7', '0,1,7,', '高新区分公司', '50', '6', '201010', '1', '3', null, null, null, null, null, null, '1', null, null, '1', '2013-05-27 08:00:00', '1', '2013-05-27 08:00:00', null, '0');
INSERT INTO `sys_office` VALUES ('23', '22', '0,1,7,22,', '公司领导', '10', '6', '201011', '2', '3', null, null, null, null, null, null, '1', null, null, '1', '2013-05-27 08:00:00', '1', '2013-05-27 08:00:00', null, '0');
INSERT INTO `sys_office` VALUES ('24', '22', '0,1,7,22,', '综合部', '20', '6', '201012', '2', '3', null, null, null, null, null, null, '1', null, null, '1', '2013-05-27 08:00:00', '1', '2013-05-27 08:00:00', null, '0');
INSERT INTO `sys_office` VALUES ('25', '22', '0,1,7,22,', '市场部', '30', '6', '201013', '2', '3', null, null, null, null, null, null, '1', null, null, '1', '2013-05-27 08:00:00', '1', '2013-05-27 08:00:00', null, '0');
INSERT INTO `sys_office` VALUES ('26', '22', '0,1,7,22,', '技术部', '40', '6', '201014', '2', '3', null, null, null, null, null, null, '1', null, null, '1', '2013-05-27 08:00:00', '1', '2013-05-27 08:00:00', null, '0');
INSERT INTO `sys_office` VALUES ('3', '1', '0,1,', '综合部', '20', '2', '100002', '2', '1', null, null, null, null, null, null, '1', null, null, '1', '2013-05-27 08:00:00', '1', '2013-05-27 08:00:00', null, '0');
INSERT INTO `sys_office` VALUES ('4', '1', '0,1,', '市场部', '30', '2', '100003', '2', '1', null, null, null, null, null, null, '1', null, null, '1', '2013-05-27 08:00:00', '1', '2013-05-27 08:00:00', null, '0');
INSERT INTO `sys_office` VALUES ('5', '1', '0,1,', '技术部', '40', '2', '100004', '2', '1', null, null, null, null, null, null, '1', null, null, '1', '2013-05-27 08:00:00', '1', '2013-05-27 08:00:00', null, '0');
INSERT INTO `sys_office` VALUES ('6', '1', '0,1,', '研发部', '50', '2', '100005', '2', '1', null, null, null, null, null, null, '1', null, null, '1', '2013-05-27 08:00:00', '1', '2013-05-27 08:00:00', null, '0');
INSERT INTO `sys_office` VALUES ('7', '1', '0,1,', '济南市分公司', '20', '3', '200000', '1', '2', null, null, null, null, null, null, '1', null, null, '1', '2013-05-27 08:00:00', '1', '2013-05-27 08:00:00', null, '0');
INSERT INTO `sys_office` VALUES ('8', '7', '0,1,7,', '公司领导', '10', '3', '200001', '2', '2', null, null, null, null, null, null, '1', null, null, '1', '2013-05-27 08:00:00', '1', '2013-05-27 08:00:00', null, '0');
INSERT INTO `sys_office` VALUES ('9', '7', '0,1,7,', '综合部', '20', '3', '200002', '2', '2', null, null, null, null, null, null, '1', null, null, '1', '2013-05-27 08:00:00', '1', '2013-05-27 08:00:00', null, '0');

-- ----------------------------
-- Table structure for sys_role
-- ----------------------------
DROP TABLE IF EXISTS `sys_role`;
CREATE TABLE `sys_role` (
  `id` varchar(64) COLLATE utf8_bin NOT NULL COMMENT '编号',
  `office_id` varchar(64) COLLATE utf8_bin DEFAULT NULL COMMENT '归属机构',
  `name` varchar(100) COLLATE utf8_bin NOT NULL COMMENT '角色名称',
  `enname` varchar(255) COLLATE utf8_bin DEFAULT NULL COMMENT '英文名称',
  `role_type` varchar(255) COLLATE utf8_bin DEFAULT NULL COMMENT '角色类型',
  `data_scope` char(1) COLLATE utf8_bin DEFAULT NULL COMMENT '数据范围',
  `is_sys` varchar(64) COLLATE utf8_bin DEFAULT NULL COMMENT '是否系统数据',
  `useable` varchar(64) COLLATE utf8_bin DEFAULT NULL COMMENT '是否可用',
  `create_by` varchar(64) COLLATE utf8_bin NOT NULL COMMENT '创建者',
  `create_date` datetime NOT NULL COMMENT '创建时间',
  `update_by` varchar(64) COLLATE utf8_bin NOT NULL COMMENT '更新者',
  `update_date` datetime NOT NULL COMMENT '更新时间',
  `remarks` varchar(255) COLLATE utf8_bin DEFAULT NULL COMMENT '备注信息',
  `del_flag` char(1) COLLATE utf8_bin NOT NULL DEFAULT '0' COMMENT '删除标记',
  PRIMARY KEY (`id`),
  KEY `sys_role_del_flag` (`del_flag`),
  KEY `sys_role_enname` (`enname`)
) ENGINE=InnoDB DEFAULT CHARSET=utf8 COLLATE=utf8_bin COMMENT='角色表';

-- ----------------------------
-- Records of sys_role
-- ----------------------------
INSERT INTO `sys_role` VALUES ('1', '2', '系统管理员', 'dept', 'assignment', '1', '1', '1', '1', '2013-05-27 08:00:00', '1', '2016-11-25 18:17:49', '', '0');
INSERT INTO `sys_role` VALUES ('2', '1', '公司管理员', 'hr', 'assignment', '2', null, '1', '1', '2013-05-27 08:00:00', '1', '2013-05-27 08:00:00', null, '0');
INSERT INTO `sys_role` VALUES ('3', '1', '本公司管理员', 'a', 'assignment', '3', null, '1', '1', '2013-05-27 08:00:00', '1', '2013-05-27 08:00:00', null, '0');
INSERT INTO `sys_role` VALUES ('4', '1', '部门管理员', 'b', 'assignment', '4', null, '1', '1', '2013-05-27 08:00:00', '1', '2013-05-27 08:00:00', null, '0');
INSERT INTO `sys_role` VALUES ('5', '1', '本部门管理员', 'c', 'assignment', '5', null, '1', '1', '2013-05-27 08:00:00', '1', '2013-05-27 08:00:00', null, '0');
INSERT INTO `sys_role` VALUES ('6', '1', '普通用户', 'd', 'assignment', '8', null, '1', '1', '2013-05-27 08:00:00', '1', '2013-05-27 08:00:00', null, '0');
INSERT INTO `sys_role` VALUES ('7', '7', '济南市管理员', 'e', 'assignment', '9', null, '1', '1', '2013-05-27 08:00:00', '1', '2013-05-27 08:00:00', null, '0');

-- ----------------------------
-- Table structure for sys_role_menu
-- ----------------------------
DROP TABLE IF EXISTS `sys_role_menu`;
CREATE TABLE `sys_role_menu` (
  `role_id` varchar(64) COLLATE utf8_bin NOT NULL COMMENT '角色编号',
  `menu_id` varchar(64) COLLATE utf8_bin NOT NULL COMMENT '菜单编号',
  PRIMARY KEY (`role_id`,`menu_id`)
) ENGINE=InnoDB DEFAULT CHARSET=utf8 COLLATE=utf8_bin COMMENT='角色-菜单';

-- ----------------------------
-- Records of sys_role_menu
-- ----------------------------
INSERT INTO `sys_role_menu` VALUES ('1', '1');
INSERT INTO `sys_role_menu` VALUES ('1', '10');
INSERT INTO `sys_role_menu` VALUES ('1', '11');
INSERT INTO `sys_role_menu` VALUES ('1', '12');
INSERT INTO `sys_role_menu` VALUES ('1', '13');
INSERT INTO `sys_role_menu` VALUES ('1', '14');
INSERT INTO `sys_role_menu` VALUES ('1', '15');
INSERT INTO `sys_role_menu` VALUES ('1', '16');
INSERT INTO `sys_role_menu` VALUES ('1', '17');
INSERT INTO `sys_role_menu` VALUES ('1', '18');
INSERT INTO `sys_role_menu` VALUES ('1', '19');
INSERT INTO `sys_role_menu` VALUES ('1', '2');
INSERT INTO `sys_role_menu` VALUES ('1', '20');
INSERT INTO `sys_role_menu` VALUES ('1', '21');
INSERT INTO `sys_role_menu` VALUES ('1', '22');
INSERT INTO `sys_role_menu` VALUES ('1', '23');
INSERT INTO `sys_role_menu` VALUES ('1', '24');
INSERT INTO `sys_role_menu` VALUES ('1', '25');
INSERT INTO `sys_role_menu` VALUES ('1', '26');
INSERT INTO `sys_role_menu` VALUES ('1', '27');
INSERT INTO `sys_role_menu` VALUES ('1', '28');
INSERT INTO `sys_role_menu` VALUES ('1', '29');
INSERT INTO `sys_role_menu` VALUES ('1', '3');
INSERT INTO `sys_role_menu` VALUES ('1', '30');
INSERT INTO `sys_role_menu` VALUES ('1', '31');
INSERT INTO `sys_role_menu` VALUES ('1', '32');
INSERT INTO `sys_role_menu` VALUES ('1', '33');
INSERT INTO `sys_role_menu` VALUES ('1', '34');
INSERT INTO `sys_role_menu` VALUES ('1', '35');
INSERT INTO `sys_role_menu` VALUES ('1', '36');
INSERT INTO `sys_role_menu` VALUES ('1', '37');
INSERT INTO `sys_role_menu` VALUES ('1', '38');
INSERT INTO `sys_role_menu` VALUES ('1', '39');
INSERT INTO `sys_role_menu` VALUES ('1', '4');
INSERT INTO `sys_role_menu` VALUES ('1', '40');
INSERT INTO `sys_role_menu` VALUES ('1', '41');
INSERT INTO `sys_role_menu` VALUES ('1', '42');
INSERT INTO `sys_role_menu` VALUES ('1', '43');
INSERT INTO `sys_role_menu` VALUES ('1', '44');
INSERT INTO `sys_role_menu` VALUES ('1', '45');
INSERT INTO `sys_role_menu` VALUES ('1', '46');
INSERT INTO `sys_role_menu` VALUES ('1', '47');
INSERT INTO `sys_role_menu` VALUES ('1', '48');
INSERT INTO `sys_role_menu` VALUES ('1', '49');
INSERT INTO `sys_role_menu` VALUES ('1', '4b36a22566e14c259a2d83690ec80e9c');
INSERT INTO `sys_role_menu` VALUES ('1', '5');
INSERT INTO `sys_role_menu` VALUES ('1', '50');
INSERT INTO `sys_role_menu` VALUES ('1', '51');
INSERT INTO `sys_role_menu` VALUES ('1', '52');
INSERT INTO `sys_role_menu` VALUES ('1', '53');
INSERT INTO `sys_role_menu` VALUES ('1', '54');
INSERT INTO `sys_role_menu` VALUES ('1', '55');
INSERT INTO `sys_role_menu` VALUES ('1', '56');
INSERT INTO `sys_role_menu` VALUES ('1', '57');
INSERT INTO `sys_role_menu` VALUES ('1', '58');
INSERT INTO `sys_role_menu` VALUES ('1', '59');
INSERT INTO `sys_role_menu` VALUES ('1', '6');
INSERT INTO `sys_role_menu` VALUES ('1', '61');
INSERT INTO `sys_role_menu` VALUES ('1', '62');
INSERT INTO `sys_role_menu` VALUES ('1', '63');
INSERT INTO `sys_role_menu` VALUES ('1', '64');
INSERT INTO `sys_role_menu` VALUES ('1', '65');
INSERT INTO `sys_role_menu` VALUES ('1', '66');
INSERT INTO `sys_role_menu` VALUES ('1', '68');
INSERT INTO `sys_role_menu` VALUES ('1', '7');
INSERT INTO `sys_role_menu` VALUES ('1', '70');
INSERT INTO `sys_role_menu` VALUES ('1', '72');
INSERT INTO `sys_role_menu` VALUES ('1', '73');
INSERT INTO `sys_role_menu` VALUES ('1', '74');
INSERT INTO `sys_role_menu` VALUES ('1', '75');
INSERT INTO `sys_role_menu` VALUES ('1', '79');
INSERT INTO `sys_role_menu` VALUES ('1', '8');
INSERT INTO `sys_role_menu` VALUES ('1', '80');
INSERT INTO `sys_role_menu` VALUES ('1', '81');
INSERT INTO `sys_role_menu` VALUES ('1', '82');
INSERT INTO `sys_role_menu` VALUES ('1', '83');
INSERT INTO `sys_role_menu` VALUES ('1', '84');
INSERT INTO `sys_role_menu` VALUES ('1', '85');
INSERT INTO `sys_role_menu` VALUES ('1', '86');
INSERT INTO `sys_role_menu` VALUES ('1', '87');
INSERT INTO `sys_role_menu` VALUES ('1', '87f0c34a49124c4ba2ded6be653c4e4d');
INSERT INTO `sys_role_menu` VALUES ('1', '89');
INSERT INTO `sys_role_menu` VALUES ('1', '9');
INSERT INTO `sys_role_menu` VALUES ('1', '90');
INSERT INTO `sys_role_menu` VALUES ('2', '1');
INSERT INTO `sys_role_menu` VALUES ('2', '10');
INSERT INTO `sys_role_menu` VALUES ('2', '11');
INSERT INTO `sys_role_menu` VALUES ('2', '12');
INSERT INTO `sys_role_menu` VALUES ('2', '13');
INSERT INTO `sys_role_menu` VALUES ('2', '14');
INSERT INTO `sys_role_menu` VALUES ('2', '15');
INSERT INTO `sys_role_menu` VALUES ('2', '16');
INSERT INTO `sys_role_menu` VALUES ('2', '17');
INSERT INTO `sys_role_menu` VALUES ('2', '18');
INSERT INTO `sys_role_menu` VALUES ('2', '19');
INSERT INTO `sys_role_menu` VALUES ('2', '2');
INSERT INTO `sys_role_menu` VALUES ('2', '20');
INSERT INTO `sys_role_menu` VALUES ('2', '21');
INSERT INTO `sys_role_menu` VALUES ('2', '22');
INSERT INTO `sys_role_menu` VALUES ('2', '23');
INSERT INTO `sys_role_menu` VALUES ('2', '24');
INSERT INTO `sys_role_menu` VALUES ('2', '25');
INSERT INTO `sys_role_menu` VALUES ('2', '26');
INSERT INTO `sys_role_menu` VALUES ('2', '27');
INSERT INTO `sys_role_menu` VALUES ('2', '28');
INSERT INTO `sys_role_menu` VALUES ('2', '29');
INSERT INTO `sys_role_menu` VALUES ('2', '3');
INSERT INTO `sys_role_menu` VALUES ('2', '30');
INSERT INTO `sys_role_menu` VALUES ('2', '31');
INSERT INTO `sys_role_menu` VALUES ('2', '32');
INSERT INTO `sys_role_menu` VALUES ('2', '33');
INSERT INTO `sys_role_menu` VALUES ('2', '34');
INSERT INTO `sys_role_menu` VALUES ('2', '35');
INSERT INTO `sys_role_menu` VALUES ('2', '36');
INSERT INTO `sys_role_menu` VALUES ('2', '37');
INSERT INTO `sys_role_menu` VALUES ('2', '38');
INSERT INTO `sys_role_menu` VALUES ('2', '39');
INSERT INTO `sys_role_menu` VALUES ('2', '4');
INSERT INTO `sys_role_menu` VALUES ('2', '40');
INSERT INTO `sys_role_menu` VALUES ('2', '41');
INSERT INTO `sys_role_menu` VALUES ('2', '42');
INSERT INTO `sys_role_menu` VALUES ('2', '43');
INSERT INTO `sys_role_menu` VALUES ('2', '44');
INSERT INTO `sys_role_menu` VALUES ('2', '45');
INSERT INTO `sys_role_menu` VALUES ('2', '46');
INSERT INTO `sys_role_menu` VALUES ('2', '47');
INSERT INTO `sys_role_menu` VALUES ('2', '48');
INSERT INTO `sys_role_menu` VALUES ('2', '49');
INSERT INTO `sys_role_menu` VALUES ('2', '5');
INSERT INTO `sys_role_menu` VALUES ('2', '50');
INSERT INTO `sys_role_menu` VALUES ('2', '51');
INSERT INTO `sys_role_menu` VALUES ('2', '52');
INSERT INTO `sys_role_menu` VALUES ('2', '53');
INSERT INTO `sys_role_menu` VALUES ('2', '54');
INSERT INTO `sys_role_menu` VALUES ('2', '55');
INSERT INTO `sys_role_menu` VALUES ('2', '56');
INSERT INTO `sys_role_menu` VALUES ('2', '57');
INSERT INTO `sys_role_menu` VALUES ('2', '58');
INSERT INTO `sys_role_menu` VALUES ('2', '59');
INSERT INTO `sys_role_menu` VALUES ('2', '6');
INSERT INTO `sys_role_menu` VALUES ('2', '60');
INSERT INTO `sys_role_menu` VALUES ('2', '61');
INSERT INTO `sys_role_menu` VALUES ('2', '62');
INSERT INTO `sys_role_menu` VALUES ('2', '63');
INSERT INTO `sys_role_menu` VALUES ('2', '64');
INSERT INTO `sys_role_menu` VALUES ('2', '65');
INSERT INTO `sys_role_menu` VALUES ('2', '66');
INSERT INTO `sys_role_menu` VALUES ('2', '67');
INSERT INTO `sys_role_menu` VALUES ('2', '68');
INSERT INTO `sys_role_menu` VALUES ('2', '69');
INSERT INTO `sys_role_menu` VALUES ('2', '7');
INSERT INTO `sys_role_menu` VALUES ('2', '70');
INSERT INTO `sys_role_menu` VALUES ('2', '71');
INSERT INTO `sys_role_menu` VALUES ('2', '72');
INSERT INTO `sys_role_menu` VALUES ('2', '73');
INSERT INTO `sys_role_menu` VALUES ('2', '74');
INSERT INTO `sys_role_menu` VALUES ('2', '75');
INSERT INTO `sys_role_menu` VALUES ('2', '76');
INSERT INTO `sys_role_menu` VALUES ('2', '77');
INSERT INTO `sys_role_menu` VALUES ('2', '78');
INSERT INTO `sys_role_menu` VALUES ('2', '79');
INSERT INTO `sys_role_menu` VALUES ('2', '8');
INSERT INTO `sys_role_menu` VALUES ('2', '80');
INSERT INTO `sys_role_menu` VALUES ('2', '81');
INSERT INTO `sys_role_menu` VALUES ('2', '82');
INSERT INTO `sys_role_menu` VALUES ('2', '83');
INSERT INTO `sys_role_menu` VALUES ('2', '84');
INSERT INTO `sys_role_menu` VALUES ('2', '85');
INSERT INTO `sys_role_menu` VALUES ('2', '86');
INSERT INTO `sys_role_menu` VALUES ('2', '87');
INSERT INTO `sys_role_menu` VALUES ('2', '88');
INSERT INTO `sys_role_menu` VALUES ('2', '89');
INSERT INTO `sys_role_menu` VALUES ('2', '9');
INSERT INTO `sys_role_menu` VALUES ('2', '90');
INSERT INTO `sys_role_menu` VALUES ('3', '1');
INSERT INTO `sys_role_menu` VALUES ('3', '10');
INSERT INTO `sys_role_menu` VALUES ('3', '11');
INSERT INTO `sys_role_menu` VALUES ('3', '12');
INSERT INTO `sys_role_menu` VALUES ('3', '13');
INSERT INTO `sys_role_menu` VALUES ('3', '14');
INSERT INTO `sys_role_menu` VALUES ('3', '15');
INSERT INTO `sys_role_menu` VALUES ('3', '16');
INSERT INTO `sys_role_menu` VALUES ('3', '17');
INSERT INTO `sys_role_menu` VALUES ('3', '18');
INSERT INTO `sys_role_menu` VALUES ('3', '19');
INSERT INTO `sys_role_menu` VALUES ('3', '2');
INSERT INTO `sys_role_menu` VALUES ('3', '20');
INSERT INTO `sys_role_menu` VALUES ('3', '21');
INSERT INTO `sys_role_menu` VALUES ('3', '22');
INSERT INTO `sys_role_menu` VALUES ('3', '23');
INSERT INTO `sys_role_menu` VALUES ('3', '24');
INSERT INTO `sys_role_menu` VALUES ('3', '25');
INSERT INTO `sys_role_menu` VALUES ('3', '26');
INSERT INTO `sys_role_menu` VALUES ('3', '27');
INSERT INTO `sys_role_menu` VALUES ('3', '28');
INSERT INTO `sys_role_menu` VALUES ('3', '29');
INSERT INTO `sys_role_menu` VALUES ('3', '3');
INSERT INTO `sys_role_menu` VALUES ('3', '30');
INSERT INTO `sys_role_menu` VALUES ('3', '31');
INSERT INTO `sys_role_menu` VALUES ('3', '32');
INSERT INTO `sys_role_menu` VALUES ('3', '33');
INSERT INTO `sys_role_menu` VALUES ('3', '34');
INSERT INTO `sys_role_menu` VALUES ('3', '35');
INSERT INTO `sys_role_menu` VALUES ('3', '36');
INSERT INTO `sys_role_menu` VALUES ('3', '37');
INSERT INTO `sys_role_menu` VALUES ('3', '38');
INSERT INTO `sys_role_menu` VALUES ('3', '39');
INSERT INTO `sys_role_menu` VALUES ('3', '4');
INSERT INTO `sys_role_menu` VALUES ('3', '40');
INSERT INTO `sys_role_menu` VALUES ('3', '41');
INSERT INTO `sys_role_menu` VALUES ('3', '42');
INSERT INTO `sys_role_menu` VALUES ('3', '43');
INSERT INTO `sys_role_menu` VALUES ('3', '44');
INSERT INTO `sys_role_menu` VALUES ('3', '45');
INSERT INTO `sys_role_menu` VALUES ('3', '46');
INSERT INTO `sys_role_menu` VALUES ('3', '47');
INSERT INTO `sys_role_menu` VALUES ('3', '48');
INSERT INTO `sys_role_menu` VALUES ('3', '49');
INSERT INTO `sys_role_menu` VALUES ('3', '5');
INSERT INTO `sys_role_menu` VALUES ('3', '50');
INSERT INTO `sys_role_menu` VALUES ('3', '51');
INSERT INTO `sys_role_menu` VALUES ('3', '52');
INSERT INTO `sys_role_menu` VALUES ('3', '53');
INSERT INTO `sys_role_menu` VALUES ('3', '54');
INSERT INTO `sys_role_menu` VALUES ('3', '55');
INSERT INTO `sys_role_menu` VALUES ('3', '56');
INSERT INTO `sys_role_menu` VALUES ('3', '57');
INSERT INTO `sys_role_menu` VALUES ('3', '58');
INSERT INTO `sys_role_menu` VALUES ('3', '59');
INSERT INTO `sys_role_menu` VALUES ('3', '6');
INSERT INTO `sys_role_menu` VALUES ('3', '60');
INSERT INTO `sys_role_menu` VALUES ('3', '61');
INSERT INTO `sys_role_menu` VALUES ('3', '62');
INSERT INTO `sys_role_menu` VALUES ('3', '63');
INSERT INTO `sys_role_menu` VALUES ('3', '64');
INSERT INTO `sys_role_menu` VALUES ('3', '65');
INSERT INTO `sys_role_menu` VALUES ('3', '66');
INSERT INTO `sys_role_menu` VALUES ('3', '67');
INSERT INTO `sys_role_menu` VALUES ('3', '68');
INSERT INTO `sys_role_menu` VALUES ('3', '69');
INSERT INTO `sys_role_menu` VALUES ('3', '7');
INSERT INTO `sys_role_menu` VALUES ('3', '70');
INSERT INTO `sys_role_menu` VALUES ('3', '71');
INSERT INTO `sys_role_menu` VALUES ('3', '72');
INSERT INTO `sys_role_menu` VALUES ('3', '73');
INSERT INTO `sys_role_menu` VALUES ('3', '74');
INSERT INTO `sys_role_menu` VALUES ('3', '75');
INSERT INTO `sys_role_menu` VALUES ('3', '76');
INSERT INTO `sys_role_menu` VALUES ('3', '77');
INSERT INTO `sys_role_menu` VALUES ('3', '78');
INSERT INTO `sys_role_menu` VALUES ('3', '79');
INSERT INTO `sys_role_menu` VALUES ('3', '8');
INSERT INTO `sys_role_menu` VALUES ('3', '80');
INSERT INTO `sys_role_menu` VALUES ('3', '81');
INSERT INTO `sys_role_menu` VALUES ('3', '82');
INSERT INTO `sys_role_menu` VALUES ('3', '83');
INSERT INTO `sys_role_menu` VALUES ('3', '84');
INSERT INTO `sys_role_menu` VALUES ('3', '85');
INSERT INTO `sys_role_menu` VALUES ('3', '86');
INSERT INTO `sys_role_menu` VALUES ('3', '87');
INSERT INTO `sys_role_menu` VALUES ('3', '88');
INSERT INTO `sys_role_menu` VALUES ('3', '89');
INSERT INTO `sys_role_menu` VALUES ('3', '9');
INSERT INTO `sys_role_menu` VALUES ('3', '90');

-- ----------------------------
-- Table structure for sys_role_office
-- ----------------------------
DROP TABLE IF EXISTS `sys_role_office`;
CREATE TABLE `sys_role_office` (
  `role_id` varchar(64) COLLATE utf8_bin NOT NULL COMMENT '角色编号',
  `office_id` varchar(64) COLLATE utf8_bin NOT NULL COMMENT '机构编号',
  PRIMARY KEY (`role_id`,`office_id`)
) ENGINE=InnoDB DEFAULT CHARSET=utf8 COLLATE=utf8_bin COMMENT='角色-机构';

-- ----------------------------
-- Records of sys_role_office
-- ----------------------------
INSERT INTO `sys_role_office` VALUES ('7', '10');
INSERT INTO `sys_role_office` VALUES ('7', '11');
INSERT INTO `sys_role_office` VALUES ('7', '12');
INSERT INTO `sys_role_office` VALUES ('7', '13');
INSERT INTO `sys_role_office` VALUES ('7', '14');
INSERT INTO `sys_role_office` VALUES ('7', '15');
INSERT INTO `sys_role_office` VALUES ('7', '16');
INSERT INTO `sys_role_office` VALUES ('7', '17');
INSERT INTO `sys_role_office` VALUES ('7', '18');
INSERT INTO `sys_role_office` VALUES ('7', '19');
INSERT INTO `sys_role_office` VALUES ('7', '20');
INSERT INTO `sys_role_office` VALUES ('7', '21');
INSERT INTO `sys_role_office` VALUES ('7', '22');
INSERT INTO `sys_role_office` VALUES ('7', '23');
INSERT INTO `sys_role_office` VALUES ('7', '24');
INSERT INTO `sys_role_office` VALUES ('7', '25');
INSERT INTO `sys_role_office` VALUES ('7', '26');
INSERT INTO `sys_role_office` VALUES ('7', '7');
INSERT INTO `sys_role_office` VALUES ('7', '8');
INSERT INTO `sys_role_office` VALUES ('7', '9');

-- ----------------------------
-- Table structure for sys_schedule_job
-- ----------------------------
DROP TABLE IF EXISTS `sys_schedule_job`;
CREATE TABLE `sys_schedule_job` (
  `id` varchar(64) CHARACTER SET utf8 COLLATE utf8_bin NOT NULL COMMENT '编号',
  `job_name` varchar(255) DEFAULT NULL COMMENT '任务名称',
  `job_group` varchar(255) DEFAULT NULL COMMENT '任务分组',
  `job_status` varchar(255) DEFAULT NULL COMMENT '任务状态',
  `cron_expression` varchar(255) DEFAULT NULL COMMENT 'cron表达式',
  `description` varchar(255) DEFAULT NULL COMMENT '描述',
  `bean_class` varchar(255) DEFAULT NULL COMMENT '执行class类',
  `is_concurrent` varchar(255) DEFAULT NULL COMMENT '是否同步',
  `spring_id` varchar(255) DEFAULT NULL COMMENT 'spring_id',
  `method_name` varchar(255) DEFAULT NULL COMMENT '方法名称',
  `create_by` varchar(64) CHARACTER SET utf8 COLLATE utf8_bin NOT NULL COMMENT '创建者',
  `create_date` datetime NOT NULL COMMENT '创建时间',
  `update_by` varchar(64) CHARACTER SET utf8 COLLATE utf8_bin NOT NULL COMMENT '更新者',
  `update_date` datetime NOT NULL COMMENT '更新时间',
  `remarks` varchar(255) CHARACTER SET utf8 COLLATE utf8_bin DEFAULT NULL COMMENT '备注信息',
  `del_flag` char(1) CHARACTER SET utf8 COLLATE utf8_bin NOT NULL DEFAULT '0' COMMENT '删除标记',
  PRIMARY KEY (`id`)
) ENGINE=InnoDB DEFAULT CHARSET=utf8;

-- ----------------------------
-- Records of sys_schedule_job
-- ----------------------------
INSERT INTO `sys_schedule_job` VALUES ('6963670914b147529a537209e3f9fe9a', '测试', '测试分组', '0', '0 0/1 * * * ?', '定时任务测试', 'com.thinkgem.jeesite.modules.sys.task.QuartzJobTest', '1', '', 'testJob', '1', '2016-11-24 19:28:53', '1', '2016-11-25 14:11:50', '', '0');

-- ----------------------------
-- Table structure for sys_user
-- ----------------------------
DROP TABLE IF EXISTS `sys_user`;
CREATE TABLE `sys_user` (
  `id` varchar(64) COLLATE utf8_bin NOT NULL COMMENT '编号',
  `company_id` varchar(64) COLLATE utf8_bin NOT NULL COMMENT '归属公司',
  `office_id` varchar(64) COLLATE utf8_bin NOT NULL COMMENT '归属部门',
  `login_name` varchar(100) COLLATE utf8_bin NOT NULL COMMENT '登录名',
  `password` varchar(100) COLLATE utf8_bin NOT NULL COMMENT '密码',
  `no` varchar(100) COLLATE utf8_bin DEFAULT NULL COMMENT '工号',
  `name` varchar(100) COLLATE utf8_bin NOT NULL COMMENT '姓名',
  `email` varchar(200) COLLATE utf8_bin DEFAULT NULL COMMENT '邮箱',
  `phone` varchar(200) COLLATE utf8_bin DEFAULT NULL COMMENT '电话',
  `mobile` varchar(200) COLLATE utf8_bin DEFAULT NULL COMMENT '手机',
  `user_type` char(1) COLLATE utf8_bin DEFAULT NULL COMMENT '用户类型',
  `photo` varchar(1000) COLLATE utf8_bin DEFAULT NULL COMMENT '用户头像',
  `login_ip` varchar(100) COLLATE utf8_bin DEFAULT NULL COMMENT '最后登陆IP',
  `login_date` datetime DEFAULT NULL COMMENT '最后登陆时间',
  `login_flag` varchar(64) COLLATE utf8_bin DEFAULT NULL COMMENT '是否可登录',
  `create_by` varchar(64) COLLATE utf8_bin NOT NULL COMMENT '创建者',
  `create_date` datetime NOT NULL COMMENT '创建时间',
  `update_by` varchar(64) COLLATE utf8_bin NOT NULL COMMENT '更新者',
  `update_date` datetime NOT NULL COMMENT '更新时间',
  `remarks` varchar(255) COLLATE utf8_bin DEFAULT NULL COMMENT '备注信息',
  `del_flag` char(1) COLLATE utf8_bin NOT NULL DEFAULT '0' COMMENT '删除标记',
  PRIMARY KEY (`id`),
  KEY `sys_user_office_id` (`office_id`),
  KEY `sys_user_login_name` (`login_name`),
  KEY `sys_user_company_id` (`company_id`),
  KEY `sys_user_update_date` (`update_date`),
  KEY `sys_user_del_flag` (`del_flag`)
) ENGINE=InnoDB DEFAULT CHARSET=utf8 COLLATE=utf8_bin COMMENT='用户表';

-- ----------------------------
-- Records of sys_user
-- ----------------------------
INSERT INTO `sys_user` VALUES ('1', '1', '2', 'thinkgem', '02a3f0772fcca9f415adc990734b45c6f059c7d33ee28362c4852032', '0001', '系统管理员', 'thinkgem@163.com', '8675', '8675', null, null, '0:0:0:0:0:0:0:1', '2017-03-20 09:35:52', '1', '1', '2013-05-27 08:00:00', '1', '2013-05-27 08:00:00', '最高管理员', '0');
INSERT INTO `sys_user` VALUES ('10', '7', '11', 'jn_jsb', '02a3f0772fcca9f415adc990734b45c6f059c7d33ee28362c4852032', '0010', '济南技术部', null, null, null, null, null, null, null, '1', '1', '2013-05-27 08:00:00', '1', '2013-05-27 08:00:00', null, '0');
INSERT INTO `sys_user` VALUES ('11', '12', '13', 'lc_admin', '02a3f0772fcca9f415adc990734b45c6f059c7d33ee28362c4852032', '0011', '济南历城领导', null, null, null, null, null, null, null, '1', '1', '2013-05-27 08:00:00', '1', '2013-05-27 08:00:00', null, '0');
INSERT INTO `sys_user` VALUES ('12', '12', '18', 'lx_admin', '02a3f0772fcca9f415adc990734b45c6f059c7d33ee28362c4852032', '0012', '济南历下领导', null, null, null, null, null, null, null, '1', '1', '2013-05-27 08:00:00', '1', '2013-05-27 08:00:00', null, '0');
INSERT INTO `sys_user` VALUES ('13', '22', '23', 'gx_admin', '02a3f0772fcca9f415adc990734b45c6f059c7d33ee28362c4852032', '0013', '济南高新领导', null, null, null, null, null, null, null, '1', '1', '2013-05-27 08:00:00', '1', '2013-05-27 08:00:00', null, '0');
INSERT INTO `sys_user` VALUES ('2', '1', '2', 'sd_admin', '9e6a16fb3cb334dea184d72b74879c3057a72c27c12828c8353f49be', '0002', '管理员', '', '', '', '', '', '0:0:0:0:0:0:0:1', '2017-03-20 09:36:41', '1', '1', '2013-05-27 08:00:00', '1', '2017-03-20 09:36:28', '', '0');
INSERT INTO `sys_user` VALUES ('3', '1', '3', 'sd_zhb', '02a3f0772fcca9f415adc990734b45c6f059c7d33ee28362c4852032', '0003', '综合部', null, null, null, null, null, '0:0:0:0:0:0:0:1', '2017-03-09 13:45:59', '1', '1', '2013-05-27 08:00:00', '1', '2013-05-27 08:00:00', null, '0');
INSERT INTO `sys_user` VALUES ('4', '1', '4', 'sd_scb', '02a3f0772fcca9f415adc990734b45c6f059c7d33ee28362c4852032', '0004', '市场部', null, null, null, null, null, null, null, '1', '1', '2013-05-27 08:00:00', '1', '2013-05-27 08:00:00', null, '0');
INSERT INTO `sys_user` VALUES ('5', '1', '5', 'sd_jsb', '02a3f0772fcca9f415adc990734b45c6f059c7d33ee28362c4852032', '0005', '技术部', null, null, null, null, null, null, null, '1', '1', '2013-05-27 08:00:00', '1', '2013-05-27 08:00:00', null, '0');
INSERT INTO `sys_user` VALUES ('6', '1', '6', 'sd_yfb', '02a3f0772fcca9f415adc990734b45c6f059c7d33ee28362c4852032', '0006', '研发部', null, null, null, null, null, '0:0:0:0:0:0:0:1', '2017-03-09 13:45:28', '1', '1', '2013-05-27 08:00:00', '1', '2013-05-27 08:00:00', null, '0');
INSERT INTO `sys_user` VALUES ('7', '7', '8', 'jn_admin', '02a3f0772fcca9f415adc990734b45c6f059c7d33ee28362c4852032', '0007', '济南领导', null, null, null, null, null, null, null, '1', '1', '2013-05-27 08:00:00', '1', '2013-05-27 08:00:00', null, '0');
INSERT INTO `sys_user` VALUES ('8', '7', '9', 'jn_zhb', '02a3f0772fcca9f415adc990734b45c6f059c7d33ee28362c4852032', '0008', '济南综合部', null, null, null, null, null, '0:0:0:0:0:0:0:1', '2017-03-09 13:36:06', '1', '1', '2013-05-27 08:00:00', '1', '2013-05-27 08:00:00', null, '0');
INSERT INTO `sys_user` VALUES ('9', '7', '10', 'jn_scb', '02a3f0772fcca9f415adc990734b45c6f059c7d33ee28362c4852032', '0009', '济南市场部', null, null, null, null, null, null, null, '1', '1', '2013-05-27 08:00:00', '1', '2013-05-27 08:00:00', null, '0');

-- ----------------------------
-- Table structure for sys_user_role
-- ----------------------------
DROP TABLE IF EXISTS `sys_user_role`;
CREATE TABLE `sys_user_role` (
  `user_id` varchar(64) COLLATE utf8_bin NOT NULL COMMENT '用户编号',
  `role_id` varchar(64) COLLATE utf8_bin NOT NULL COMMENT '角色编号',
  PRIMARY KEY (`user_id`,`role_id`)
) ENGINE=InnoDB DEFAULT CHARSET=utf8 COLLATE=utf8_bin COMMENT='用户-角色';

-- ----------------------------
-- Records of sys_user_role
-- ----------------------------
INSERT INTO `sys_user_role` VALUES ('1', '1');
INSERT INTO `sys_user_role` VALUES ('1', '2');
INSERT INTO `sys_user_role` VALUES ('10', '2');
INSERT INTO `sys_user_role` VALUES ('11', '3');
INSERT INTO `sys_user_role` VALUES ('12', '4');
INSERT INTO `sys_user_role` VALUES ('13', '5');
INSERT INTO `sys_user_role` VALUES ('14', '6');
INSERT INTO `sys_user_role` VALUES ('2', '1');
INSERT INTO `sys_user_role` VALUES ('3', '2');
INSERT INTO `sys_user_role` VALUES ('4', '3');
INSERT INTO `sys_user_role` VALUES ('5', '4');
INSERT INTO `sys_user_role` VALUES ('6', '5');
INSERT INTO `sys_user_role` VALUES ('7', '2');
INSERT INTO `sys_user_role` VALUES ('7', '7');
INSERT INTO `sys_user_role` VALUES ('8', '2');
INSERT INTO `sys_user_role` VALUES ('9', '1');

-- ----------------------------
-- Table structure for test_data
-- ----------------------------
DROP TABLE IF EXISTS `test_data`;
CREATE TABLE `test_data` (
  `id` varchar(64) COLLATE utf8_bin NOT NULL COMMENT '编号',
  `user_id` varchar(64) COLLATE utf8_bin DEFAULT NULL COMMENT '归属用户',
  `office_id` varchar(64) COLLATE utf8_bin DEFAULT NULL COMMENT '归属部门',
  `area_id` varchar(64) COLLATE utf8_bin DEFAULT NULL COMMENT '归属区域',
  `name` varchar(100) COLLATE utf8_bin DEFAULT NULL COMMENT '名称',
  `sex` char(1) COLLATE utf8_bin DEFAULT NULL COMMENT '性别',
  `in_date` date DEFAULT NULL COMMENT '加入日期',
  `create_by` varchar(64) COLLATE utf8_bin NOT NULL COMMENT '创建者',
  `create_date` datetime NOT NULL COMMENT '创建时间',
  `update_by` varchar(64) COLLATE utf8_bin NOT NULL COMMENT '更新者',
  `update_date` datetime NOT NULL COMMENT '更新时间',
  `remarks` varchar(255) COLLATE utf8_bin DEFAULT NULL COMMENT '备注信息',
  `del_flag` char(1) COLLATE utf8_bin NOT NULL DEFAULT '0' COMMENT '删除标记',
  PRIMARY KEY (`id`),
  KEY `test_data_del_flag` (`del_flag`)
) ENGINE=InnoDB DEFAULT CHARSET=utf8 COLLATE=utf8_bin COMMENT='业务数据表';

-- ----------------------------
-- Records of test_data
-- ----------------------------

-- ----------------------------
-- Table structure for test_data_child
-- ----------------------------
DROP TABLE IF EXISTS `test_data_child`;
CREATE TABLE `test_data_child` (
  `id` varchar(64) COLLATE utf8_bin NOT NULL COMMENT '编号',
  `test_data_main_id` varchar(64) COLLATE utf8_bin DEFAULT NULL COMMENT '业务主表ID',
  `name` varchar(100) COLLATE utf8_bin DEFAULT NULL COMMENT '名称',
  `create_by` varchar(64) COLLATE utf8_bin NOT NULL COMMENT '创建者',
  `create_date` datetime NOT NULL COMMENT '创建时间',
  `update_by` varchar(64) COLLATE utf8_bin NOT NULL COMMENT '更新者',
  `update_date` datetime NOT NULL COMMENT '更新时间',
  `remarks` varchar(255) COLLATE utf8_bin DEFAULT NULL COMMENT '备注信息',
  `del_flag` char(1) COLLATE utf8_bin NOT NULL DEFAULT '0' COMMENT '删除标记',
  PRIMARY KEY (`id`),
  KEY `test_data_child_del_flag` (`del_flag`)
) ENGINE=InnoDB DEFAULT CHARSET=utf8 COLLATE=utf8_bin COMMENT='业务数据子表';

-- ----------------------------
-- Records of test_data_child
-- ----------------------------

-- ----------------------------
-- Table structure for test_data_main
-- ----------------------------
DROP TABLE IF EXISTS `test_data_main`;
CREATE TABLE `test_data_main` (
  `id` varchar(64) COLLATE utf8_bin NOT NULL COMMENT '编号',
  `user_id` varchar(64) COLLATE utf8_bin DEFAULT NULL COMMENT '归属用户',
  `office_id` varchar(64) COLLATE utf8_bin DEFAULT NULL COMMENT '归属部门',
  `area_id` varchar(64) COLLATE utf8_bin DEFAULT NULL COMMENT '归属区域',
  `name` varchar(100) COLLATE utf8_bin DEFAULT NULL COMMENT '名称',
  `sex` char(1) COLLATE utf8_bin DEFAULT NULL COMMENT '性别',
  `in_date` date DEFAULT NULL COMMENT '加入日期',
  `create_by` varchar(64) COLLATE utf8_bin NOT NULL COMMENT '创建者',
  `create_date` datetime NOT NULL COMMENT '创建时间',
  `update_by` varchar(64) COLLATE utf8_bin NOT NULL COMMENT '更新者',
  `update_date` datetime NOT NULL COMMENT '更新时间',
  `remarks` varchar(255) COLLATE utf8_bin DEFAULT NULL COMMENT '备注信息',
  `del_flag` char(1) COLLATE utf8_bin NOT NULL DEFAULT '0' COMMENT '删除标记',
  PRIMARY KEY (`id`),
  KEY `test_data_main_del_flag` (`del_flag`)
) ENGINE=InnoDB DEFAULT CHARSET=utf8 COLLATE=utf8_bin COMMENT='业务数据表';

-- ----------------------------
-- Records of test_data_main
-- ----------------------------

-- ----------------------------
-- Table structure for test_tree
-- ----------------------------
DROP TABLE IF EXISTS `test_tree`;
CREATE TABLE `test_tree` (
  `id` varchar(64) COLLATE utf8_bin NOT NULL COMMENT '编号',
  `parent_id` varchar(64) COLLATE utf8_bin NOT NULL COMMENT '父级编号',
  `parent_ids` varchar(2000) COLLATE utf8_bin NOT NULL COMMENT '所有父级编号',
  `name` varchar(100) COLLATE utf8_bin NOT NULL COMMENT '名称',
  `sort` decimal(10,0) NOT NULL COMMENT '排序',
  `create_by` varchar(64) COLLATE utf8_bin NOT NULL COMMENT '创建者',
  `create_date` datetime NOT NULL COMMENT '创建时间',
  `update_by` varchar(64) COLLATE utf8_bin NOT NULL COMMENT '更新者',
  `update_date` datetime NOT NULL COMMENT '更新时间',
  `remarks` varchar(255) COLLATE utf8_bin DEFAULT NULL COMMENT '备注信息',
  `del_flag` char(1) COLLATE utf8_bin NOT NULL DEFAULT '0' COMMENT '删除标记',
  PRIMARY KEY (`id`),
  KEY `test_tree_del_flag` (`del_flag`),
  KEY `test_data_parent_id` (`parent_id`)
) ENGINE=InnoDB DEFAULT CHARSET=utf8 COLLATE=utf8_bin COMMENT='树结构表';

-- ----------------------------
-- Records of test_tree
-- ----------------------------

-- ----------------------------
-- View structure for v_sys_user
-- ----------------------------
DROP VIEW IF EXISTS `v_sys_user`;
CREATE ALGORITHM=UNDEFINED DEFINER=`jeesite`@`%` SQL SECURITY DEFINER  VIEW `v_sys_user` AS select `sys_user`.`id` AS `id`,`sys_user`.`company_id` AS `company_id`,`sys_user`.`office_id` AS `office_id`,`sys_user`.`login_name` AS `login_name`,`sys_user`.`password` AS `password`,`sys_user`.`no` AS `no`,`sys_user`.`name` AS `name`,`sys_user`.`email` AS `email`,`sys_user`.`phone` AS `phone`,`sys_user`.`mobile` AS `mobile`,`sys_user`.`user_type` AS `user_type`,`sys_user`.`photo` AS `photo`,`sys_user`.`login_ip` AS `login_ip`,`sys_user`.`login_date` AS `login_date`,`sys_user`.`login_flag` AS `login_flag`,`sys_user`.`create_by` AS `create_by`,`sys_user`.`create_date` AS `create_date`,`sys_user`.`update_by` AS `update_by`,`sys_user`.`update_date` AS `update_date`,`sys_user`.`remarks` AS `remarks`,`sys_user`.`del_flag` AS `del_flag` from `sys_user` ;
